============================= test session starts ==============================
platform darwin -- Python 3.12.13, pytest-9.1.0, pluggy-1.6.0 -- /Users/bagouze/Repositories/01-code_projects/kreek/tests/e2e/.venv/bin/python
cachedir: .pytest_cache
rootdir: /Users/bagouze/Repositories/01-code_projects/kreek/tests/e2e
configfile: pyproject.toml
plugins: base-url-2.1.0, playwright-0.8.0
collecting ... collected 393 items

test_accueil_derniers_resultats.py::test_widget_affiche_les_resultats_de_plusieurs_competitions[chromium] PASSED [  0%]
test_annuler_un_rapport.py::test_annuler_un_rapport_programme_remet_la_rencontre_a_venir[chromium] PASSED [  0%]
test_annuler_un_rapport.py::test_annuler_un_rapport_manuel_efface_sa_ligne[chromium] PASSED [  0%]
test_auth_coach_name_casse.py::test_connexion_avec_le_nom_de_coach_dans_une_autre_casse[chromium] PASSED [  1%]
test_auth_coach_name_casse.py::test_mot_de_passe_errone_reste_refuse[chromium] PASSED [  1%]
test_auth_coach_name_casse.py::test_mot_de_passe_oublie_retrouve_le_compte_dans_une_autre_casse[chromium] PASSED [  1%]
test_auth_coach_name_casse.py::test_inscription_refuse_un_nom_deja_pris_dans_une_autre_casse[chromium] PASSED [  1%]
test_build_and_finalize_team.py::test_build_and_finalize_with_spp[chromium] PASSED [  2%]
test_coach_selector.py::test_widget_loads_search_results[chromium] PASSED [  2%]
test_coach_selector.py::test_select_coach_adds_badge_and_hidden_input[chromium] PASSED [  2%]
test_coach_selector.py::test_selected_coach_excluded_from_results[chromium] PASSED [  2%]
test_coach_selector.py::test_multi_select_then_remove_restores_count[chromium] PASSED [  3%]
test_coach_selector.py::test_admin_ids_are_sent_to_server_on_submit[chromium] PASSED [  3%]
test_competition_admin_acces.py::test_les_treize_routes_refusent_un_membre_simple[chromium] PASSED [  3%]
test_competition_admin_acces.py::test_un_administrateur_n_est_pas_refuse[chromium] PASSED [  3%]
test_competition_admin_acces.py::test_une_journee_d_une_autre_saison_est_hors_de_portee[chromium] PASSED [  4%]
test_competition_admin_acces.py::test_un_appariement_d_une_autre_saison_est_hors_de_portee[chromium] PASSED [  4%]
test_competition_admin_acces.py::test_un_groupe_d_une_autre_saison_est_hors_de_portee[chromium] PASSED [  4%]
test_competition_admin_acces.py::test_la_saison_doit_appartenir_a_la_competition_du_chemin[chromium] PASSED [  4%]
test_competition_admin_enrollments.py::test_ouvrir_l_administration_mene_au_resume[chromium] PASSED [  5%]
test_competition_admin_enrollments.py::test_l_onglet_parametres_s_ouvre_sur_ses_conteneurs[chromium] PASSED [  5%]
test_competition_admin_enrollments.py::test_renommer_une_competition_depuis_les_parametres[chromium] PASSED [  5%]
test_competition_admin_enrollments.py::test_un_nom_deja_pris_s_affiche_sous_le_champ[chromium] PASSED [  5%]
test_competition_admin_enrollments.py::test_l_onglet_parametres_est_garde[chromium] PASSED [  6%]
test_competition_admin_enrollments.py::test_les_onglets_retires_ne_repondent_plus[chromium] PASSED [  6%]
test_competition_admin_enrollments.py::test_enrollments_tab_loads[chromium] PASSED [  6%]
test_competition_admin_enrollments.py::test_enrollments_shows_empty_states[chromium] PASSED [  6%]
test_competition_admin_settings.py::test_un_membre_simple_est_refuse_en_lecture[chromium-] PASSED [  7%]
test_competition_admin_settings.py::test_un_membre_simple_est_refuse_en_ecriture[chromium-general] PASSED [  7%]
test_competition_admin_settings.py::test_les_onze_routes_sont_bien_onze[chromium] PASSED [  7%]
test_competition_admin_settings.py::test_un_admin_de_competition_qui_n_est_pas_admin_d_espace_ouvre_les_panneaux[chromium] PASSED [  7%]
test_competition_admin_settings.py::test_un_admin_d_espace_qui_n_est_pas_membre_de_la_competition_ouvre_les_panneaux[chromium] PASSED [  8%]
test_competition_admin_settings.py::test_l_onglet_remplit_ses_cinq_panneaux[chromium] PASSED [  8%]
test_competition_admin_settings.py::test_aucun_panneau_ne_fait_regresser_la_saison[chromium-general] PASSED [  8%]
test_competition_admin_settings.py::test_les_boutons_d_enregistrement_ne_remplissent_pas_leur_panneau[chromium] PASSED [  8%]
test_competition_full_lifecycle.py::test_full_competition_lifecycle_produces_enrolled_teams_and_schedule[chromium] PASSED [  9%]
test_competition_matchs.py::test_s1_classement_actif_par_defaut[chromium] PASSED [  9%]
test_competition_matchs.py::test_s2_switch_vers_resultats_desactive_classement[chromium] PASSED [  9%]
test_competition_matchs.py::test_r1_clic_resultats_charge_fragment[chromium] PASSED [  9%]
test_competition_matchs.py::test_r8_navigation_directe_url_resultats[chromium] PASSED [ 10%]
test_competition_matchs.py::test_c1_clic_calendrier_charge_fragment[chromium] PASSED [ 10%]
test_competition_matchs.py::test_c6_navigation_directe_url_calendrier[chromium] PASSED [ 10%]
test_competition_matchs.py::test_r1_etat_vide_resultats_sans_matchs[chromium] PASSED [ 10%]
test_competition_matchs.py::test_c1_etat_vide_calendrier_sans_matchs[chromium] PASSED [ 11%]
test_competition_matchs.py::test_c7_clic_ligne_calendrier_ouvre_la_saisie_du_rapport[chromium] PASSED [ 11%]
test_competition_presences.py::test_j1_lancer_une_campagne_met_toutes_les_equipes_en_sans_reponse[chromium] PASSED [ 11%]
test_competition_presences.py::test_j1_poser_une_presence_a_la_main_laisse_son_badge[chromium] PASSED [ 11%]
test_competition_presences.py::test_j2_clore_puis_poser_encore_une_reponse[chromium] PASSED [ 12%]
test_competition_presences.py::test_j3_un_seul_present_desactive_le_bouton_et_affiche_son_motif[chromium] PASSED [ 12%]
test_competition_presences.py::test_j4_tirer_puis_valider_ecrit_les_rencontres_au_calendrier[chromium] PASSED [ 12%]
test_competition_presences.py::test_j4_une_defection_apres_le_tirage_propose_sans_agir[chromium] PASSED [ 12%]
test_competition_presences.py::test_j4_valider_la_reparation_ne_touche_que_la_rencontre_concernee[chromium] PASSED [ 13%]
test_competition_presences.py::test_j5_vider_la_journee_au_calendrier_ramene_l_onglet_a_clos[chromium] PASSED [ 13%]
test_competition_rules_bonus.py::test_bonus_inputs_round_trip[chromium] PASSED [ 13%]
test_competition_rules_tiebreakers.py::test_catalogue_lists_the_seven_criteria_without_red_cards[chromium] PASSED [ 13%]
test_competition_rules_tiebreakers.py::test_unchecking_renumbers_only_active_criteria[chromium] PASSED [ 14%]
test_competition_rules_tiebreakers.py::test_submit_is_blocked_when_no_criterion_is_active[chromium] PASSED [ 14%]
test_competition_rules_tiebreakers.py::test_order_and_activation_round_trip[chromium] PASSED [ 14%]
test_competition_settings_pools.py::test_retirer_une_poule_desaffecte_ses_equipes[chromium] PASSED [ 15%]
test_competition_settings_pools.py::test_le_calendrier_survit_a_l_enregistrement[chromium] PASSED [ 15%]
test_competition_settings_pools.py::test_retirer_toutes_les_poules_est_autorise[chromium] PASSED [ 15%]
test_competition_settings_pools.py::test_une_poule_neuve_recoit_son_identifiant_du_serveur[chromium] PASSED [ 15%]
test_competition_settings_pools.py::test_un_ecart_de_longueur_est_refuse[chromium] PASSED [ 16%]
test_competition_settings_pools.py::test_le_panneau_est_garde[chromium] PASSED [ 16%]
test_competition_settings_ranking.py::test_changer_le_bareme_recalcule_le_classement_publie[chromium] PASSED [ 16%]
test_competition_settings_ranking.py::test_le_bareme_enregistre_survit_au_rechargement[chromium] PASSED [ 16%]
test_competition_settings_ranking.py::test_les_tiers_survivent_a_un_changement_de_bareme[chromium] PASSED [ 17%]
test_competition_settings_ranking.py::test_un_bareme_hors_bornes_est_refuse_par_la_deserialisation[chromium] PASSED [ 17%]
test_competition_settings_ranking.py::test_le_panneau_est_garde[chromium] PASSED [ 17%]
test_competition_settings_tiers.py::test_retirer_un_coup_de_pouce_l_enregistre[chromium] PASSED [ 17%]
test_competition_settings_tiers.py::test_enregistrer_sans_rien_toucher_ne_vide_pas_les_coups_de_pouce[chromium] PASSED [ 18%]
test_competition_settings_tiers.py::test_les_champs_figes_sont_refuses_par_le_domaine[chromium] PASSED [ 18%]
test_competition_settings_tiers.py::test_le_panneau_est_garde[chromium] PASSED [ 18%]
test_competition_settings_visibility.py::test_ouvrir_la_competition_conserve_les_coachs_invites[chromium] PASSED [ 18%]
test_competition_settings_visibility.py::test_l_echeance_et_le_plafond_traversent_l_enregistrement[chromium] PASSED [ 19%]
test_competition_settings_visibility.py::test_la_saison_reste_prete_apres_un_changement_de_visibilite[chromium] PASSED [ 19%]
test_competition_settings_visibility.py::test_les_reglages_de_notification_ne_sont_pas_touches[chromium] PASSED [ 19%]
test_competition_settings_visibility.py::test_une_valeur_inconnue_est_refusee_sans_rien_ecrire[chromium-access_mode-publique] PASSED [ 19%]
test_competition_settings_visibility.py::test_le_compteur_d_invites_est_affiche[chromium] PASSED [ 20%]
test_competition_settings_visibility.py::test_le_panneau_est_garde[chromium] PASSED [ 20%]
test_competition_structure_step.py::test_l_etape_3_n_a_plus_de_section_phase_finale[chromium] PASSED [ 20%]
test_competition_structure_step.py::test_la_structure_ecrite_ne_porte_plus_la_phase_finale[chromium] PASSED [ 20%]
test_competition_two_tiers.py::test_two_tiers_with_spp_reaches_phase_3[chromium] PASSED [ 21%]
test_dead_player_leaves_the_squad.py::test_un_mort_quitte_la_fiche_et_rend_sa_place[chromium] PASSED [ 21%]
test_detailed_standings.py::test_the_decisive_criterion_is_highlighted[chromium] PASSED [ 21%]
test_detailed_standings.py::test_a_full_tie_highlights_nothing_and_shares_a_rank[chromium] PASSED [ 21%]
test_detailed_standings.py::test_only_activated_criteria_get_a_column[chromium] PASSED [ 22%]
test_dismissals_phase.py::test_01_banniere_ouvre_l_effectif[chromium] PASSED [ 22%]
test_dismissals_phase.py::test_02_marquer_barre_la_ligne_et_remplit_le_panier[chromium] PASSED [ 22%]
test_dismissals_phase.py::test_03_les_deux_chemins_d_annulation_fonctionnent[chromium] PASSED [ 22%]
test_dismissals_phase.py::test_10_le_panier_survit_a_la_navigation[chromium] PASSED [ 23%]
test_dismissals_phase.py::test_11_panier_repliable_et_avertissement_court_en_mobile[chromium] PASSED [ 23%]
test_dismissals_phase.py::test_04_au_plancher_tous_les_disponibles_se_bloquent_ensemble[chromium] PASSED [ 23%]
test_dismissals_phase.py::test_05_l_absent_reste_renvoyable_sous_le_plancher[chromium] PASSED [ 23%]
test_dismissals_phase.py::test_06_valider_retire_les_joueurs_sans_toucher_la_tresorerie[chromium] PASSED [ 24%]
test_dismissals_phase.py::test_07_le_grand_livre_ne_gagne_aucune_ligne[chromium] PASSED [ 24%]
test_dismissals_phase.py::test_08_la_valeur_d_equipe_exclut_les_renvoyes[chromium] PASSED [ 24%]
test_dismissals_phase.py::test_09_le_maillot_libere_est_reattribue_a_la_sequence_suivante[chromium] PASSED [ 24%]
test_draft_team_errors.py::test_submit_without_competition_shows_error[chromium] PASSED [ 25%]
test_draft_team_errors.py::test_submit_without_coach_shows_error[chromium] PASSED [ 25%]
test_draft_team_errors.py::test_error_has_correct_style[chromium] PASSED [ 25%]
test_erreurs_couteuses.py::test_1_sous_le_seuil_l_equipe_est_prete_a_jouer_sans_ecran[chromium] PASSED [ 25%]
test_erreurs_couteuses.py::test_2_au_dessus_du_seuil_le_bandeau_propose_le_jet[chromium] PASSED [ 26%]
test_erreurs_couteuses.py::test_3_le_jet_affiche_son_resultat_et_la_tresorerie_suit[chromium] PASSED [ 26%]
test_erreurs_couteuses.py::test_4_un_second_jet_est_refuse_et_ne_reprend_rien[chromium] PASSED [ 26%]
test_erreurs_couteuses.py::test_5_un_coach_tiers_ne_peut_pas_jeter_le_de[chromium] PASSED [ 26%]
test_erreurs_couteuses.py::test_6_la_page_hors_phase_est_refusee[chromium] PASSED [ 27%]
test_erreurs_couteuses.py::test_7_une_equipe_inconnue_ne_donne_pas_d_ecran[chromium] PASSED [ 27%]
test_full_competition_creation_flow.py::test_full_creation_flow_reaches_phase_3[chromium] PASSED [ 27%]
test_haine_journalier.py::test_la_haine_d_un_journalier_atteint_son_joueur[chromium] PASSED [ 27%]
test_haine_journalier.py::test_la_haine_d_un_joueur_permanent_atteint_l_effectif[chromium] PASSED [ 28%]
test_inducement_treasury.py::test_01_le_topdog_paie_l_integralite_de_ses_achats[chromium] PASSED [ 28%]
test_inducement_treasury.py::test_02_l_underdog_ne_paie_que_le_depassement[chromium] PASSED [ 28%]
test_inducement_treasury.py::test_03_depublier_rembourse_les_coups_de_pouce[chromium] PASSED [ 29%]
test_journal_identifiant_requete.py::test_la_reponse_porte_un_identifiant_de_requete[chromium] PASSED [ 29%]
test_journal_identifiant_requete.py::test_deux_requetes_portent_deux_identifiants_distincts[chromium] PASSED [ 29%]
test_journal_identifiant_requete.py::test_un_identifiant_entrant_n_est_jamais_repris[chromium] PASSED [ 29%]
test_journal_identifiant_requete.py::test_les_fichiers_statiques_restent_hors_du_journal[chromium] PASSED [ 30%]
test_journeyman_recruitment.py::test_un_journalier_apparait_apres_un_match[chromium] PASSED [ 30%]
test_journeyman_recruitment.py::test_le_journalier_ne_prend_pas_le_maillot_d_un_coequipier[chromium] PASSED [ 30%]
test_journeyman_recruitment.py::test_le_panneau_montre_le_journalier[chromium] PASSED [ 30%]
test_journeyman_recruitment.py::test_le_panneau_est_absent_sans_journalier[chromium] PASSED [ 31%]
test_journeyman_recruitment.py::test_le_prix_du_journalier_est_affiche[chromium] PASSED [ 31%]
test_journeyman_recruitment.py::test_le_journalier_recrute_reste_dans_l_effectif[chromium] PASSED [ 31%]
test_journeyman_recruitment.py::test_le_journalier_non_recrute_disparait[chromium] PASSED [ 31%]
test_journeyman_recruitment.py::test_le_journalier_marque_et_gagne_des_spp[chromium] PASSED [ 32%]
test_journeyman_recruitment.py::test_le_journalier_nait_avec_solitaire_et_un_nom[chromium] PASSED [ 32%]
test_journeyman_recruitment.py::test_solitaire_s_affiche_sur_la_ligne_du_journalier[chromium] PASSED [ 32%]
test_journeyman_recruitment.py::test_solitaire_porte_la_pastille_de_customisation[chromium] PASSED [ 32%]
test_journeyman_recruitment.py::test_le_journalier_n_apparait_qu_une_fois_a_la_saisie[chromium] ERROR [ 33%]
test_lineman_a_vil_prix.py::test_la_valeur_d_equipe_ignore_le_prix_des_linemen[chromium] PASSED [ 33%]
test_lineman_a_vil_prix.py::test_le_temoin_compte_bien_ses_joueurs[chromium] PASSED [ 33%]
test_lineman_a_vil_prix.py::test_la_tresorerie_n_est_pas_touchee_par_la_regle[chromium] PASSED [ 33%]
test_lineman_a_vil_prix.py::test_l_equipe_a_vil_prix_a_bien_des_linemen[chromium] PASSED [ 34%]
test_manual_ranking_points.py::test_attribuer_des_points_a_une_equipe[chromium] PASSED [ 34%]
test_manual_ranking_points.py::test_la_liste_se_recharge_apres_attribution[chromium] PASSED [ 34%]
test_manual_ranking_points.py::test_le_classement_affiche_les_points_manuels[chromium] PASSED [ 34%]
test_manual_ranking_points.py::test_le_total_affiche_est_celui_qui_ordonne[chromium] PASSED [ 35%]
test_manual_ranking_points.py::test_le_classement_est_reordonne_sans_rechargement_du_serveur[chromium] PASSED [ 35%]
test_manual_ranking_points.py::test_une_penalite_fait_descendre_l_equipe[chromium] PASSED [ 35%]
test_manual_ranking_points.py::test_supprimer_une_ligne_la_retire_du_classement[chromium] PASSED [ 35%]
test_manual_ranking_points.py::test_un_non_admin_voit_la_page_sans_les_actions[chromium] PASSED [ 36%]
test_manual_ranking_points.py::test_le_bouton_de_gestion_est_habille[chromium-classement] PASSED [ 36%]
test_manual_ranking_points.py::test_le_bouton_de_gestion_precede_le_classement[chromium-classement] PASSED [ 36%]
test_manual_ranking_points.py::test_la_rangee_d_attribution_partage_une_ligne_de_base[chromium] PASSED [ 36%]
test_manual_ranking_points.py::test_le_menu_du_selecteur_deborde_du_panneau[chromium] PASSED [ 37%]
test_manual_ranking_points.py::test_le_retour_au_classement_affiche_la_competition[chromium] PASSED [ 37%]
test_match_report_correction.py::test_correction_ramene_le_rapport_en_etat_corrigeable[chromium] PASSED [ 37%]
test_match_report_correction.py::test_bouton_desactive_quand_une_equipe_a_depense_ses_spp[chromium] PASSED [ 37%]
test_match_report_correction.py::test_bouton_desactive_quand_une_equipe_a_valide_sa_phase[chromium] PASSED [ 38%]
test_match_report_correction.py::test_les_quatre_compensations_s_appliquent_puis_se_rejouent[chromium] PASSED [ 38%]
test_match_report_correction.py::test_deux_corrections_successives_aboutissent[chromium] PASSED [ 38%]
test_match_report_correction.py::test_le_bandeau_survit_a_une_modification_d_action[chromium] PASSED [ 38%]
test_match_report_inducements.py::test_fan_factor_redirects_to_inducements_or_step3[chromium] PASSED [ 39%]
test_match_report_inducements.py::test_inducements_page_loads[chromium] PASSED [ 39%]
test_match_report_inducements.py::test_inducements_widget_loaded[chromium] PASSED [ 39%]
test_match_report_inducements.py::test_pass_button_visible[chromium] PASSED [ 39%]
test_match_report_inducements.py::test_topdog_pass_redirects_to_underdog[chromium] PASSED [ 40%]
test_match_report_inducements.py::test_underdog_pass_redirects_to_step3[chromium] PASSED [ 40%]
test_match_report_inducements.py::test_pass_discards_pending_selection[chromium] PASSED [ 40%]
test_match_report_inducements.py::test_cart_footer_visible[chromium] PASSED [ 40%]
test_match_report_recap.py::test_tc01_recap_loads_ready_to_publish[chromium] PASSED [ 41%]
test_match_report_recap.py::test_tc02_sortie_has_no_injury_label[chromium] PASSED [ 41%]
test_match_report_recap.py::test_tc02_bilan_sanitaire_only_lists_blesse[chromium] PASSED [ 41%]
test_match_report_recap.py::test_tc03_mvp_shown_in_sidebar_and_timeline[chromium] PASSED [ 41%]
test_match_report_recap.py::test_tc04_publish_button_updates_cta[chromium] PASSED [ 42%]
test_match_report_recap.py::test_tc05_republish_returns_conflict[chromium] PASSED [ 42%]
test_match_report_recap.py::test_tc06_draft_returns_404[chromium] PASSED [ 42%]
test_match_report_recap.py::test_tc06_pre_match_returns_404[chromium] PASSED [ 43%]
test_match_report_recap.py::test_tc06_cancelled_returns_410[chromium] SKIPPED [ 43%]
test_match_report_recap.py::test_tc07_graceful_degradation_missing_round_context[chromium] PASSED [ 43%]
test_match_report_recap.py::test_tc08_performances_card_absent_without_actions[chromium] PASSED [ 43%]
test_match_report_recap_spp.py::test_01_le_buteur_affiche_la_somme_de_ses_actions[chromium] PASSED [ 44%]
test_match_report_recap_spp.py::test_02_l_agresseur_n_a_pas_de_ligne[chromium] PASSED [ 44%]
test_match_report_recap_spp.py::test_03_le_mvp_adverse_suit_le_bareme_de_son_camp[chromium] PASSED [ 44%]
test_match_report_step2.py::test_step2_pre_match_page_loads[chromium] PASSED [ 44%]
test_match_report_step2.py::test_step2_submit_valid_fan_factor[chromium] PASSED [ 45%]
test_match_report_step2.py::test_step2_invalid_d3_blocked_by_html5[chromium] PASSED [ 45%]
test_match_report_step2.py::test_step2_draft_redirects_to_step1[chromium] SKIPPED [ 45%]
test_match_report_step2.py::test_step2_team_data_loaded[chromium] PASSED [ 45%]
test_match_report_step2.py::test_step2_reaffiche_les_jets_deja_enregistres[chromium] PASSED [ 46%]
test_match_report_step2.py::test_step2_formate_les_montants_sans_manger_les_dizaines[chromium] PASSED [ 46%]
test_match_report_step2_mercenaires.py::test_mercenaires_tab_visible_and_widget_loads[chromium] PASSED [ 46%]
test_match_report_step2_mercenaires.py::test_journeymen_excluded_from_grid[chromium] PASSED [ 46%]
test_match_report_step2_mercenaires.py::test_position_click_shows_hire_panel[chromium] PASSED [ 47%]
test_match_report_step2_mercenaires.py::test_recruit_base_adds_to_cart[chromium] PASSED [ 47%]
test_match_report_step2_mercenaires.py::test_max_3_mercenaires_frontend[chromium] PASSED [ 47%]
test_match_report_step2_mercenaires.py::test_remove_mercenaire_from_cart[chromium] PASSED [ 47%]
test_match_report_step2_mercenaires.py::test_full_position_card_disabled[chromium] SKIPPED [ 48%]
test_match_report_step2_mercenaires.py::test_submit_with_mercenaire_creates_temp_player[chromium] PASSED [ 48%]
test_match_report_step2_mercenaires.py::test_submit_without_mercenaires_regression[chromium] PASSED [ 48%]
test_match_report_step2_mercenaires.py::test_un_mercenaire_sur_un_poste_a_seize_exemplaires_survit[chromium] PASSED [ 48%]
test_match_report_step3_4_actions.py::test_s1_page_step3_loads[chromium] PASSED [ 49%]
test_match_report_step3_4_actions.py::test_s2_select_turn[chromium] PASSED [ 49%]
test_match_report_step3_4_actions.py::test_s3_select_player_shows_action_panel[chromium] PASSED [ 49%]
test_match_report_step3_4_actions.py::test_s4_record_touchdown[chromium] PASSED [ 49%]
test_match_report_step3_4_actions.py::test_s5_record_blesse_amoche[chromium] PASSED [ 50%]
test_match_report_step3_4_actions.py::test_s6_record_blesse_sequel_av[chromium] PASSED [ 50%]
test_match_report_step3_4_actions.py::test_s7_delete_action[chromium] PASSED [ 50%]
test_match_report_step3_4_actions.py::test_s8_multiple_actions_same_turn[chromium] PASSED [ 50%]
test_match_report_step3_4_actions.py::test_s9_temp_player_visible_after_inducements[chromium] SKIPPED [ 51%]
test_match_report_step3_4_actions.py::test_s10_journeymen_auto[chromium] SKIPPED [ 51%]
test_match_report_step3_4_actions.py::test_s11_step4_away_team[chromium] PASSED [ 51%]
test_match_report_step3_4_actions.py::test_h1_amoche_montre_la_section_et_non_enregistre_sans_haine[chromium] PASSED [ 51%]
test_match_report_step3_4_actions.py::test_h2_une_sequelle_avec_haine_apparait_au_journal[chromium] PASSED [ 52%]
test_match_report_step3_4_actions.py::test_h3_une_commotion_ne_montre_pas_la_section[chromium] PASSED [ 52%]
test_match_report_step3_4_actions.py::test_h4_oui_sans_mot_clef_masque_la_confirmation[chromium] PASSED [ 52%]
test_match_report_step3_4_actions.py::test_h5_le_filtre_ouvre_le_repli_de_lui_meme[chromium] PASSED [ 52%]
test_match_report_step3_4_actions.py::test_h6_le_mot_choisi_reste_visible_malgre_le_filtre[chromium] PASSED [ 53%]
test_match_report_step3_4_actions.py::test_h7_deux_fois_le_meme_mot_clef_est_accepte[chromium] PASSED [ 53%]
test_match_report_step5.py::test_s1_step5_page_loads[chromium] PASSED    [ 53%]
test_match_report_step5.py::test_s2_gain_suggestion_prefilled[chromium] PASSED [ 53%]
test_match_report_step5.py::test_s3_valid_submission_with_summary[chromium] PASSED [ 54%]
test_match_report_step5.py::test_s4_minimal_submission_without_summary[chromium] PASSED [ 54%]
test_match_report_step5.py::test_s5_resubmission_prefills_existing_values[chromium] PASSED [ 54%]
test_match_report_step5.py::test_s6_draft_redirects_to_edit[chromium] SKIPPED [ 54%]
test_mots_clefs_et_traits.py::test_le_tableau_d_equipe_affiche_les_mots_clefs[chromium] PASSED [ 55%]
test_mots_clefs_et_traits.py::test_la_fiche_joueur_affiche_les_mots_clefs[chromium] PASSED [ 55%]
test_my_teams_page.py::test_sections_show_correct_counts_and_labels[chromium] PASSED [ 55%]
test_my_teams_page.py::test_draft_continue_button_navigates_to_build[chromium] PASSED [ 55%]
test_my_teams_page.py::test_active_card_navigates_to_team_detail[chromium] PASSED [ 56%]
test_my_teams_page.py::test_archived_card_navigates_to_team_detail[chromium] PASSED [ 56%]
test_my_teams_page.py::test_empty_state_shows_no_section[chromium] PASSED [ 56%]
test_my_teams_page.py::test_freshly_submitted_team_does_not_appear_as_draft[chromium] PASSED [ 56%]
test_niveau_apres_customisation.py::test_le_tarif_est_le_meme_avec_ou_sans_competence_customisee[chromium] PASSED [ 57%]
test_niveau_apres_customisation.py::test_la_competence_offerte_est_bien_la_et_reste_gratuite[chromium] PASSED [ 57%]
test_niveau_apres_customisation.py::test_un_achat_reel_fait_monter_le_tarif[chromium] PASSED [ 57%]
test_noms_typographiques.py::test_le_nom_traverse_la_creation_sans_alteration[chromium] PASSED [ 58%]
test_noms_typographiques.py::test_le_selecteur_du_calendrier_rend_le_nom_intact[chromium] PASSED [ 58%]
test_noms_typographiques.py::test_le_nom_s_affiche_sur_la_fiche_d_equipe[chromium] PASSED [ 58%]
test_notification_cron.py::test_la_veille_d_une_journee_le_cron_previent_les_inscrits[chromium] PASSED [ 58%]
test_notification_cron.py::test_une_seconde_execution_le_meme_jour_n_envoie_pas_un_second_mail[chromium] PASSED [ 59%]
test_notification_cron.py::test_dry_run_ne_reserve_rien[chromium] PASSED [ 59%]
test_notification_ouverture.py::test_publier_une_competition_annonce_l_ouverture_aux_membres[chromium] PASSED [ 59%]
test_notification_ouverture.py::test_republier_n_annonce_pas_une_seconde_fois[chromium] PASSED [ 59%]
test_notification_settings.py::test_une_bascule_persiste_apres_rechargement[chromium] PASSED [ 60%]
test_notification_settings.py::test_sans_calendrier_les_lignes_de_journee_sont_grisees_avec_leur_motif[chromium] PASSED [ 60%]
test_notification_settings.py::test_avec_des_journees_a_date_fixe_seule_la_cloture_est_grisee[chromium] PASSED [ 60%]
test_notification_settings.py::test_apres_une_bascule_la_competition_reste_atteignable[chromium] PASSED [ 60%]
test_ouvrir_une_fiche_equipe.py::test_cliquer_une_equipe_depuis_mes_equipes_l_affiche[chromium] PASSED [ 61%]
test_ouvrir_une_fiche_equipe.py::test_le_retour_depuis_une_fiche_joueur_affiche_l_equipe[chromium] PASSED [ 61%]
test_ouvrir_une_fiche_equipe.py::test_les_onglets_continuent_de_fonctionner_apres_le_clic[chromium] PASSED [ 61%]
test_pairing_deletion.py::test_suppression_pairing_annule_le_rapport_et_libere_les_equipes[chromium] PASSED [ 61%]
test_pairing_deletion.py::test_un_rapport_publie_interdit_la_suppression_du_pairing[chromium] PASSED [ 62%]
test_pairing_deletion.py::test_vider_une_journee_conserve_les_rencontres_publiees[chromium] PASSED [ 62%]
test_phase2_pickers.py::test_default_tier_loads_all_three_pickers[chromium] PASSED [ 62%]
test_phase2_pickers.py::test_new_tier_has_all_items_selected_by_default[chromium] PASSED [ 62%]
test_phase2_pickers.py::test_tiers_have_independent_picker_state[chromium] PASSED [ 63%]
test_phase2_pickers.py::test_removing_a_chip_updates_tier_selection_count[chromium] PASSED [ 63%]
test_phase2_pickers.py::test_submit_error_banner_appears_near_form_actions[chromium] PASSED [ 63%]
test_phase4_invitations.py::test_phase4_loads_with_two_access_modes_and_widget[chromium] PASSED [ 63%]
test_phase4_invitations.py::test_invite_section_hidden_when_access_mode_is_open[chromium] PASSED [ 64%]
test_phase4_invitations.py::test_selecting_a_coach_updates_count_and_badge[chromium] PASSED [ 64%]
test_phase4_invitations.py::test_full_submission_reflects_access_mode_and_validation_in_recap[chromium] PASSED [ 64%]
test_phase4_notifications.py::test_une_saison_neuve_affiche_les_quatre_cases_cochees[chromium] PASSED [ 64%]
test_phase4_notifications.py::test_une_case_decochee_est_affichee_au_retour[chromium] PASSED [ 65%]
test_phase4_notifications.py::test_revalider_sans_toucher_aux_cases_ne_les_ecrase_pas[chromium] PASSED [ 65%]
test_phase4_notifications.py::test_valider_avant_l_arrivee_du_widget_ne_perd_pas_les_reglages[chromium] PASSED [ 65%]
test_phase4_notifications.py::test_effacer_la_date_limite_grise_la_ligne_sans_rechargement[chromium] PASSED [ 65%]
test_phase4_notifications.py::test_une_ligne_grisee_par_la_frappe_reste_cochee[chromium] PASSED [ 66%]
test_player_availability_after_injury.py::test_un_joueur_blesse_en_match_manque_le_match_suivant[chromium] ERROR [ 66%]
test_player_availability_after_injury.py::test_le_joueur_indisponible_est_barre_dans_la_liste[chromium] ERROR [ 66%]
test_player_availability_after_injury.py::test_les_autres_joueurs_ne_sont_pas_barres[chromium] ERROR [ 66%]
test_player_availability_after_injury.py::test_le_repere_se_reduit_a_son_icone_en_mobile[chromium] ERROR [ 67%]
test_player_customisation.py::test_un_membre_simple_ne_voit_pas_le_mode_et_ne_peut_pas_le_forcer[chromium] PASSED [ 67%]
test_player_customisation.py::test_un_commissaire_voit_le_bouton[chromium] PASSED [ 67%]
test_player_customisation.py::test_une_competence_customisee_est_appliquee_et_journalisee[chromium] PASSED [ 67%]
test_player_customisation.py::test_une_competence_a_apostrophe_traverse_toute_la_chaine[chromium] PASSED [ 68%]
test_player_customisation.py::test_ameliorer_l_agilite_fait_descendre_le_seuil_puis_bute_sur_la_borne[chromium] PASSED [ 68%]
test_player_customisation.py::test_une_competence_deja_possedee_est_refusee[chromium] PASSED [ 68%]
test_player_customisation.py::test_le_prix_deplace_la_valeur_d_equipe_mais_pas_la_competence[chromium] PASSED [ 68%]
test_player_customisation.py::test_annuler_vide_le_panier_et_ne_rouvre_pas_le_mode[chromium] PASSED [ 69%]
test_player_customisation.py::test_une_saisie_en_cours_est_retrouvee_apres_rechargement[chromium] PASSED [ 69%]
test_player_customisation.py::test_retirer_une_customisation_de_prix_defait_le_joueur_et_la_valeur_d_equipe[chromium] PASSED [ 69%]
test_player_customisation.py::test_un_membre_simple_ne_peut_pas_retirer_une_customisation[chromium] PASSED [ 69%]
test_player_customisation.py::test_un_prix_sous_zero_est_refuse[chromium] PASSED [ 70%]
test_player_customisation.py::test_un_panier_de_plus_de_vingt_quatre_heures_est_abandonne[chromium] PASSED [ 70%]
test_player_customisation.py::test_un_joueur_n_est_atteignable_que_depuis_son_espace[chromium] PASSED [ 70%]
test_player_customisation.py::test_l_onglet_actif_survit_a_l_enregistrement[chromium] PASSED [ 70%]
test_player_customisation.py::test_arriver_sur_la_fiche_ouvre_l_onglet_par_defaut[chromium] PASSED [ 71%]
test_player_detail.py::test_click_roster_row_navigates_to_player_detail[chromium] PASSED [ 71%]
test_player_detail.py::test_spp_wallet_shows_earned_and_spent_separately[chromium] PASSED [ 71%]
test_player_detail.py::test_career_summary_reflects_recorded_actions[chromium] PASSED [ 72%]
test_player_detail.py::test_match_history_card_shows_opponent_and_actions[chromium] PASSED [ 72%]
test_player_detail.py::test_customise_button_is_active_for_a_commissioner[chromium] PASSED [ 72%]
test_player_detail.py::test_activate_spp_spending_button_visible_and_enabled_in_player_improvement[chromium] PASSED [ 72%]
test_player_spp_spending.py::test_journal_widget_shown_outside_player_improvement_phase[chromium] PASSED [ 73%]
test_player_spp_spending.py::test_toggle_button_hidden_outside_player_improvement_phase[chromium] PASSED [ 73%]
test_player_spp_spending.py::test_journal_shown_by_default_then_toggle_reveals_spending_panel[chromium] PASSED [ 73%]
test_player_spp_spending.py::test_coach_sees_spending_panel_and_can_purchase_a_skill[chromium] PASSED [ 73%]
test_player_spp_spending.py::test_player_with_no_spp_cannot_afford_any_skill[chromium] PASSED [ 74%]
test_player_spp_spending.py::test_stat_increase_updates_stat_and_reserve[chromium] PASSED [ 74%]
test_player_spp_spending.py::test_team_value_is_frozen_during_the_post_match_phases[chromium] PASSED [ 74%]
test_player_spp_spending.py::test_une_competence_elite_ajoute_dix_kpo_de_plus_qu_une_standard[chromium] FAILED [ 74%]
test_player_spp_spending.py::test_une_competence_elite_ajoute_dix_kpo_de_plus_qu_une_standard[chromium] ERROR [ 74%]
test_player_spp_spending.py::test_la_colonne_spp_de_la_liste_est_le_solde_pas_le_cumul[chromium] FAILED [ 75%]
test_presences_tab.py::test_l_onglet_presences_s_ouvre_en_chargement_complet[chromium] ERROR [ 75%]
test_presences_tab.py::test_l_onglet_est_atteignable_depuis_le_calendrier_par_htmx[chromium] ERROR [ 75%]
test_presences_tab.py::test_la_barre_laterale_liste_les_journees_de_la_saison[chromium] ERROR [ 75%]
test_presences_tab.py::test_le_panneau_invite_a_choisir_une_journee[chromium] ERROR [ 76%]
test_presences_tab.py::test_choisir_une_journee_montre_l_etat_aucun_sondage[chromium] ERROR [ 76%]
test_presences_tab.py::test_un_membre_simple_est_refuse_sur_l_onglet_et_ses_fragments[chromium-] ERROR [ 76%]
test_presences_tab.py::test_un_succes_rend_un_corps_vide_et_declenche_presence_changed[chromium] ERROR [ 76%]
test_presences_tab.py::test_un_refus_metier_rend_le_panneau_avec_son_motif[chromium] ERROR [ 77%]
test_ranking_bonus.py::test_aggressive_bonus_reflected_in_standings[chromium] ERROR [ 77%]
test_ranking_tiebreak.py::test_first_criterion_orders_teams_tied_on_points[chromium] ERROR [ 77%]
test_ranking_tiebreak.py::test_teams_equal_on_every_criterion_share_a_rank_and_the_next_one_skips[chromium] ERROR [ 77%]
test_ranking_tiebreak.py::test_every_team_ranked_first_gets_the_trophy[chromium] ERROR [ 78%]
test_rapport_manuel_visible.py::test_un_rapport_en_cours_apparait_aux_resultats[chromium] ERROR [ 78%]
test_recruitment_phase.py::test_01_banniere_ouvre_le_catalogue[chromium] ERROR [ 78%]
test_recruitment_phase.py::test_02_ajouter_un_joueur[chromium] ERROR     [ 78%]
test_recruitment_phase.py::test_03_retirer_la_ligne[chromium] ERROR      [ 79%]
test_recruitment_phase.py::test_09_le_panier_survit_a_la_navigation[chromium] ERROR [ 79%]
test_recruitment_phase.py::test_11_panier_repliable_en_mobile[chromium] ERROR [ 79%]
test_recruitment_phase.py::test_05_quota_de_poste_atteint[chromium] ERROR [ 79%]
test_recruitment_phase.py::test_07_relance_au_double_du_prix_de_base[chromium] ERROR [ 80%]
test_recruitment_phase.py::test_04_tresorerie_insuffisante_ne_debite_rien[chromium] ERROR [ 80%]
test_recruitment_phase.py::test_06_roster_sans_apothicaire[chromium] ERROR [ 80%]
test_recruitment_phase.py::test_08_valider_debite_et_cree_les_joueurs[chromium] ERROR [ 80%]
test_recruitment_phase.py::test_10_grand_livre_une_ligne_par_achat[chromium] ERROR [ 81%]
test_ressources_locales.py::test_une_page_sans_upload_ne_sort_pas_de_nos_domaines[chromium] FAILED [ 81%]
test_ressources_locales.py::test_le_chargeur_cloudinary_reste_cantonne_a_la_page_qui_l_utilise[chromium] FAILED [ 81%]
test_ressources_locales.py::test_le_champ_d_upload_s_ouvre_malgre_le_chargement_differe[chromium] FAILED [ 81%]
test_roster_edition.py::test_renommage_persiste_apres_rechargement[chromium] ERROR [ 82%]
test_roster_edition.py::test_renumerotation_persiste[chromium] ERROR     [ 82%]
test_roster_edition.py::test_numero_vide_affiche_un_tiret[chromium] ERROR [ 82%]
test_roster_edition.py::test_reordonnancement_persiste[chromium] ERROR   [ 82%]
test_roster_edition.py::test_doublon_bloque_sans_requete_reseau[chromium] ERROR [ 83%]
test_roster_edition.py::test_numero_d_un_renvoye_est_reattribuable[chromium] ERROR [ 83%]
test_roster_edition.py::test_membre_sans_droit_est_refuse[chromium] ERROR [ 83%]
test_roster_edition.py::test_un_coach_tiers_ne_voit_pas_le_bouton_d_edition[chromium] ERROR [ 83%]
test_saison_non_finalisee.py::test_une_saison_non_finalisee_refuse_la_creation[chromium] ERROR [ 84%]
test_saison_non_finalisee.py::test_la_saison_redevient_joignable_une_fois_prete[chromium] ERROR [ 84%]
test_saison_non_finalisee.py::test_une_equipe_commencee_avant_ne_peut_pas_etre_soumise[chromium] ERROR [ 84%]
test_space_admin_ajout_direct.py::test_un_seul_caractere_reste_sous_le_seuil[chromium] ERROR [ 84%]
test_space_admin_ajout_direct.py::test_un_pseudo_inexistant_propose_de_creer_un_compte[chromium] ERROR [ 85%]
test_space_admin_ajout_direct.py::test_un_coach_de_la_plateforme_est_proposé_avec_son_email_masqué[chromium] ERROR [ 85%]
test_space_admin_ajout_direct.py::test_un_membre_de_l_espace_porte_son_badge_et_aucun_bouton[chromium] ERROR [ 85%]
test_space_admin_ajout_direct.py::test_ajouter_un_coach_le_fait_passer_membre_et_apparaitre_au_journal[chromium] ERROR [ 86%]
test_space_admin_ajout_direct.py::test_retirer_depuis_le_journal_le_sort_de_l_espace[chromium] ERROR [ 86%]
test_space_admin_ajout_direct.py::test_creer_un_compte_et_ajouter_de_bout_en_bout[chromium] ERROR [ 86%]
test_space_admin_ajout_direct.py::test_un_membre_simple_ne_peut_pas_ouvrir_l_onglet[chromium] ERROR [ 86%]
test_space_admin_membres.py::test_la_page_presente_ses_trois_onglets[chromium] ERROR [ 87%]
test_space_admin_membres.py::test_la_liste_affiche_pseudo_email_masque_et_role[chromium] ERROR [ 87%]
test_space_admin_membres.py::test_sa_propre_ligne_n_est_ni_modifiable_ni_retirable[chromium] ERROR [ 87%]
test_space_admin_membres.py::test_la_recherche_filtre_sans_requete[chromium] ERROR [ 87%]
test_space_admin_membres.py::test_promouvoir_un_membre_rerend_sa_ligne[chromium] ERROR [ 88%]
test_space_admin_membres.py::test_promouvoir_puis_retrograder_ramene_l_etat_initial[chromium] ERROR [ 88%]
test_space_admin_membres.py::test_retirer_un_membre_fait_disparaitre_sa_ligne[chromium] ERROR [ 88%]
test_space_admin_membres.py::test_le_bouton_de_reinitialisation_bascule_apres_envoi[chromium] ERROR [ 88%]
test_space_admin_membres.py::test_les_compteurs_suivent_une_promotion_sans_rechargement[chromium] ERROR [ 89%]
test_space_admin_membres.py::test_un_membre_simple_ne_peut_pas_ouvrir_la_page[chromium] ERROR [ 89%]
test_special_rule_selector.py::test_fixed_rules_display_as_chips[chromium] FAILED [ 89%]
test_special_rule_selector.py::test_no_rule_roster_shows_none_message[chromium] FAILED [ 89%]
test_special_rule_selector.py::test_choice_roster_keeps_interactive_select[chromium] FAILED [ 90%]
test_special_rule_selector.py::test_finalize_blocked_when_choice_roster_has_no_special_rule[chromium] FAILED [ 90%]
test_spp_scale.py::test_01_les_brutes_bagarreuses_valorisent_la_sortie_plus_que_l_essai[chromium] ERROR [ 90%]
test_spp_scale.py::test_02_le_bareme_ordinaire_reste_inchange[chromium] ERROR [ 90%]
test_spp_scale.py::test_03_les_deux_camps_ne_gagnent_pas_les_memes_spp_par_action[chromium] ERROR [ 91%]
test_team_detail_state_banner.py::test_pending_enrollment_banner_is_informational[chromium] SKIPPED [ 91%]
test_team_detail_state_banner.py::test_match_reporting_banner_resume_link_navigates[chromium] ERROR [ 91%]
test_team_detail_state_banner.py::test_player_improvement_banner_validates_to_recruitment[chromium] ERROR [ 91%]
test_team_detail_state_banner.py::test_recruitment_banner_leads_to_the_recruitment_page[chromium] ERROR [ 92%]
test_team_detail_state_banner.py::test_dismissals_banner_leads_to_the_dismissals_page[chromium] ERROR [ 92%]
test_team_matches.py::test_l_onglet_matchs_liste_les_matchs_de_l_equipe[chromium] ERROR [ 92%]
test_team_matches.py::test_le_prochain_match_apparait_en_tete[chromium] ERROR [ 92%]
test_team_matches.py::test_le_coach_de_l_equipe_peut_ouvrir_le_rapport[chromium] ERROR [ 93%]
test_team_matches.py::test_un_visiteur_ne_voit_pas_le_lien_du_rapport[chromium] ERROR [ 93%]
test_team_matches.py::test_une_equipe_sans_match_affiche_l_etat_vide[chromium] ERROR [ 93%]
test_team_matches.py::test_le_bloc_de_match_reste_correct_sur_la_page_competition[chromium] ERROR [ 93%]
test_team_treasury_tab.py::test_l_onglet_tresorerie_s_ouvre_et_affiche_le_releve[chromium] ERROR [ 94%]
test_team_treasury_tab.py::test_l_url_de_tresorerie_se_charge_directement[chromium] ERROR [ 94%]
test_team_treasury_tab.py::test_le_solde_du_releve_egale_celui_de_l_en_tete[chromium] ERROR [ 94%]
test_team_treasury_tab.py::test_une_equipe_neuve_affiche_le_bloc_sans_mouvement[chromium] ERROR [ 94%]
test_team_treasury_tab.py::test_le_releve_montre_le_recrutement_qui_vient_d_etre_fait[chromium] ERROR [ 95%]
test_team_treasury_tab.py::test_l_onglet_joueurs_reste_accessible_apres_un_aller_retour[chromium] ERROR [ 95%]
test_competition_admin_settings.py::test_un_membre_simple_est_refuse_en_lecture[chromium-general] ERROR [ 95%]
test_competition_admin_settings.py::test_un_membre_simple_est_refuse_en_ecriture[chromium-ranking] ERROR [ 95%]
test_competition_admin_settings.py::test_aucun_panneau_ne_fait_regresser_la_saison[chromium-ranking] ERROR [ 96%]
test_competition_settings_visibility.py::test_une_valeur_inconnue_est_refusee_sans_rien_ecrire[chromium-requires_validation-peut-etre] ERROR [ 96%]
test_manual_ranking_points.py::test_le_bouton_de_gestion_est_habille[chromium-detaille] ERROR [ 96%]
test_manual_ranking_points.py::test_le_bouton_de_gestion_precede_le_classement[chromium-detaille] ERROR [ 96%]
test_presences_tab.py::test_un_membre_simple_est_refuse_sur_l_onglet_et_ses_fragments[chromium-/rounds] ERROR [ 97%]
test_competition_admin_settings.py::test_un_membre_simple_est_refuse_en_lecture[chromium-ranking] ERROR [ 97%]
test_competition_admin_settings.py::test_un_membre_simple_est_refuse_en_ecriture[chromium-pools] ERROR [ 97%]
test_competition_admin_settings.py::test_aucun_panneau_ne_fait_regresser_la_saison[chromium-pools] ERROR [ 97%]
test_presences_tab.py::test_un_membre_simple_est_refuse_sur_l_onglet_et_ses_fragments[chromium-/panel] ERROR [ 98%]
test_competition_admin_settings.py::test_un_membre_simple_est_refuse_en_lecture[chromium-pools] ERROR [ 98%]
test_competition_admin_settings.py::test_un_membre_simple_est_refuse_en_ecriture[chromium-tiers] ERROR [ 98%]
test_competition_admin_settings.py::test_aucun_panneau_ne_fait_regresser_la_saison[chromium-tiers] ERROR [ 98%]
test_competition_admin_settings.py::test_un_membre_simple_est_refuse_en_lecture[chromium-tiers] ERROR [ 99%]
test_competition_admin_settings.py::test_un_membre_simple_est_refuse_en_ecriture[chromium-visibility] ERROR [ 99%]
test_competition_admin_settings.py::test_aucun_panneau_ne_fait_regresser_la_saison[chromium-visibility] ERROR [ 99%]
test_competition_admin_settings.py::test_un_membre_simple_est_refuse_en_lecture[chromium-visibility] ERROR [100%]

==================================== ERRORS ====================================
_ ERROR at setup of test_le_journalier_n_apparait_qu_une_fois_a_la_saisie[chromium] _

browser = <Browser type=<BrowserType name=chromium executable_path=/Users/bagouze/Library/Caches/ms-playwright/chromium-1223/chrome-mac-arm64/Google Chrome for Testing.app/Contents/MacOS/Google Chrome for Testing> version=148.0.7778.96>
space_id = '01M2116VWQRGDGFT62EBBW33CY'

    @pytest.fixture(scope="module")
    def saisie_en_cours(browser, space_id):
        """Un rapport **non publié**, arrêté juste après la naissance du journalier.
    
        Les deux sélecteurs de l'écran de saisie n'existent qu'en avant-match : sur
        un rapport publié, la page ne les rend pas. Le fixture s'arrête donc aux
        coups de pouce — le moment exact où le journalier vient de naître.
        """
>       full = build_full_competition(browser, space_id, num_teams=4)
               ^^^^^^^^^^^^^^^^^^^^^^^^^^^^^^^^^^^^^^^^^^^^^^^^^^^^^^

test_journeyman_recruitment.py:559: 
_ _ _ _ _ _ _ _ _ _ _ _ _ _ _ _ _ _ _ _ _ _ _ _ _ _ _ _ _ _ _ _ _ _ _ _ _ _ _ _ 
competition_lifecycle.py:586: in build_full_competition
    competition = create_full_competition(
competition_lifecycle.py:114: in create_full_competition
    page.goto(competition_create_url, wait_until="load")
.venv/lib/python3.12/site-packages/playwright/sync_api/_generated.py:9612: in goto
    self._sync(
.venv/lib/python3.12/site-packages/playwright/_impl/_page.py:557: in goto
    return await self._main_frame.goto(**locals_to_params(locals()))
           ^^^^^^^^^^^^^^^^^^^^^^^^^^^^^^^^^^^^^^^^^^^^^^^^^^^^^^^^^
.venv/lib/python3.12/site-packages/playwright/_impl/_frame.py:156: in goto
    await self._channel.send(
.venv/lib/python3.12/site-packages/playwright/_impl/_connection.py:69: in send
    return await self._connection.wrap_api_call(
_ _ _ _ _ _ _ _ _ _ _ _ _ _ _ _ _ _ _ _ _ _ _ _ _ _ _ _ _ _ _ _ _ _ _ _ _ _ _ _ 

self = <playwright._impl._connection.Connection object at 0x107d56960>
cb = <function Channel.send.<locals>.<lambda> at 0x108a45bc0>
is_internal = False, title = None

    async def wrap_api_call(
        self, cb: Callable[[], Any], is_internal: bool = False, title: str = None
    ) -> Any:
        if self._api_zone.get():
            return await cb()
        task = asyncio.current_task(self._loop)
        st: List[inspect.FrameInfo] = getattr(
            task, "__pw_stack__", None
        ) or inspect.stack(0)
    
        parsed_st = _extract_stack_trace_information_from_stack(st, is_internal, title)
        self._api_zone.set(parsed_st)
        try:
            return await cb()
        except Exception as error:
>           raise rewrite_error(error, f"{parsed_st['apiName']}: {error}") from None
E           playwright._impl._errors.TimeoutError: Page.goto: Timeout 30000ms exceeded.
E           Call log:
E             - navigating to "http://localhost:3210/app/01M2116VWQRGDGFT62EBBW33CY/competitions/create", waiting until "load"

.venv/lib/python3.12/site-packages/playwright/_impl/_connection.py:559: TimeoutError
_ ERROR at setup of test_un_joueur_blesse_en_match_manque_le_match_suivant[chromium] _

browser = <Browser type=<BrowserType name=chromium executable_path=/Users/bagouze/Library/Caches/ms-playwright/chromium-1223/chrome-mac-arm64/Google Chrome for Testing.app/Contents/MacOS/Google Chrome for Testing> version=148.0.7778.96>
space_id = '01M2116VWQRGDGFT62EBBW33CY'

    @pytest.fixture(scope="module")
    def availability_ctx(browser, space_id):
        from competition_lifecycle import build_full_competition
    
>       full = build_full_competition(browser, space_id, num_teams=12)
               ^^^^^^^^^^^^^^^^^^^^^^^^^^^^^^^^^^^^^^^^^^^^^^^^^^^^^^^

test_player_availability_after_injury.py:83: 
_ _ _ _ _ _ _ _ _ _ _ _ _ _ _ _ _ _ _ _ _ _ _ _ _ _ _ _ _ _ _ _ _ _ _ _ _ _ _ _ 
competition_lifecycle.py:586: in build_full_competition
    competition = create_full_competition(
_ _ _ _ _ _ _ _ _ _ _ _ _ _ _ _ _ _ _ _ _ _ _ _ _ _ _ _ _ _ _ _ _ _ _ _ _ _ _ _ 

page = <Page url='http://localhost:3210/app/01M2116VWQRGDGFT62EBBW33CY/competitions/create'>
competition_create_url = 'http://localhost:3210/app/01M2116VWQRGDGFT62EBBW33CY/competitions/create'
num_rounds = 7, tier_xp = 6, with_default_bonuses = True
deactivated_tiebreaks = None, requires_validation = False
access_mode = 'invitation'

    def create_full_competition(
        page: Page,
        competition_create_url: str,
        *,
        num_rounds: int = 7,
        tier_xp: int = 6,
        with_default_bonuses: bool = True,
        deactivated_tiebreaks: list[str] | None = None,
        requires_validation: bool = False,
        access_mode: str = "invitation",
    ) -> dict:
        """Phases 1 à 5 : crée une compétition publiée, avec `num_rounds` journées
        programmées et acceptation automatique des inscriptions
        (requires_validation=false). Retourne {competition_id, season_id, name}.
    
        `requires_validation=True` laisse le mode de validation à son défaut
        (`data-val="true"` déjà sélectionné dans `new-competition-phase-4.html`) au
        lieu de basculer sur l'acceptation automatique : une équipe soumise y reste
        `PendingEnrollment` jusqu'à validation ou rejet explicite d'un admin.
    
        `deactivated_tiebreaks` décoche les critères de départage dont le libellé est
        donné — les sept sont actifs par défaut. Décocher suffit à tester la sélection
        des colonnes : les critères restants gardent l'ordre canonique, et le
        glisser-déposer HTML5 du formulaire est trop fragile pour un test E2E.
    
        `access_mode="open"` bascule l'accès en libre : tous les membres de l'espace
        peuvent s'inscrire, et deviennent donc destinataires de l'annonce
        d'ouverture. Le défaut `invitation` **sans invité** ne désigne personne.
    
        `with_default_bonuses=False` décoche les bonus offensif et défensif, cochés
        par défaut dans le formulaire. Nécessaire dès qu'un test veut des équipes à
        **égalité de points** : avec les bonus, un vainqueur 3-0 et un vainqueur 1-0
        ne totalisent pas la même chose, et toute égalité recherchée est illusoire."""
        competition_name = f"Ligue E2E Lifecycle {time.time_ns()}"
    
        # ── Phase 1 : infos + admin ──────────────────────────────────────────
        # L'admin de compétition doit être l'utilisateur bypass_auth lui-même
        # (« DevCoach ») : /recap et d'autres pages exigent d'être
        # admin d'espace, admin de compétition, ou coach d'une des deux équipes
        # (cf. recap_controller.rs::is_authorized) — un admin choisi au hasard
        # dans les ~100 coachs seedés rendrait ces pages inaccessibles au compte
        # qui exécute les tests.
        page.goto(competition_create_url, wait_until="load")
        page.fill("input[name='name']", competition_name)
        page.wait_for_selector(".coach-result-row", timeout=5000)
        # hx-trigger="keyup changed delay:300ms" — page.fill() ne déclenche pas
        # keyup (juste input/change), la recherche ne partirait jamais.
        page.locator("input[name='q']").press_sequentially(BYPASS_AUTH_COACH_NAME, delay=30)
        page.wait_for_timeout(600)
        page.locator(".coach-result-row", has_text=BYPASS_AUTH_COACH_NAME).first.click()
        page.evaluate(f"document.getElementById('logo_url').value = '{FAKE_LOGO_URL}'")
        with page.expect_navigation(wait_until="load"):
            page.click("button[type='submit']")
    
        match = re.search(r"/competitions/create/([0-9A-Za-z]+)/([0-9A-Za-z]+)/rules", page.url)
>       assert match, f"competition_id/season_id introuvables dans {page.url}"
               ^^^^^
E       AssertionError: competition_id/season_id introuvables dans http://localhost:3210/app/01M2116VWQRGDGFT62EBBW33CY/competitions/create

competition_lifecycle.py:127: AssertionError
_ ERROR at setup of test_le_joueur_indisponible_est_barre_dans_la_liste[chromium] _

browser = <Browser type=<BrowserType name=chromium executable_path=/Users/bagouze/Library/Caches/ms-playwright/chromium-1223/chrome-mac-arm64/Google Chrome for Testing.app/Contents/MacOS/Google Chrome for Testing> version=148.0.7778.96>
space_id = '01M2116VWQRGDGFT62EBBW33CY'

    @pytest.fixture(scope="module")
    def availability_ctx(browser, space_id):
        from competition_lifecycle import build_full_competition
    
>       full = build_full_competition(browser, space_id, num_teams=12)
               ^^^^^^^^^^^^^^^^^^^^^^^^^^^^^^^^^^^^^^^^^^^^^^^^^^^^^^^

test_player_availability_after_injury.py:83: 
_ _ _ _ _ _ _ _ _ _ _ _ _ _ _ _ _ _ _ _ _ _ _ _ _ _ _ _ _ _ _ _ _ _ _ _ _ _ _ _ 
competition_lifecycle.py:586: in build_full_competition
    competition = create_full_competition(
_ _ _ _ _ _ _ _ _ _ _ _ _ _ _ _ _ _ _ _ _ _ _ _ _ _ _ _ _ _ _ _ _ _ _ _ _ _ _ _ 

page = <Page url='http://localhost:3210/app/01M2116VWQRGDGFT62EBBW33CY/competitions/create'>
competition_create_url = 'http://localhost:3210/app/01M2116VWQRGDGFT62EBBW33CY/competitions/create'
num_rounds = 7, tier_xp = 6, with_default_bonuses = True
deactivated_tiebreaks = None, requires_validation = False
access_mode = 'invitation'

    def create_full_competition(
        page: Page,
        competition_create_url: str,
        *,
        num_rounds: int = 7,
        tier_xp: int = 6,
        with_default_bonuses: bool = True,
        deactivated_tiebreaks: list[str] | None = None,
        requires_validation: bool = False,
        access_mode: str = "invitation",
    ) -> dict:
        """Phases 1 à 5 : crée une compétition publiée, avec `num_rounds` journées
        programmées et acceptation automatique des inscriptions
        (requires_validation=false). Retourne {competition_id, season_id, name}.
    
        `requires_validation=True` laisse le mode de validation à son défaut
        (`data-val="true"` déjà sélectionné dans `new-competition-phase-4.html`) au
        lieu de basculer sur l'acceptation automatique : une équipe soumise y reste
        `PendingEnrollment` jusqu'à validation ou rejet explicite d'un admin.
    
        `deactivated_tiebreaks` décoche les critères de départage dont le libellé est
        donné — les sept sont actifs par défaut. Décocher suffit à tester la sélection
        des colonnes : les critères restants gardent l'ordre canonique, et le
        glisser-déposer HTML5 du formulaire est trop fragile pour un test E2E.
    
        `access_mode="open"` bascule l'accès en libre : tous les membres de l'espace
        peuvent s'inscrire, et deviennent donc destinataires de l'annonce
        d'ouverture. Le défaut `invitation` **sans invité** ne désigne personne.
    
        `with_default_bonuses=False` décoche les bonus offensif et défensif, cochés
        par défaut dans le formulaire. Nécessaire dès qu'un test veut des équipes à
        **égalité de points** : avec les bonus, un vainqueur 3-0 et un vainqueur 1-0
        ne totalisent pas la même chose, et toute égalité recherchée est illusoire."""
        competition_name = f"Ligue E2E Lifecycle {time.time_ns()}"
    
        # ── Phase 1 : infos + admin ──────────────────────────────────────────
        # L'admin de compétition doit être l'utilisateur bypass_auth lui-même
        # (« DevCoach ») : /recap et d'autres pages exigent d'être
        # admin d'espace, admin de compétition, ou coach d'une des deux équipes
        # (cf. recap_controller.rs::is_authorized) — un admin choisi au hasard
        # dans les ~100 coachs seedés rendrait ces pages inaccessibles au compte
        # qui exécute les tests.
        page.goto(competition_create_url, wait_until="load")
        page.fill("input[name='name']", competition_name)
        page.wait_for_selector(".coach-result-row", timeout=5000)
        # hx-trigger="keyup changed delay:300ms" — page.fill() ne déclenche pas
        # keyup (juste input/change), la recherche ne partirait jamais.
        page.locator("input[name='q']").press_sequentially(BYPASS_AUTH_COACH_NAME, delay=30)
        page.wait_for_timeout(600)
        page.locator(".coach-result-row", has_text=BYPASS_AUTH_COACH_NAME).first.click()
        page.evaluate(f"document.getElementById('logo_url').value = '{FAKE_LOGO_URL}'")
        with page.expect_navigation(wait_until="load"):
            page.click("button[type='submit']")
    
        match = re.search(r"/competitions/create/([0-9A-Za-z]+)/([0-9A-Za-z]+)/rules", page.url)
>       assert match, f"competition_id/season_id introuvables dans {page.url}"
               ^^^^^
E       AssertionError: competition_id/season_id introuvables dans http://localhost:3210/app/01M2116VWQRGDGFT62EBBW33CY/competitions/create

competition_lifecycle.py:127: AssertionError
____ ERROR at setup of test_les_autres_joueurs_ne_sont_pas_barres[chromium] ____

browser = <Browser type=<BrowserType name=chromium executable_path=/Users/bagouze/Library/Caches/ms-playwright/chromium-1223/chrome-mac-arm64/Google Chrome for Testing.app/Contents/MacOS/Google Chrome for Testing> version=148.0.7778.96>
space_id = '01M2116VWQRGDGFT62EBBW33CY'

    @pytest.fixture(scope="module")
    def availability_ctx(browser, space_id):
        from competition_lifecycle import build_full_competition
    
>       full = build_full_competition(browser, space_id, num_teams=12)
               ^^^^^^^^^^^^^^^^^^^^^^^^^^^^^^^^^^^^^^^^^^^^^^^^^^^^^^^

test_player_availability_after_injury.py:83: 
_ _ _ _ _ _ _ _ _ _ _ _ _ _ _ _ _ _ _ _ _ _ _ _ _ _ _ _ _ _ _ _ _ _ _ _ _ _ _ _ 
competition_lifecycle.py:586: in build_full_competition
    competition = create_full_competition(
_ _ _ _ _ _ _ _ _ _ _ _ _ _ _ _ _ _ _ _ _ _ _ _ _ _ _ _ _ _ _ _ _ _ _ _ _ _ _ _ 

page = <Page url='http://localhost:3210/app/01M2116VWQRGDGFT62EBBW33CY/competitions/create'>
competition_create_url = 'http://localhost:3210/app/01M2116VWQRGDGFT62EBBW33CY/competitions/create'
num_rounds = 7, tier_xp = 6, with_default_bonuses = True
deactivated_tiebreaks = None, requires_validation = False
access_mode = 'invitation'

    def create_full_competition(
        page: Page,
        competition_create_url: str,
        *,
        num_rounds: int = 7,
        tier_xp: int = 6,
        with_default_bonuses: bool = True,
        deactivated_tiebreaks: list[str] | None = None,
        requires_validation: bool = False,
        access_mode: str = "invitation",
    ) -> dict:
        """Phases 1 à 5 : crée une compétition publiée, avec `num_rounds` journées
        programmées et acceptation automatique des inscriptions
        (requires_validation=false). Retourne {competition_id, season_id, name}.
    
        `requires_validation=True` laisse le mode de validation à son défaut
        (`data-val="true"` déjà sélectionné dans `new-competition-phase-4.html`) au
        lieu de basculer sur l'acceptation automatique : une équipe soumise y reste
        `PendingEnrollment` jusqu'à validation ou rejet explicite d'un admin.
    
        `deactivated_tiebreaks` décoche les critères de départage dont le libellé est
        donné — les sept sont actifs par défaut. Décocher suffit à tester la sélection
        des colonnes : les critères restants gardent l'ordre canonique, et le
        glisser-déposer HTML5 du formulaire est trop fragile pour un test E2E.
    
        `access_mode="open"` bascule l'accès en libre : tous les membres de l'espace
        peuvent s'inscrire, et deviennent donc destinataires de l'annonce
        d'ouverture. Le défaut `invitation` **sans invité** ne désigne personne.
    
        `with_default_bonuses=False` décoche les bonus offensif et défensif, cochés
        par défaut dans le formulaire. Nécessaire dès qu'un test veut des équipes à
        **égalité de points** : avec les bonus, un vainqueur 3-0 et un vainqueur 1-0
        ne totalisent pas la même chose, et toute égalité recherchée est illusoire."""
        competition_name = f"Ligue E2E Lifecycle {time.time_ns()}"
    
        # ── Phase 1 : infos + admin ──────────────────────────────────────────
        # L'admin de compétition doit être l'utilisateur bypass_auth lui-même
        # (« DevCoach ») : /recap et d'autres pages exigent d'être
        # admin d'espace, admin de compétition, ou coach d'une des deux équipes
        # (cf. recap_controller.rs::is_authorized) — un admin choisi au hasard
        # dans les ~100 coachs seedés rendrait ces pages inaccessibles au compte
        # qui exécute les tests.
        page.goto(competition_create_url, wait_until="load")
        page.fill("input[name='name']", competition_name)
        page.wait_for_selector(".coach-result-row", timeout=5000)
        # hx-trigger="keyup changed delay:300ms" — page.fill() ne déclenche pas
        # keyup (juste input/change), la recherche ne partirait jamais.
        page.locator("input[name='q']").press_sequentially(BYPASS_AUTH_COACH_NAME, delay=30)
        page.wait_for_timeout(600)
        page.locator(".coach-result-row", has_text=BYPASS_AUTH_COACH_NAME).first.click()
        page.evaluate(f"document.getElementById('logo_url').value = '{FAKE_LOGO_URL}'")
        with page.expect_navigation(wait_until="load"):
            page.click("button[type='submit']")
    
        match = re.search(r"/competitions/create/([0-9A-Za-z]+)/([0-9A-Za-z]+)/rules", page.url)
>       assert match, f"competition_id/season_id introuvables dans {page.url}"
               ^^^^^
E       AssertionError: competition_id/season_id introuvables dans http://localhost:3210/app/01M2116VWQRGDGFT62EBBW33CY/competitions/create

competition_lifecycle.py:127: AssertionError
__ ERROR at setup of test_le_repere_se_reduit_a_son_icone_en_mobile[chromium] __

browser = <Browser type=<BrowserType name=chromium executable_path=/Users/bagouze/Library/Caches/ms-playwright/chromium-1223/chrome-mac-arm64/Google Chrome for Testing.app/Contents/MacOS/Google Chrome for Testing> version=148.0.7778.96>
space_id = '01M2116VWQRGDGFT62EBBW33CY'

    @pytest.fixture(scope="module")
    def availability_ctx(browser, space_id):
        from competition_lifecycle import build_full_competition
    
>       full = build_full_competition(browser, space_id, num_teams=12)
               ^^^^^^^^^^^^^^^^^^^^^^^^^^^^^^^^^^^^^^^^^^^^^^^^^^^^^^^

test_player_availability_after_injury.py:83: 
_ _ _ _ _ _ _ _ _ _ _ _ _ _ _ _ _ _ _ _ _ _ _ _ _ _ _ _ _ _ _ _ _ _ _ _ _ _ _ _ 
competition_lifecycle.py:586: in build_full_competition
    competition = create_full_competition(
_ _ _ _ _ _ _ _ _ _ _ _ _ _ _ _ _ _ _ _ _ _ _ _ _ _ _ _ _ _ _ _ _ _ _ _ _ _ _ _ 

page = <Page url='http://localhost:3210/app/01M2116VWQRGDGFT62EBBW33CY/competitions/create'>
competition_create_url = 'http://localhost:3210/app/01M2116VWQRGDGFT62EBBW33CY/competitions/create'
num_rounds = 7, tier_xp = 6, with_default_bonuses = True
deactivated_tiebreaks = None, requires_validation = False
access_mode = 'invitation'

    def create_full_competition(
        page: Page,
        competition_create_url: str,
        *,
        num_rounds: int = 7,
        tier_xp: int = 6,
        with_default_bonuses: bool = True,
        deactivated_tiebreaks: list[str] | None = None,
        requires_validation: bool = False,
        access_mode: str = "invitation",
    ) -> dict:
        """Phases 1 à 5 : crée une compétition publiée, avec `num_rounds` journées
        programmées et acceptation automatique des inscriptions
        (requires_validation=false). Retourne {competition_id, season_id, name}.
    
        `requires_validation=True` laisse le mode de validation à son défaut
        (`data-val="true"` déjà sélectionné dans `new-competition-phase-4.html`) au
        lieu de basculer sur l'acceptation automatique : une équipe soumise y reste
        `PendingEnrollment` jusqu'à validation ou rejet explicite d'un admin.
    
        `deactivated_tiebreaks` décoche les critères de départage dont le libellé est
        donné — les sept sont actifs par défaut. Décocher suffit à tester la sélection
        des colonnes : les critères restants gardent l'ordre canonique, et le
        glisser-déposer HTML5 du formulaire est trop fragile pour un test E2E.
    
        `access_mode="open"` bascule l'accès en libre : tous les membres de l'espace
        peuvent s'inscrire, et deviennent donc destinataires de l'annonce
        d'ouverture. Le défaut `invitation` **sans invité** ne désigne personne.
    
        `with_default_bonuses=False` décoche les bonus offensif et défensif, cochés
        par défaut dans le formulaire. Nécessaire dès qu'un test veut des équipes à
        **égalité de points** : avec les bonus, un vainqueur 3-0 et un vainqueur 1-0
        ne totalisent pas la même chose, et toute égalité recherchée est illusoire."""
        competition_name = f"Ligue E2E Lifecycle {time.time_ns()}"
    
        # ── Phase 1 : infos + admin ──────────────────────────────────────────
        # L'admin de compétition doit être l'utilisateur bypass_auth lui-même
        # (« DevCoach ») : /recap et d'autres pages exigent d'être
        # admin d'espace, admin de compétition, ou coach d'une des deux équipes
        # (cf. recap_controller.rs::is_authorized) — un admin choisi au hasard
        # dans les ~100 coachs seedés rendrait ces pages inaccessibles au compte
        # qui exécute les tests.
        page.goto(competition_create_url, wait_until="load")
        page.fill("input[name='name']", competition_name)
        page.wait_for_selector(".coach-result-row", timeout=5000)
        # hx-trigger="keyup changed delay:300ms" — page.fill() ne déclenche pas
        # keyup (juste input/change), la recherche ne partirait jamais.
        page.locator("input[name='q']").press_sequentially(BYPASS_AUTH_COACH_NAME, delay=30)
        page.wait_for_timeout(600)
        page.locator(".coach-result-row", has_text=BYPASS_AUTH_COACH_NAME).first.click()
        page.evaluate(f"document.getElementById('logo_url').value = '{FAKE_LOGO_URL}'")
        with page.expect_navigation(wait_until="load"):
            page.click("button[type='submit']")
    
        match = re.search(r"/competitions/create/([0-9A-Za-z]+)/([0-9A-Za-z]+)/rules", page.url)
>       assert match, f"competition_id/season_id introuvables dans {page.url}"
               ^^^^^
E       AssertionError: competition_id/season_id introuvables dans http://localhost:3210/app/01M2116VWQRGDGFT62EBBW33CY/competitions/create

competition_lifecycle.py:127: AssertionError
_ ERROR at teardown of test_une_competence_elite_ajoute_dix_kpo_de_plus_qu_une_standard[chromium] _

console_errors = ['htmx:afterRequest', 'htmx:sendError']

    @pytest.fixture(autouse=True)
    def _fail_on_console_errors(console_errors):
        yield
>       assert not console_errors, f"Erreurs JS détectées dans la console : {console_errors}"
E       AssertionError: Erreurs JS détectées dans la console : ['htmx:afterRequest', 'htmx:sendError']
E       assert not ['htmx:afterRequest', 'htmx:sendError']

conftest.py:223: AssertionError
_ ERROR at setup of test_l_onglet_presences_s_ouvre_en_chargement_complet[chromium] _

browser = <Browser type=<BrowserType name=chromium executable_path=/Users/bagouze/Library/Caches/ms-playwright/chromium-1223/chrome-mac-arm64/Google Chrome for Testing.app/Contents/MacOS/Google Chrome for Testing> version=148.0.7778.96>
space_id = '01M2116VWQRGDGFT62EBBW33CY'

    @pytest.fixture(scope="module")
    def competition(browser, space_id):
        """Une compétition finalisée, avec son calendrier — mais **sans appariements**.
    
        `with_pairings` reste à son défaut : la carte 508 a montré qu'un test qui
        n'en a pas besoin ne doit pas en créer, le tirage étant aléatoire (R17) et
        l'orientation des rapports en découlant.
        """
        # Quatre équipes et trois journées : le minimum pour que la barre latérale ait
        # de quoi lister sans allonger la construction de la fixture.
>       return build_full_competition(browser, space_id, 4, 3)
               ^^^^^^^^^^^^^^^^^^^^^^^^^^^^^^^^^^^^^^^^^^^^^^^

test_presences_tab.py:38: 
_ _ _ _ _ _ _ _ _ _ _ _ _ _ _ _ _ _ _ _ _ _ _ _ _ _ _ _ _ _ _ _ _ _ _ _ _ _ _ _ 
competition_lifecycle.py:586: in build_full_competition
    competition = create_full_competition(
competition_lifecycle.py:114: in create_full_competition
    page.goto(competition_create_url, wait_until="load")
.venv/lib/python3.12/site-packages/playwright/sync_api/_generated.py:9612: in goto
    self._sync(
.venv/lib/python3.12/site-packages/playwright/_impl/_page.py:557: in goto
    return await self._main_frame.goto(**locals_to_params(locals()))
           ^^^^^^^^^^^^^^^^^^^^^^^^^^^^^^^^^^^^^^^^^^^^^^^^^^^^^^^^^
.venv/lib/python3.12/site-packages/playwright/_impl/_frame.py:156: in goto
    await self._channel.send(
.venv/lib/python3.12/site-packages/playwright/_impl/_connection.py:69: in send
    return await self._connection.wrap_api_call(
_ _ _ _ _ _ _ _ _ _ _ _ _ _ _ _ _ _ _ _ _ _ _ _ _ _ _ _ _ _ _ _ _ _ _ _ _ _ _ _ 

self = <playwright._impl._connection.Connection object at 0x107d56960>
cb = <function Channel.send.<locals>.<lambda> at 0x1088e7ba0>
is_internal = False, title = None

    async def wrap_api_call(
        self, cb: Callable[[], Any], is_internal: bool = False, title: str = None
    ) -> Any:
        if self._api_zone.get():
            return await cb()
        task = asyncio.current_task(self._loop)
        st: List[inspect.FrameInfo] = getattr(
            task, "__pw_stack__", None
        ) or inspect.stack(0)
    
        parsed_st = _extract_stack_trace_information_from_stack(st, is_internal, title)
        self._api_zone.set(parsed_st)
        try:
            return await cb()
        except Exception as error:
>           raise rewrite_error(error, f"{parsed_st['apiName']}: {error}") from None
E           playwright._impl._errors.Error: Page.goto: net::ERR_CONNECTION_REFUSED at http://localhost:3210/app/01M2116VWQRGDGFT62EBBW33CY/competitions/create
E           Call log:
E             - navigating to "http://localhost:3210/app/01M2116VWQRGDGFT62EBBW33CY/competitions/create", waiting until "load"

.venv/lib/python3.12/site-packages/playwright/_impl/_connection.py:559: Error
_ ERROR at setup of test_l_onglet_est_atteignable_depuis_le_calendrier_par_htmx[chromium] _

browser = <Browser type=<BrowserType name=chromium executable_path=/Users/bagouze/Library/Caches/ms-playwright/chromium-1223/chrome-mac-arm64/Google Chrome for Testing.app/Contents/MacOS/Google Chrome for Testing> version=148.0.7778.96>
space_id = '01M2116VWQRGDGFT62EBBW33CY'

    @pytest.fixture(scope="module")
    def competition(browser, space_id):
        """Une compétition finalisée, avec son calendrier — mais **sans appariements**.
    
        `with_pairings` reste à son défaut : la carte 508 a montré qu'un test qui
        n'en a pas besoin ne doit pas en créer, le tirage étant aléatoire (R17) et
        l'orientation des rapports en découlant.
        """
        # Quatre équipes et trois journées : le minimum pour que la barre latérale ait
        # de quoi lister sans allonger la construction de la fixture.
>       return build_full_competition(browser, space_id, 4, 3)
               ^^^^^^^^^^^^^^^^^^^^^^^^^^^^^^^^^^^^^^^^^^^^^^^

test_presences_tab.py:38: 
_ _ _ _ _ _ _ _ _ _ _ _ _ _ _ _ _ _ _ _ _ _ _ _ _ _ _ _ _ _ _ _ _ _ _ _ _ _ _ _ 
competition_lifecycle.py:586: in build_full_competition
    competition = create_full_competition(
competition_lifecycle.py:114: in create_full_competition
    page.goto(competition_create_url, wait_until="load")
.venv/lib/python3.12/site-packages/playwright/sync_api/_generated.py:9612: in goto
    self._sync(
.venv/lib/python3.12/site-packages/playwright/_impl/_page.py:557: in goto
    return await self._main_frame.goto(**locals_to_params(locals()))
           ^^^^^^^^^^^^^^^^^^^^^^^^^^^^^^^^^^^^^^^^^^^^^^^^^^^^^^^^^
.venv/lib/python3.12/site-packages/playwright/_impl/_frame.py:156: in goto
    await self._channel.send(
.venv/lib/python3.12/site-packages/playwright/_impl/_connection.py:69: in send
    return await self._connection.wrap_api_call(
_ _ _ _ _ _ _ _ _ _ _ _ _ _ _ _ _ _ _ _ _ _ _ _ _ _ _ _ _ _ _ _ _ _ _ _ _ _ _ _ 

self = <playwright._impl._connection.Connection object at 0x107d56960>
cb = <function Channel.send.<locals>.<lambda> at 0x1088e7ba0>
is_internal = False, title = None

    async def wrap_api_call(
        self, cb: Callable[[], Any], is_internal: bool = False, title: str = None
    ) -> Any:
        if self._api_zone.get():
            return await cb()
        task = asyncio.current_task(self._loop)
        st: List[inspect.FrameInfo] = getattr(
            task, "__pw_stack__", None
        ) or inspect.stack(0)
    
        parsed_st = _extract_stack_trace_information_from_stack(st, is_internal, title)
        self._api_zone.set(parsed_st)
        try:
            return await cb()
        except Exception as error:
>           raise rewrite_error(error, f"{parsed_st['apiName']}: {error}") from None
E           playwright._impl._errors.Error: Page.goto: net::ERR_CONNECTION_REFUSED at http://localhost:3210/app/01M2116VWQRGDGFT62EBBW33CY/competitions/create
E           Call log:
E             - navigating to "http://localhost:3210/app/01M2116VWQRGDGFT62EBBW33CY/competitions/create", waiting until "load"

.venv/lib/python3.12/site-packages/playwright/_impl/_connection.py:559: Error
_ ERROR at setup of test_la_barre_laterale_liste_les_journees_de_la_saison[chromium] _

browser = <Browser type=<BrowserType name=chromium executable_path=/Users/bagouze/Library/Caches/ms-playwright/chromium-1223/chrome-mac-arm64/Google Chrome for Testing.app/Contents/MacOS/Google Chrome for Testing> version=148.0.7778.96>
space_id = '01M2116VWQRGDGFT62EBBW33CY'

    @pytest.fixture(scope="module")
    def competition(browser, space_id):
        """Une compétition finalisée, avec son calendrier — mais **sans appariements**.
    
        `with_pairings` reste à son défaut : la carte 508 a montré qu'un test qui
        n'en a pas besoin ne doit pas en créer, le tirage étant aléatoire (R17) et
        l'orientation des rapports en découlant.
        """
        # Quatre équipes et trois journées : le minimum pour que la barre latérale ait
        # de quoi lister sans allonger la construction de la fixture.
>       return build_full_competition(browser, space_id, 4, 3)
               ^^^^^^^^^^^^^^^^^^^^^^^^^^^^^^^^^^^^^^^^^^^^^^^

test_presences_tab.py:38: 
_ _ _ _ _ _ _ _ _ _ _ _ _ _ _ _ _ _ _ _ _ _ _ _ _ _ _ _ _ _ _ _ _ _ _ _ _ _ _ _ 
competition_lifecycle.py:586: in build_full_competition
    competition = create_full_competition(
competition_lifecycle.py:114: in create_full_competition
    page.goto(competition_create_url, wait_until="load")
.venv/lib/python3.12/site-packages/playwright/sync_api/_generated.py:9612: in goto
    self._sync(
.venv/lib/python3.12/site-packages/playwright/_impl/_page.py:557: in goto
    return await self._main_frame.goto(**locals_to_params(locals()))
           ^^^^^^^^^^^^^^^^^^^^^^^^^^^^^^^^^^^^^^^^^^^^^^^^^^^^^^^^^
.venv/lib/python3.12/site-packages/playwright/_impl/_frame.py:156: in goto
    await self._channel.send(
.venv/lib/python3.12/site-packages/playwright/_impl/_connection.py:69: in send
    return await self._connection.wrap_api_call(
_ _ _ _ _ _ _ _ _ _ _ _ _ _ _ _ _ _ _ _ _ _ _ _ _ _ _ _ _ _ _ _ _ _ _ _ _ _ _ _ 

self = <playwright._impl._connection.Connection object at 0x107d56960>
cb = <function Channel.send.<locals>.<lambda> at 0x1088e7ba0>
is_internal = False, title = None

    async def wrap_api_call(
        self, cb: Callable[[], Any], is_internal: bool = False, title: str = None
    ) -> Any:
        if self._api_zone.get():
            return await cb()
        task = asyncio.current_task(self._loop)
        st: List[inspect.FrameInfo] = getattr(
            task, "__pw_stack__", None
        ) or inspect.stack(0)
    
        parsed_st = _extract_stack_trace_information_from_stack(st, is_internal, title)
        self._api_zone.set(parsed_st)
        try:
            return await cb()
        except Exception as error:
>           raise rewrite_error(error, f"{parsed_st['apiName']}: {error}") from None
E           playwright._impl._errors.Error: Page.goto: net::ERR_CONNECTION_REFUSED at http://localhost:3210/app/01M2116VWQRGDGFT62EBBW33CY/competitions/create
E           Call log:
E             - navigating to "http://localhost:3210/app/01M2116VWQRGDGFT62EBBW33CY/competitions/create", waiting until "load"

.venv/lib/python3.12/site-packages/playwright/_impl/_connection.py:559: Error
___ ERROR at setup of test_le_panneau_invite_a_choisir_une_journee[chromium] ___

browser = <Browser type=<BrowserType name=chromium executable_path=/Users/bagouze/Library/Caches/ms-playwright/chromium-1223/chrome-mac-arm64/Google Chrome for Testing.app/Contents/MacOS/Google Chrome for Testing> version=148.0.7778.96>
space_id = '01M2116VWQRGDGFT62EBBW33CY'

    @pytest.fixture(scope="module")
    def competition(browser, space_id):
        """Une compétition finalisée, avec son calendrier — mais **sans appariements**.
    
        `with_pairings` reste à son défaut : la carte 508 a montré qu'un test qui
        n'en a pas besoin ne doit pas en créer, le tirage étant aléatoire (R17) et
        l'orientation des rapports en découlant.
        """
        # Quatre équipes et trois journées : le minimum pour que la barre latérale ait
        # de quoi lister sans allonger la construction de la fixture.
>       return build_full_competition(browser, space_id, 4, 3)
               ^^^^^^^^^^^^^^^^^^^^^^^^^^^^^^^^^^^^^^^^^^^^^^^

test_presences_tab.py:38: 
_ _ _ _ _ _ _ _ _ _ _ _ _ _ _ _ _ _ _ _ _ _ _ _ _ _ _ _ _ _ _ _ _ _ _ _ _ _ _ _ 
competition_lifecycle.py:586: in build_full_competition
    competition = create_full_competition(
competition_lifecycle.py:114: in create_full_competition
    page.goto(competition_create_url, wait_until="load")
.venv/lib/python3.12/site-packages/playwright/sync_api/_generated.py:9612: in goto
    self._sync(
.venv/lib/python3.12/site-packages/playwright/_impl/_page.py:557: in goto
    return await self._main_frame.goto(**locals_to_params(locals()))
           ^^^^^^^^^^^^^^^^^^^^^^^^^^^^^^^^^^^^^^^^^^^^^^^^^^^^^^^^^
.venv/lib/python3.12/site-packages/playwright/_impl/_frame.py:156: in goto
    await self._channel.send(
.venv/lib/python3.12/site-packages/playwright/_impl/_connection.py:69: in send
    return await self._connection.wrap_api_call(
_ _ _ _ _ _ _ _ _ _ _ _ _ _ _ _ _ _ _ _ _ _ _ _ _ _ _ _ _ _ _ _ _ _ _ _ _ _ _ _ 

self = <playwright._impl._connection.Connection object at 0x107d56960>
cb = <function Channel.send.<locals>.<lambda> at 0x1088e7ba0>
is_internal = False, title = None

    async def wrap_api_call(
        self, cb: Callable[[], Any], is_internal: bool = False, title: str = None
    ) -> Any:
        if self._api_zone.get():
            return await cb()
        task = asyncio.current_task(self._loop)
        st: List[inspect.FrameInfo] = getattr(
            task, "__pw_stack__", None
        ) or inspect.stack(0)
    
        parsed_st = _extract_stack_trace_information_from_stack(st, is_internal, title)
        self._api_zone.set(parsed_st)
        try:
            return await cb()
        except Exception as error:
>           raise rewrite_error(error, f"{parsed_st['apiName']}: {error}") from None
E           playwright._impl._errors.Error: Page.goto: net::ERR_CONNECTION_REFUSED at http://localhost:3210/app/01M2116VWQRGDGFT62EBBW33CY/competitions/create
E           Call log:
E             - navigating to "http://localhost:3210/app/01M2116VWQRGDGFT62EBBW33CY/competitions/create", waiting until "load"

.venv/lib/python3.12/site-packages/playwright/_impl/_connection.py:559: Error
_ ERROR at setup of test_choisir_une_journee_montre_l_etat_aucun_sondage[chromium] _

browser = <Browser type=<BrowserType name=chromium executable_path=/Users/bagouze/Library/Caches/ms-playwright/chromium-1223/chrome-mac-arm64/Google Chrome for Testing.app/Contents/MacOS/Google Chrome for Testing> version=148.0.7778.96>
space_id = '01M2116VWQRGDGFT62EBBW33CY'

    @pytest.fixture(scope="module")
    def competition(browser, space_id):
        """Une compétition finalisée, avec son calendrier — mais **sans appariements**.
    
        `with_pairings` reste à son défaut : la carte 508 a montré qu'un test qui
        n'en a pas besoin ne doit pas en créer, le tirage étant aléatoire (R17) et
        l'orientation des rapports en découlant.
        """
        # Quatre équipes et trois journées : le minimum pour que la barre latérale ait
        # de quoi lister sans allonger la construction de la fixture.
>       return build_full_competition(browser, space_id, 4, 3)
               ^^^^^^^^^^^^^^^^^^^^^^^^^^^^^^^^^^^^^^^^^^^^^^^

test_presences_tab.py:38: 
_ _ _ _ _ _ _ _ _ _ _ _ _ _ _ _ _ _ _ _ _ _ _ _ _ _ _ _ _ _ _ _ _ _ _ _ _ _ _ _ 
competition_lifecycle.py:586: in build_full_competition
    competition = create_full_competition(
competition_lifecycle.py:114: in create_full_competition
    page.goto(competition_create_url, wait_until="load")
.venv/lib/python3.12/site-packages/playwright/sync_api/_generated.py:9612: in goto
    self._sync(
.venv/lib/python3.12/site-packages/playwright/_impl/_page.py:557: in goto
    return await self._main_frame.goto(**locals_to_params(locals()))
           ^^^^^^^^^^^^^^^^^^^^^^^^^^^^^^^^^^^^^^^^^^^^^^^^^^^^^^^^^
.venv/lib/python3.12/site-packages/playwright/_impl/_frame.py:156: in goto
    await self._channel.send(
.venv/lib/python3.12/site-packages/playwright/_impl/_connection.py:69: in send
    return await self._connection.wrap_api_call(
_ _ _ _ _ _ _ _ _ _ _ _ _ _ _ _ _ _ _ _ _ _ _ _ _ _ _ _ _ _ _ _ _ _ _ _ _ _ _ _ 

self = <playwright._impl._connection.Connection object at 0x107d56960>
cb = <function Channel.send.<locals>.<lambda> at 0x1088e7ba0>
is_internal = False, title = None

    async def wrap_api_call(
        self, cb: Callable[[], Any], is_internal: bool = False, title: str = None
    ) -> Any:
        if self._api_zone.get():
            return await cb()
        task = asyncio.current_task(self._loop)
        st: List[inspect.FrameInfo] = getattr(
            task, "__pw_stack__", None
        ) or inspect.stack(0)
    
        parsed_st = _extract_stack_trace_information_from_stack(st, is_internal, title)
        self._api_zone.set(parsed_st)
        try:
            return await cb()
        except Exception as error:
>           raise rewrite_error(error, f"{parsed_st['apiName']}: {error}") from None
E           playwright._impl._errors.Error: Page.goto: net::ERR_CONNECTION_REFUSED at http://localhost:3210/app/01M2116VWQRGDGFT62EBBW33CY/competitions/create
E           Call log:
E             - navigating to "http://localhost:3210/app/01M2116VWQRGDGFT62EBBW33CY/competitions/create", waiting until "load"

.venv/lib/python3.12/site-packages/playwright/_impl/_connection.py:559: Error
_ ERROR at setup of test_un_membre_simple_est_refuse_sur_l_onglet_et_ses_fragments[chromium-] _

browser = <Browser type=<BrowserType name=chromium executable_path=/Users/bagouze/Library/Caches/ms-playwright/chromium-1223/chrome-mac-arm64/Google Chrome for Testing.app/Contents/MacOS/Google Chrome for Testing> version=148.0.7778.96>
space_id = '01M2116VWQRGDGFT62EBBW33CY'

    @pytest.fixture(scope="module")
    def competition(browser, space_id):
        """Une compétition finalisée, avec son calendrier — mais **sans appariements**.
    
        `with_pairings` reste à son défaut : la carte 508 a montré qu'un test qui
        n'en a pas besoin ne doit pas en créer, le tirage étant aléatoire (R17) et
        l'orientation des rapports en découlant.
        """
        # Quatre équipes et trois journées : le minimum pour que la barre latérale ait
        # de quoi lister sans allonger la construction de la fixture.
>       return build_full_competition(browser, space_id, 4, 3)
               ^^^^^^^^^^^^^^^^^^^^^^^^^^^^^^^^^^^^^^^^^^^^^^^

test_presences_tab.py:38: 
_ _ _ _ _ _ _ _ _ _ _ _ _ _ _ _ _ _ _ _ _ _ _ _ _ _ _ _ _ _ _ _ _ _ _ _ _ _ _ _ 
competition_lifecycle.py:586: in build_full_competition
    competition = create_full_competition(
competition_lifecycle.py:114: in create_full_competition
    page.goto(competition_create_url, wait_until="load")
.venv/lib/python3.12/site-packages/playwright/sync_api/_generated.py:9612: in goto
    self._sync(
.venv/lib/python3.12/site-packages/playwright/_impl/_page.py:557: in goto
    return await self._main_frame.goto(**locals_to_params(locals()))
           ^^^^^^^^^^^^^^^^^^^^^^^^^^^^^^^^^^^^^^^^^^^^^^^^^^^^^^^^^
.venv/lib/python3.12/site-packages/playwright/_impl/_frame.py:156: in goto
    await self._channel.send(
.venv/lib/python3.12/site-packages/playwright/_impl/_connection.py:69: in send
    return await self._connection.wrap_api_call(
_ _ _ _ _ _ _ _ _ _ _ _ _ _ _ _ _ _ _ _ _ _ _ _ _ _ _ _ _ _ _ _ _ _ _ _ _ _ _ _ 

self = <playwright._impl._connection.Connection object at 0x107d56960>
cb = <function Channel.send.<locals>.<lambda> at 0x1088e7ba0>
is_internal = False, title = None

    async def wrap_api_call(
        self, cb: Callable[[], Any], is_internal: bool = False, title: str = None
    ) -> Any:
        if self._api_zone.get():
            return await cb()
        task = asyncio.current_task(self._loop)
        st: List[inspect.FrameInfo] = getattr(
            task, "__pw_stack__", None
        ) or inspect.stack(0)
    
        parsed_st = _extract_stack_trace_information_from_stack(st, is_internal, title)
        self._api_zone.set(parsed_st)
        try:
            return await cb()
        except Exception as error:
>           raise rewrite_error(error, f"{parsed_st['apiName']}: {error}") from None
E           playwright._impl._errors.Error: Page.goto: net::ERR_CONNECTION_REFUSED at http://localhost:3210/app/01M2116VWQRGDGFT62EBBW33CY/competitions/create
E           Call log:
E             - navigating to "http://localhost:3210/app/01M2116VWQRGDGFT62EBBW33CY/competitions/create", waiting until "load"

.venv/lib/python3.12/site-packages/playwright/_impl/_connection.py:559: Error
_ ERROR at setup of test_un_succes_rend_un_corps_vide_et_declenche_presence_changed[chromium] _

browser = <Browser type=<BrowserType name=chromium executable_path=/Users/bagouze/Library/Caches/ms-playwright/chromium-1223/chrome-mac-arm64/Google Chrome for Testing.app/Contents/MacOS/Google Chrome for Testing> version=148.0.7778.96>
space_id = '01M2116VWQRGDGFT62EBBW33CY'

    @pytest.fixture(scope="module")
    def competition(browser, space_id):
        """Une compétition finalisée, avec son calendrier — mais **sans appariements**.
    
        `with_pairings` reste à son défaut : la carte 508 a montré qu'un test qui
        n'en a pas besoin ne doit pas en créer, le tirage étant aléatoire (R17) et
        l'orientation des rapports en découlant.
        """
        # Quatre équipes et trois journées : le minimum pour que la barre latérale ait
        # de quoi lister sans allonger la construction de la fixture.
>       return build_full_competition(browser, space_id, 4, 3)
               ^^^^^^^^^^^^^^^^^^^^^^^^^^^^^^^^^^^^^^^^^^^^^^^

test_presences_tab.py:38: 
_ _ _ _ _ _ _ _ _ _ _ _ _ _ _ _ _ _ _ _ _ _ _ _ _ _ _ _ _ _ _ _ _ _ _ _ _ _ _ _ 
competition_lifecycle.py:586: in build_full_competition
    competition = create_full_competition(
competition_lifecycle.py:114: in create_full_competition
    page.goto(competition_create_url, wait_until="load")
.venv/lib/python3.12/site-packages/playwright/sync_api/_generated.py:9612: in goto
    self._sync(
.venv/lib/python3.12/site-packages/playwright/_impl/_page.py:557: in goto
    return await self._main_frame.goto(**locals_to_params(locals()))
           ^^^^^^^^^^^^^^^^^^^^^^^^^^^^^^^^^^^^^^^^^^^^^^^^^^^^^^^^^
.venv/lib/python3.12/site-packages/playwright/_impl/_frame.py:156: in goto
    await self._channel.send(
.venv/lib/python3.12/site-packages/playwright/_impl/_connection.py:69: in send
    return await self._connection.wrap_api_call(
_ _ _ _ _ _ _ _ _ _ _ _ _ _ _ _ _ _ _ _ _ _ _ _ _ _ _ _ _ _ _ _ _ _ _ _ _ _ _ _ 

self = <playwright._impl._connection.Connection object at 0x107d56960>
cb = <function Channel.send.<locals>.<lambda> at 0x1088e7ba0>
is_internal = False, title = None

    async def wrap_api_call(
        self, cb: Callable[[], Any], is_internal: bool = False, title: str = None
    ) -> Any:
        if self._api_zone.get():
            return await cb()
        task = asyncio.current_task(self._loop)
        st: List[inspect.FrameInfo] = getattr(
            task, "__pw_stack__", None
        ) or inspect.stack(0)
    
        parsed_st = _extract_stack_trace_information_from_stack(st, is_internal, title)
        self._api_zone.set(parsed_st)
        try:
            return await cb()
        except Exception as error:
>           raise rewrite_error(error, f"{parsed_st['apiName']}: {error}") from None
E           playwright._impl._errors.Error: Page.goto: net::ERR_CONNECTION_REFUSED at http://localhost:3210/app/01M2116VWQRGDGFT62EBBW33CY/competitions/create
E           Call log:
E             - navigating to "http://localhost:3210/app/01M2116VWQRGDGFT62EBBW33CY/competitions/create", waiting until "load"

.venv/lib/python3.12/site-packages/playwright/_impl/_connection.py:559: Error
_ ERROR at setup of test_un_refus_metier_rend_le_panneau_avec_son_motif[chromium] _

browser = <Browser type=<BrowserType name=chromium executable_path=/Users/bagouze/Library/Caches/ms-playwright/chromium-1223/chrome-mac-arm64/Google Chrome for Testing.app/Contents/MacOS/Google Chrome for Testing> version=148.0.7778.96>
space_id = '01M2116VWQRGDGFT62EBBW33CY'

    @pytest.fixture(scope="module")
    def competition(browser, space_id):
        """Une compétition finalisée, avec son calendrier — mais **sans appariements**.
    
        `with_pairings` reste à son défaut : la carte 508 a montré qu'un test qui
        n'en a pas besoin ne doit pas en créer, le tirage étant aléatoire (R17) et
        l'orientation des rapports en découlant.
        """
        # Quatre équipes et trois journées : le minimum pour que la barre latérale ait
        # de quoi lister sans allonger la construction de la fixture.
>       return build_full_competition(browser, space_id, 4, 3)
               ^^^^^^^^^^^^^^^^^^^^^^^^^^^^^^^^^^^^^^^^^^^^^^^

test_presences_tab.py:38: 
_ _ _ _ _ _ _ _ _ _ _ _ _ _ _ _ _ _ _ _ _ _ _ _ _ _ _ _ _ _ _ _ _ _ _ _ _ _ _ _ 
competition_lifecycle.py:586: in build_full_competition
    competition = create_full_competition(
competition_lifecycle.py:114: in create_full_competition
    page.goto(competition_create_url, wait_until="load")
.venv/lib/python3.12/site-packages/playwright/sync_api/_generated.py:9612: in goto
    self._sync(
.venv/lib/python3.12/site-packages/playwright/_impl/_page.py:557: in goto
    return await self._main_frame.goto(**locals_to_params(locals()))
           ^^^^^^^^^^^^^^^^^^^^^^^^^^^^^^^^^^^^^^^^^^^^^^^^^^^^^^^^^
.venv/lib/python3.12/site-packages/playwright/_impl/_frame.py:156: in goto
    await self._channel.send(
.venv/lib/python3.12/site-packages/playwright/_impl/_connection.py:69: in send
    return await self._connection.wrap_api_call(
_ _ _ _ _ _ _ _ _ _ _ _ _ _ _ _ _ _ _ _ _ _ _ _ _ _ _ _ _ _ _ _ _ _ _ _ _ _ _ _ 

self = <playwright._impl._connection.Connection object at 0x107d56960>
cb = <function Channel.send.<locals>.<lambda> at 0x1088e7ba0>
is_internal = False, title = None

    async def wrap_api_call(
        self, cb: Callable[[], Any], is_internal: bool = False, title: str = None
    ) -> Any:
        if self._api_zone.get():
            return await cb()
        task = asyncio.current_task(self._loop)
        st: List[inspect.FrameInfo] = getattr(
            task, "__pw_stack__", None
        ) or inspect.stack(0)
    
        parsed_st = _extract_stack_trace_information_from_stack(st, is_internal, title)
        self._api_zone.set(parsed_st)
        try:
            return await cb()
        except Exception as error:
>           raise rewrite_error(error, f"{parsed_st['apiName']}: {error}") from None
E           playwright._impl._errors.Error: Page.goto: net::ERR_CONNECTION_REFUSED at http://localhost:3210/app/01M2116VWQRGDGFT62EBBW33CY/competitions/create
E           Call log:
E             - navigating to "http://localhost:3210/app/01M2116VWQRGDGFT62EBBW33CY/competitions/create", waiting until "load"

.venv/lib/python3.12/site-packages/playwright/_impl/_connection.py:559: Error
___ ERROR at setup of test_aggressive_bonus_reflected_in_standings[chromium] ___

browser = <Browser type=<BrowserType name=chromium executable_path=/Users/bagouze/Library/Caches/ms-playwright/chromium-1223/chrome-mac-arm64/Google Chrome for Testing.app/Contents/MacOS/Google Chrome for Testing> version=148.0.7778.96>
space_id = '01M2116VWQRGDGFT62EBBW33CY'

    @pytest.fixture(scope="module")
    def bonus_ctx(browser, space_id):
        """Compétition dédiée avec bonus agressif + 4 équipes inscrites + 3 journées pairées."""
        page = browser.new_page()
        try:
            create_url = f"{BASE_URL}/app/{space_id}/competitions/create"
>           comp = _create_competition_with_aggressive_bonus(page, create_url, num_rounds=3)
                   ^^^^^^^^^^^^^^^^^^^^^^^^^^^^^^^^^^^^^^^^^^^^^^^^^^^^^^^^^^^^^^^^^^^^^^^^^

test_ranking_bonus.py:108: 
_ _ _ _ _ _ _ _ _ _ _ _ _ _ _ _ _ _ _ _ _ _ _ _ _ _ _ _ _ _ _ _ _ _ _ _ _ _ _ _ 
test_ranking_bonus.py:54: in _create_competition_with_aggressive_bonus
    page.goto(competition_create_url, wait_until="load")
.venv/lib/python3.12/site-packages/playwright/sync_api/_generated.py:9612: in goto
    self._sync(
.venv/lib/python3.12/site-packages/playwright/_impl/_page.py:557: in goto
    return await self._main_frame.goto(**locals_to_params(locals()))
           ^^^^^^^^^^^^^^^^^^^^^^^^^^^^^^^^^^^^^^^^^^^^^^^^^^^^^^^^^
.venv/lib/python3.12/site-packages/playwright/_impl/_frame.py:156: in goto
    await self._channel.send(
.venv/lib/python3.12/site-packages/playwright/_impl/_connection.py:69: in send
    return await self._connection.wrap_api_call(
_ _ _ _ _ _ _ _ _ _ _ _ _ _ _ _ _ _ _ _ _ _ _ _ _ _ _ _ _ _ _ _ _ _ _ _ _ _ _ _ 

self = <playwright._impl._connection.Connection object at 0x107d56960>
cb = <function Channel.send.<locals>.<lambda> at 0x108bc2660>
is_internal = False, title = None

    async def wrap_api_call(
        self, cb: Callable[[], Any], is_internal: bool = False, title: str = None
    ) -> Any:
        if self._api_zone.get():
            return await cb()
        task = asyncio.current_task(self._loop)
        st: List[inspect.FrameInfo] = getattr(
            task, "__pw_stack__", None
        ) or inspect.stack(0)
    
        parsed_st = _extract_stack_trace_information_from_stack(st, is_internal, title)
        self._api_zone.set(parsed_st)
        try:
            return await cb()
        except Exception as error:
>           raise rewrite_error(error, f"{parsed_st['apiName']}: {error}") from None
E           playwright._impl._errors.Error: Page.goto: net::ERR_CONNECTION_REFUSED at http://localhost:3210/app/01M2116VWQRGDGFT62EBBW33CY/competitions/create
E           Call log:
E             - navigating to "http://localhost:3210/app/01M2116VWQRGDGFT62EBBW33CY/competitions/create", waiting until "load"

.venv/lib/python3.12/site-packages/playwright/_impl/_connection.py:559: Error
_ ERROR at setup of test_first_criterion_orders_teams_tied_on_points[chromium] _

browser = <Browser type=<BrowserType name=chromium executable_path=/Users/bagouze/Library/Caches/ms-playwright/chromium-1223/chrome-mac-arm64/Google Chrome for Testing.app/Contents/MacOS/Google Chrome for Testing> version=148.0.7778.96>
space_id = '01M2116VWQRGDGFT62EBBW33CY'

    @pytest.fixture(scope="module")
    def order_ctx(browser, space_id):
        """4 équipes, 2 journées — pour le scénario « le critère ordonne »."""
>       ctx = build_full_competition(browser, space_id, num_teams=4, num_rounds=2, with_default_bonuses=False)
              ^^^^^^^^^^^^^^^^^^^^^^^^^^^^^^^^^^^^^^^^^^^^^^^^^^^^^^^^^^^^^^^^^^^^^^^^^^^^^^^^^^^^^^^^^^^^^^^^

test_ranking_tiebreak.py:77: 
_ _ _ _ _ _ _ _ _ _ _ _ _ _ _ _ _ _ _ _ _ _ _ _ _ _ _ _ _ _ _ _ _ _ _ _ _ _ _ _ 
competition_lifecycle.py:586: in build_full_competition
    competition = create_full_competition(
competition_lifecycle.py:114: in create_full_competition
    page.goto(competition_create_url, wait_until="load")
.venv/lib/python3.12/site-packages/playwright/sync_api/_generated.py:9612: in goto
    self._sync(
.venv/lib/python3.12/site-packages/playwright/_impl/_page.py:557: in goto
    return await self._main_frame.goto(**locals_to_params(locals()))
           ^^^^^^^^^^^^^^^^^^^^^^^^^^^^^^^^^^^^^^^^^^^^^^^^^^^^^^^^^
.venv/lib/python3.12/site-packages/playwright/_impl/_frame.py:156: in goto
    await self._channel.send(
.venv/lib/python3.12/site-packages/playwright/_impl/_connection.py:69: in send
    return await self._connection.wrap_api_call(
_ _ _ _ _ _ _ _ _ _ _ _ _ _ _ _ _ _ _ _ _ _ _ _ _ _ _ _ _ _ _ _ _ _ _ _ _ _ _ _ 

self = <playwright._impl._connection.Connection object at 0x107d56960>
cb = <function Channel.send.<locals>.<lambda> at 0x1088fccc0>
is_internal = False, title = None

    async def wrap_api_call(
        self, cb: Callable[[], Any], is_internal: bool = False, title: str = None
    ) -> Any:
        if self._api_zone.get():
            return await cb()
        task = asyncio.current_task(self._loop)
        st: List[inspect.FrameInfo] = getattr(
            task, "__pw_stack__", None
        ) or inspect.stack(0)
    
        parsed_st = _extract_stack_trace_information_from_stack(st, is_internal, title)
        self._api_zone.set(parsed_st)
        try:
            return await cb()
        except Exception as error:
>           raise rewrite_error(error, f"{parsed_st['apiName']}: {error}") from None
E           playwright._impl._errors.Error: Page.goto: net::ERR_CONNECTION_REFUSED at http://localhost:3210/app/01M2116VWQRGDGFT62EBBW33CY/competitions/create
E           Call log:
E             - navigating to "http://localhost:3210/app/01M2116VWQRGDGFT62EBBW33CY/competitions/create", waiting until "load"

.venv/lib/python3.12/site-packages/playwright/_impl/_connection.py:559: Error
_ ERROR at setup of test_teams_equal_on_every_criterion_share_a_rank_and_the_next_one_skips[chromium] _

browser = <Browser type=<BrowserType name=chromium executable_path=/Users/bagouze/Library/Caches/ms-playwright/chromium-1223/chrome-mac-arm64/Google Chrome for Testing.app/Contents/MacOS/Google Chrome for Testing> version=148.0.7778.96>
space_id = '01M2116VWQRGDGFT62EBBW33CY'

    @pytest.fixture(scope="module")
    def tie_ctx(browser, space_id):
        """4 équipes, 4 journées — pour le scénario « ex æquo et numérotation »."""
>       ctx = build_full_competition(browser, space_id, num_teams=4, num_rounds=4, with_default_bonuses=False)
              ^^^^^^^^^^^^^^^^^^^^^^^^^^^^^^^^^^^^^^^^^^^^^^^^^^^^^^^^^^^^^^^^^^^^^^^^^^^^^^^^^^^^^^^^^^^^^^^^

test_ranking_tiebreak.py:85: 
_ _ _ _ _ _ _ _ _ _ _ _ _ _ _ _ _ _ _ _ _ _ _ _ _ _ _ _ _ _ _ _ _ _ _ _ _ _ _ _ 
competition_lifecycle.py:586: in build_full_competition
    competition = create_full_competition(
competition_lifecycle.py:114: in create_full_competition
    page.goto(competition_create_url, wait_until="load")
.venv/lib/python3.12/site-packages/playwright/sync_api/_generated.py:9612: in goto
    self._sync(
.venv/lib/python3.12/site-packages/playwright/_impl/_page.py:557: in goto
    return await self._main_frame.goto(**locals_to_params(locals()))
           ^^^^^^^^^^^^^^^^^^^^^^^^^^^^^^^^^^^^^^^^^^^^^^^^^^^^^^^^^
.venv/lib/python3.12/site-packages/playwright/_impl/_frame.py:156: in goto
    await self._channel.send(
.venv/lib/python3.12/site-packages/playwright/_impl/_connection.py:69: in send
    return await self._connection.wrap_api_call(
_ _ _ _ _ _ _ _ _ _ _ _ _ _ _ _ _ _ _ _ _ _ _ _ _ _ _ _ _ _ _ _ _ _ _ _ _ _ _ _ 

self = <playwright._impl._connection.Connection object at 0x107d56960>
cb = <function Channel.send.<locals>.<lambda> at 0x108794c20>
is_internal = False, title = None

    async def wrap_api_call(
        self, cb: Callable[[], Any], is_internal: bool = False, title: str = None
    ) -> Any:
        if self._api_zone.get():
            return await cb()
        task = asyncio.current_task(self._loop)
        st: List[inspect.FrameInfo] = getattr(
            task, "__pw_stack__", None
        ) or inspect.stack(0)
    
        parsed_st = _extract_stack_trace_information_from_stack(st, is_internal, title)
        self._api_zone.set(parsed_st)
        try:
            return await cb()
        except Exception as error:
>           raise rewrite_error(error, f"{parsed_st['apiName']}: {error}") from None
E           playwright._impl._errors.Error: Page.goto: net::ERR_CONNECTION_REFUSED at http://localhost:3210/app/01M2116VWQRGDGFT62EBBW33CY/competitions/create
E           Call log:
E             - navigating to "http://localhost:3210/app/01M2116VWQRGDGFT62EBBW33CY/competitions/create", waiting until "load"

.venv/lib/python3.12/site-packages/playwright/_impl/_connection.py:559: Error
___ ERROR at setup of test_every_team_ranked_first_gets_the_trophy[chromium] ___

browser = <Browser type=<BrowserType name=chromium executable_path=/Users/bagouze/Library/Caches/ms-playwright/chromium-1223/chrome-mac-arm64/Google Chrome for Testing.app/Contents/MacOS/Google Chrome for Testing> version=148.0.7778.96>
space_id = '01M2116VWQRGDGFT62EBBW33CY'

    @pytest.fixture(scope="module")
    def tie_ctx(browser, space_id):
        """4 équipes, 4 journées — pour le scénario « ex æquo et numérotation »."""
>       ctx = build_full_competition(browser, space_id, num_teams=4, num_rounds=4, with_default_bonuses=False)
              ^^^^^^^^^^^^^^^^^^^^^^^^^^^^^^^^^^^^^^^^^^^^^^^^^^^^^^^^^^^^^^^^^^^^^^^^^^^^^^^^^^^^^^^^^^^^^^^^

test_ranking_tiebreak.py:85: 
_ _ _ _ _ _ _ _ _ _ _ _ _ _ _ _ _ _ _ _ _ _ _ _ _ _ _ _ _ _ _ _ _ _ _ _ _ _ _ _ 
competition_lifecycle.py:586: in build_full_competition
    competition = create_full_competition(
competition_lifecycle.py:114: in create_full_competition
    page.goto(competition_create_url, wait_until="load")
.venv/lib/python3.12/site-packages/playwright/sync_api/_generated.py:9612: in goto
    self._sync(
.venv/lib/python3.12/site-packages/playwright/_impl/_page.py:557: in goto
    return await self._main_frame.goto(**locals_to_params(locals()))
           ^^^^^^^^^^^^^^^^^^^^^^^^^^^^^^^^^^^^^^^^^^^^^^^^^^^^^^^^^
.venv/lib/python3.12/site-packages/playwright/_impl/_frame.py:156: in goto
    await self._channel.send(
.venv/lib/python3.12/site-packages/playwright/_impl/_connection.py:69: in send
    return await self._connection.wrap_api_call(
_ _ _ _ _ _ _ _ _ _ _ _ _ _ _ _ _ _ _ _ _ _ _ _ _ _ _ _ _ _ _ _ _ _ _ _ _ _ _ _ 

self = <playwright._impl._connection.Connection object at 0x107d56960>
cb = <function Channel.send.<locals>.<lambda> at 0x108794c20>
is_internal = False, title = None

    async def wrap_api_call(
        self, cb: Callable[[], Any], is_internal: bool = False, title: str = None
    ) -> Any:
        if self._api_zone.get():
            return await cb()
        task = asyncio.current_task(self._loop)
        st: List[inspect.FrameInfo] = getattr(
            task, "__pw_stack__", None
        ) or inspect.stack(0)
    
        parsed_st = _extract_stack_trace_information_from_stack(st, is_internal, title)
        self._api_zone.set(parsed_st)
        try:
            return await cb()
        except Exception as error:
>           raise rewrite_error(error, f"{parsed_st['apiName']}: {error}") from None
E           playwright._impl._errors.Error: Page.goto: net::ERR_CONNECTION_REFUSED at http://localhost:3210/app/01M2116VWQRGDGFT62EBBW33CY/competitions/create
E           Call log:
E             - navigating to "http://localhost:3210/app/01M2116VWQRGDGFT62EBBW33CY/competitions/create", waiting until "load"

.venv/lib/python3.12/site-packages/playwright/_impl/_connection.py:559: Error
_ ERROR at setup of test_un_rapport_en_cours_apparait_aux_resultats[chromium] __

browser = <Browser type=<BrowserType name=chromium executable_path=/Users/bagouze/Library/Caches/ms-playwright/chromium-1223/chrome-mac-arm64/Google Chrome for Testing.app/Contents/MacOS/Google Chrome for Testing> version=148.0.7778.96>
space_id = '01M2116VWQRGDGFT62EBBW33CY'

    @pytest.fixture(scope="module")
    def contexte(browser, space_id):
        from competition_lifecycle import build_full_competition
    
        # Quatre équipes : `generate-all` en apparie deux couples, et il reste
        # donc des paires que rien ne programme — la matière d'un rapport manuel.
>       return build_full_competition(browser, space_id, num_teams=4, num_rounds=1)
               ^^^^^^^^^^^^^^^^^^^^^^^^^^^^^^^^^^^^^^^^^^^^^^^^^^^^^^^^^^^^^^^^^^^^

test_rapport_manuel_visible.py:34: 
_ _ _ _ _ _ _ _ _ _ _ _ _ _ _ _ _ _ _ _ _ _ _ _ _ _ _ _ _ _ _ _ _ _ _ _ _ _ _ _ 
competition_lifecycle.py:586: in build_full_competition
    competition = create_full_competition(
competition_lifecycle.py:114: in create_full_competition
    page.goto(competition_create_url, wait_until="load")
.venv/lib/python3.12/site-packages/playwright/sync_api/_generated.py:9612: in goto
    self._sync(
.venv/lib/python3.12/site-packages/playwright/_impl/_page.py:557: in goto
    return await self._main_frame.goto(**locals_to_params(locals()))
           ^^^^^^^^^^^^^^^^^^^^^^^^^^^^^^^^^^^^^^^^^^^^^^^^^^^^^^^^^
.venv/lib/python3.12/site-packages/playwright/_impl/_frame.py:156: in goto
    await self._channel.send(
.venv/lib/python3.12/site-packages/playwright/_impl/_connection.py:69: in send
    return await self._connection.wrap_api_call(
_ _ _ _ _ _ _ _ _ _ _ _ _ _ _ _ _ _ _ _ _ _ _ _ _ _ _ _ _ _ _ _ _ _ _ _ _ _ _ _ 

self = <playwright._impl._connection.Connection object at 0x107d56960>
cb = <function Channel.send.<locals>.<lambda> at 0x108b0b1a0>
is_internal = False, title = None

    async def wrap_api_call(
        self, cb: Callable[[], Any], is_internal: bool = False, title: str = None
    ) -> Any:
        if self._api_zone.get():
            return await cb()
        task = asyncio.current_task(self._loop)
        st: List[inspect.FrameInfo] = getattr(
            task, "__pw_stack__", None
        ) or inspect.stack(0)
    
        parsed_st = _extract_stack_trace_information_from_stack(st, is_internal, title)
        self._api_zone.set(parsed_st)
        try:
            return await cb()
        except Exception as error:
>           raise rewrite_error(error, f"{parsed_st['apiName']}: {error}") from None
E           playwright._impl._errors.Error: Page.goto: net::ERR_CONNECTION_REFUSED at http://localhost:3210/app/01M2116VWQRGDGFT62EBBW33CY/competitions/create
E           Call log:
E             - navigating to "http://localhost:3210/app/01M2116VWQRGDGFT62EBBW33CY/competitions/create", waiting until "load"

.venv/lib/python3.12/site-packages/playwright/_impl/_connection.py:559: Error
_______ ERROR at setup of test_01_banniere_ouvre_le_catalogue[chromium] ________

browser = <Browser type=<BrowserType name=chromium executable_path=/Users/bagouze/Library/Caches/ms-playwright/chromium-1223/chrome-mac-arm64/Google Chrome for Testing.app/Contents/MacOS/Google Chrome for Testing> version=148.0.7778.96>
space_id = '01M2116VWQRGDGFT62EBBW33CY'

    @pytest.fixture(scope="module")
    def recrutement_ctx(browser, space_id):
        """Un match entre les deux équipes les amène toutes deux en phase
        d'amélioration ; la valider les fait entrer en recrutement.
    
        L'équipe 1 est un roster **Lanterniers**, seul roster de démo sans
        apothicaire — c'est la seule façon de voir une ligne de staff refusée par le
        roster (scénario 6), et rien d'autre ne l'exige.
        """
>       full = build_full_competition(
            browser, space_id, num_teams=2, num_rounds=2,
            roster_uids=["DEMO_GRANIT", "DEMO_LANTERNE"],
        )

test_recruitment_phase.py:159: 
_ _ _ _ _ _ _ _ _ _ _ _ _ _ _ _ _ _ _ _ _ _ _ _ _ _ _ _ _ _ _ _ _ _ _ _ _ _ _ _ 
competition_lifecycle.py:586: in build_full_competition
    competition = create_full_competition(
competition_lifecycle.py:114: in create_full_competition
    page.goto(competition_create_url, wait_until="load")
.venv/lib/python3.12/site-packages/playwright/sync_api/_generated.py:9612: in goto
    self._sync(
.venv/lib/python3.12/site-packages/playwright/_impl/_page.py:557: in goto
    return await self._main_frame.goto(**locals_to_params(locals()))
           ^^^^^^^^^^^^^^^^^^^^^^^^^^^^^^^^^^^^^^^^^^^^^^^^^^^^^^^^^
.venv/lib/python3.12/site-packages/playwright/_impl/_frame.py:156: in goto
    await self._channel.send(
.venv/lib/python3.12/site-packages/playwright/_impl/_connection.py:69: in send
    return await self._connection.wrap_api_call(
_ _ _ _ _ _ _ _ _ _ _ _ _ _ _ _ _ _ _ _ _ _ _ _ _ _ _ _ _ _ _ _ _ _ _ _ _ _ _ _ 

self = <playwright._impl._connection.Connection object at 0x107d56960>
cb = <function Channel.send.<locals>.<lambda> at 0x108b08ae0>
is_internal = False, title = None

    async def wrap_api_call(
        self, cb: Callable[[], Any], is_internal: bool = False, title: str = None
    ) -> Any:
        if self._api_zone.get():
            return await cb()
        task = asyncio.current_task(self._loop)
        st: List[inspect.FrameInfo] = getattr(
            task, "__pw_stack__", None
        ) or inspect.stack(0)
    
        parsed_st = _extract_stack_trace_information_from_stack(st, is_internal, title)
        self._api_zone.set(parsed_st)
        try:
            return await cb()
        except Exception as error:
>           raise rewrite_error(error, f"{parsed_st['apiName']}: {error}") from None
E           playwright._impl._errors.Error: Page.goto: net::ERR_CONNECTION_REFUSED at http://localhost:3210/app/01M2116VWQRGDGFT62EBBW33CY/competitions/create
E           Call log:
E             - navigating to "http://localhost:3210/app/01M2116VWQRGDGFT62EBBW33CY/competitions/create", waiting until "load"

.venv/lib/python3.12/site-packages/playwright/_impl/_connection.py:559: Error
____________ ERROR at setup of test_02_ajouter_un_joueur[chromium] _____________

browser = <Browser type=<BrowserType name=chromium executable_path=/Users/bagouze/Library/Caches/ms-playwright/chromium-1223/chrome-mac-arm64/Google Chrome for Testing.app/Contents/MacOS/Google Chrome for Testing> version=148.0.7778.96>
space_id = '01M2116VWQRGDGFT62EBBW33CY'

    @pytest.fixture(scope="module")
    def recrutement_ctx(browser, space_id):
        """Un match entre les deux équipes les amène toutes deux en phase
        d'amélioration ; la valider les fait entrer en recrutement.
    
        L'équipe 1 est un roster **Lanterniers**, seul roster de démo sans
        apothicaire — c'est la seule façon de voir une ligne de staff refusée par le
        roster (scénario 6), et rien d'autre ne l'exige.
        """
>       full = build_full_competition(
            browser, space_id, num_teams=2, num_rounds=2,
            roster_uids=["DEMO_GRANIT", "DEMO_LANTERNE"],
        )

test_recruitment_phase.py:159: 
_ _ _ _ _ _ _ _ _ _ _ _ _ _ _ _ _ _ _ _ _ _ _ _ _ _ _ _ _ _ _ _ _ _ _ _ _ _ _ _ 
competition_lifecycle.py:586: in build_full_competition
    competition = create_full_competition(
competition_lifecycle.py:114: in create_full_competition
    page.goto(competition_create_url, wait_until="load")
.venv/lib/python3.12/site-packages/playwright/sync_api/_generated.py:9612: in goto
    self._sync(
.venv/lib/python3.12/site-packages/playwright/_impl/_page.py:557: in goto
    return await self._main_frame.goto(**locals_to_params(locals()))
           ^^^^^^^^^^^^^^^^^^^^^^^^^^^^^^^^^^^^^^^^^^^^^^^^^^^^^^^^^
.venv/lib/python3.12/site-packages/playwright/_impl/_frame.py:156: in goto
    await self._channel.send(
.venv/lib/python3.12/site-packages/playwright/_impl/_connection.py:69: in send
    return await self._connection.wrap_api_call(
_ _ _ _ _ _ _ _ _ _ _ _ _ _ _ _ _ _ _ _ _ _ _ _ _ _ _ _ _ _ _ _ _ _ _ _ _ _ _ _ 

self = <playwright._impl._connection.Connection object at 0x107d56960>
cb = <function Channel.send.<locals>.<lambda> at 0x108b08ae0>
is_internal = False, title = None

    async def wrap_api_call(
        self, cb: Callable[[], Any], is_internal: bool = False, title: str = None
    ) -> Any:
        if self._api_zone.get():
            return await cb()
        task = asyncio.current_task(self._loop)
        st: List[inspect.FrameInfo] = getattr(
            task, "__pw_stack__", None
        ) or inspect.stack(0)
    
        parsed_st = _extract_stack_trace_information_from_stack(st, is_internal, title)
        self._api_zone.set(parsed_st)
        try:
            return await cb()
        except Exception as error:
>           raise rewrite_error(error, f"{parsed_st['apiName']}: {error}") from None
E           playwright._impl._errors.Error: Page.goto: net::ERR_CONNECTION_REFUSED at http://localhost:3210/app/01M2116VWQRGDGFT62EBBW33CY/competitions/create
E           Call log:
E             - navigating to "http://localhost:3210/app/01M2116VWQRGDGFT62EBBW33CY/competitions/create", waiting until "load"

.venv/lib/python3.12/site-packages/playwright/_impl/_connection.py:559: Error
_____________ ERROR at setup of test_03_retirer_la_ligne[chromium] _____________

browser = <Browser type=<BrowserType name=chromium executable_path=/Users/bagouze/Library/Caches/ms-playwright/chromium-1223/chrome-mac-arm64/Google Chrome for Testing.app/Contents/MacOS/Google Chrome for Testing> version=148.0.7778.96>
space_id = '01M2116VWQRGDGFT62EBBW33CY'

    @pytest.fixture(scope="module")
    def recrutement_ctx(browser, space_id):
        """Un match entre les deux équipes les amène toutes deux en phase
        d'amélioration ; la valider les fait entrer en recrutement.
    
        L'équipe 1 est un roster **Lanterniers**, seul roster de démo sans
        apothicaire — c'est la seule façon de voir une ligne de staff refusée par le
        roster (scénario 6), et rien d'autre ne l'exige.
        """
>       full = build_full_competition(
            browser, space_id, num_teams=2, num_rounds=2,
            roster_uids=["DEMO_GRANIT", "DEMO_LANTERNE"],
        )

test_recruitment_phase.py:159: 
_ _ _ _ _ _ _ _ _ _ _ _ _ _ _ _ _ _ _ _ _ _ _ _ _ _ _ _ _ _ _ _ _ _ _ _ _ _ _ _ 
competition_lifecycle.py:586: in build_full_competition
    competition = create_full_competition(
competition_lifecycle.py:114: in create_full_competition
    page.goto(competition_create_url, wait_until="load")
.venv/lib/python3.12/site-packages/playwright/sync_api/_generated.py:9612: in goto
    self._sync(
.venv/lib/python3.12/site-packages/playwright/_impl/_page.py:557: in goto
    return await self._main_frame.goto(**locals_to_params(locals()))
           ^^^^^^^^^^^^^^^^^^^^^^^^^^^^^^^^^^^^^^^^^^^^^^^^^^^^^^^^^
.venv/lib/python3.12/site-packages/playwright/_impl/_frame.py:156: in goto
    await self._channel.send(
.venv/lib/python3.12/site-packages/playwright/_impl/_connection.py:69: in send
    return await self._connection.wrap_api_call(
_ _ _ _ _ _ _ _ _ _ _ _ _ _ _ _ _ _ _ _ _ _ _ _ _ _ _ _ _ _ _ _ _ _ _ _ _ _ _ _ 

self = <playwright._impl._connection.Connection object at 0x107d56960>
cb = <function Channel.send.<locals>.<lambda> at 0x108b08ae0>
is_internal = False, title = None

    async def wrap_api_call(
        self, cb: Callable[[], Any], is_internal: bool = False, title: str = None
    ) -> Any:
        if self._api_zone.get():
            return await cb()
        task = asyncio.current_task(self._loop)
        st: List[inspect.FrameInfo] = getattr(
            task, "__pw_stack__", None
        ) or inspect.stack(0)
    
        parsed_st = _extract_stack_trace_information_from_stack(st, is_internal, title)
        self._api_zone.set(parsed_st)
        try:
            return await cb()
        except Exception as error:
>           raise rewrite_error(error, f"{parsed_st['apiName']}: {error}") from None
E           playwright._impl._errors.Error: Page.goto: net::ERR_CONNECTION_REFUSED at http://localhost:3210/app/01M2116VWQRGDGFT62EBBW33CY/competitions/create
E           Call log:
E             - navigating to "http://localhost:3210/app/01M2116VWQRGDGFT62EBBW33CY/competitions/create", waiting until "load"

.venv/lib/python3.12/site-packages/playwright/_impl/_connection.py:559: Error
_____ ERROR at setup of test_09_le_panier_survit_a_la_navigation[chromium] _____

browser = <Browser type=<BrowserType name=chromium executable_path=/Users/bagouze/Library/Caches/ms-playwright/chromium-1223/chrome-mac-arm64/Google Chrome for Testing.app/Contents/MacOS/Google Chrome for Testing> version=148.0.7778.96>
space_id = '01M2116VWQRGDGFT62EBBW33CY'

    @pytest.fixture(scope="module")
    def recrutement_ctx(browser, space_id):
        """Un match entre les deux équipes les amène toutes deux en phase
        d'amélioration ; la valider les fait entrer en recrutement.
    
        L'équipe 1 est un roster **Lanterniers**, seul roster de démo sans
        apothicaire — c'est la seule façon de voir une ligne de staff refusée par le
        roster (scénario 6), et rien d'autre ne l'exige.
        """
>       full = build_full_competition(
            browser, space_id, num_teams=2, num_rounds=2,
            roster_uids=["DEMO_GRANIT", "DEMO_LANTERNE"],
        )

test_recruitment_phase.py:159: 
_ _ _ _ _ _ _ _ _ _ _ _ _ _ _ _ _ _ _ _ _ _ _ _ _ _ _ _ _ _ _ _ _ _ _ _ _ _ _ _ 
competition_lifecycle.py:586: in build_full_competition
    competition = create_full_competition(
competition_lifecycle.py:114: in create_full_competition
    page.goto(competition_create_url, wait_until="load")
.venv/lib/python3.12/site-packages/playwright/sync_api/_generated.py:9612: in goto
    self._sync(
.venv/lib/python3.12/site-packages/playwright/_impl/_page.py:557: in goto
    return await self._main_frame.goto(**locals_to_params(locals()))
           ^^^^^^^^^^^^^^^^^^^^^^^^^^^^^^^^^^^^^^^^^^^^^^^^^^^^^^^^^
.venv/lib/python3.12/site-packages/playwright/_impl/_frame.py:156: in goto
    await self._channel.send(
.venv/lib/python3.12/site-packages/playwright/_impl/_connection.py:69: in send
    return await self._connection.wrap_api_call(
_ _ _ _ _ _ _ _ _ _ _ _ _ _ _ _ _ _ _ _ _ _ _ _ _ _ _ _ _ _ _ _ _ _ _ _ _ _ _ _ 

self = <playwright._impl._connection.Connection object at 0x107d56960>
cb = <function Channel.send.<locals>.<lambda> at 0x108b08ae0>
is_internal = False, title = None

    async def wrap_api_call(
        self, cb: Callable[[], Any], is_internal: bool = False, title: str = None
    ) -> Any:
        if self._api_zone.get():
            return await cb()
        task = asyncio.current_task(self._loop)
        st: List[inspect.FrameInfo] = getattr(
            task, "__pw_stack__", None
        ) or inspect.stack(0)
    
        parsed_st = _extract_stack_trace_information_from_stack(st, is_internal, title)
        self._api_zone.set(parsed_st)
        try:
            return await cb()
        except Exception as error:
>           raise rewrite_error(error, f"{parsed_st['apiName']}: {error}") from None
E           playwright._impl._errors.Error: Page.goto: net::ERR_CONNECTION_REFUSED at http://localhost:3210/app/01M2116VWQRGDGFT62EBBW33CY/competitions/create
E           Call log:
E             - navigating to "http://localhost:3210/app/01M2116VWQRGDGFT62EBBW33CY/competitions/create", waiting until "load"

.venv/lib/python3.12/site-packages/playwright/_impl/_connection.py:559: Error
________ ERROR at setup of test_11_panier_repliable_en_mobile[chromium] ________

browser = <Browser type=<BrowserType name=chromium executable_path=/Users/bagouze/Library/Caches/ms-playwright/chromium-1223/chrome-mac-arm64/Google Chrome for Testing.app/Contents/MacOS/Google Chrome for Testing> version=148.0.7778.96>
space_id = '01M2116VWQRGDGFT62EBBW33CY'

    @pytest.fixture(scope="module")
    def recrutement_ctx(browser, space_id):
        """Un match entre les deux équipes les amène toutes deux en phase
        d'amélioration ; la valider les fait entrer en recrutement.
    
        L'équipe 1 est un roster **Lanterniers**, seul roster de démo sans
        apothicaire — c'est la seule façon de voir une ligne de staff refusée par le
        roster (scénario 6), et rien d'autre ne l'exige.
        """
>       full = build_full_competition(
            browser, space_id, num_teams=2, num_rounds=2,
            roster_uids=["DEMO_GRANIT", "DEMO_LANTERNE"],
        )

test_recruitment_phase.py:159: 
_ _ _ _ _ _ _ _ _ _ _ _ _ _ _ _ _ _ _ _ _ _ _ _ _ _ _ _ _ _ _ _ _ _ _ _ _ _ _ _ 
competition_lifecycle.py:586: in build_full_competition
    competition = create_full_competition(
competition_lifecycle.py:114: in create_full_competition
    page.goto(competition_create_url, wait_until="load")
.venv/lib/python3.12/site-packages/playwright/sync_api/_generated.py:9612: in goto
    self._sync(
.venv/lib/python3.12/site-packages/playwright/_impl/_page.py:557: in goto
    return await self._main_frame.goto(**locals_to_params(locals()))
           ^^^^^^^^^^^^^^^^^^^^^^^^^^^^^^^^^^^^^^^^^^^^^^^^^^^^^^^^^
.venv/lib/python3.12/site-packages/playwright/_impl/_frame.py:156: in goto
    await self._channel.send(
.venv/lib/python3.12/site-packages/playwright/_impl/_connection.py:69: in send
    return await self._connection.wrap_api_call(
_ _ _ _ _ _ _ _ _ _ _ _ _ _ _ _ _ _ _ _ _ _ _ _ _ _ _ _ _ _ _ _ _ _ _ _ _ _ _ _ 

self = <playwright._impl._connection.Connection object at 0x107d56960>
cb = <function Channel.send.<locals>.<lambda> at 0x108b08ae0>
is_internal = False, title = None

    async def wrap_api_call(
        self, cb: Callable[[], Any], is_internal: bool = False, title: str = None
    ) -> Any:
        if self._api_zone.get():
            return await cb()
        task = asyncio.current_task(self._loop)
        st: List[inspect.FrameInfo] = getattr(
            task, "__pw_stack__", None
        ) or inspect.stack(0)
    
        parsed_st = _extract_stack_trace_information_from_stack(st, is_internal, title)
        self._api_zone.set(parsed_st)
        try:
            return await cb()
        except Exception as error:
>           raise rewrite_error(error, f"{parsed_st['apiName']}: {error}") from None
E           playwright._impl._errors.Error: Page.goto: net::ERR_CONNECTION_REFUSED at http://localhost:3210/app/01M2116VWQRGDGFT62EBBW33CY/competitions/create
E           Call log:
E             - navigating to "http://localhost:3210/app/01M2116VWQRGDGFT62EBBW33CY/competitions/create", waiting until "load"

.venv/lib/python3.12/site-packages/playwright/_impl/_connection.py:559: Error
__________ ERROR at setup of test_05_quota_de_poste_atteint[chromium] __________

browser = <Browser type=<BrowserType name=chromium executable_path=/Users/bagouze/Library/Caches/ms-playwright/chromium-1223/chrome-mac-arm64/Google Chrome for Testing.app/Contents/MacOS/Google Chrome for Testing> version=148.0.7778.96>
space_id = '01M2116VWQRGDGFT62EBBW33CY'

    @pytest.fixture(scope="module")
    def recrutement_ctx(browser, space_id):
        """Un match entre les deux équipes les amène toutes deux en phase
        d'amélioration ; la valider les fait entrer en recrutement.
    
        L'équipe 1 est un roster **Lanterniers**, seul roster de démo sans
        apothicaire — c'est la seule façon de voir une ligne de staff refusée par le
        roster (scénario 6), et rien d'autre ne l'exige.
        """
>       full = build_full_competition(
            browser, space_id, num_teams=2, num_rounds=2,
            roster_uids=["DEMO_GRANIT", "DEMO_LANTERNE"],
        )

test_recruitment_phase.py:159: 
_ _ _ _ _ _ _ _ _ _ _ _ _ _ _ _ _ _ _ _ _ _ _ _ _ _ _ _ _ _ _ _ _ _ _ _ _ _ _ _ 
competition_lifecycle.py:586: in build_full_competition
    competition = create_full_competition(
competition_lifecycle.py:114: in create_full_competition
    page.goto(competition_create_url, wait_until="load")
.venv/lib/python3.12/site-packages/playwright/sync_api/_generated.py:9612: in goto
    self._sync(
.venv/lib/python3.12/site-packages/playwright/_impl/_page.py:557: in goto
    return await self._main_frame.goto(**locals_to_params(locals()))
           ^^^^^^^^^^^^^^^^^^^^^^^^^^^^^^^^^^^^^^^^^^^^^^^^^^^^^^^^^
.venv/lib/python3.12/site-packages/playwright/_impl/_frame.py:156: in goto
    await self._channel.send(
.venv/lib/python3.12/site-packages/playwright/_impl/_connection.py:69: in send
    return await self._connection.wrap_api_call(
_ _ _ _ _ _ _ _ _ _ _ _ _ _ _ _ _ _ _ _ _ _ _ _ _ _ _ _ _ _ _ _ _ _ _ _ _ _ _ _ 

self = <playwright._impl._connection.Connection object at 0x107d56960>
cb = <function Channel.send.<locals>.<lambda> at 0x108b08ae0>
is_internal = False, title = None

    async def wrap_api_call(
        self, cb: Callable[[], Any], is_internal: bool = False, title: str = None
    ) -> Any:
        if self._api_zone.get():
            return await cb()
        task = asyncio.current_task(self._loop)
        st: List[inspect.FrameInfo] = getattr(
            task, "__pw_stack__", None
        ) or inspect.stack(0)
    
        parsed_st = _extract_stack_trace_information_from_stack(st, is_internal, title)
        self._api_zone.set(parsed_st)
        try:
            return await cb()
        except Exception as error:
>           raise rewrite_error(error, f"{parsed_st['apiName']}: {error}") from None
E           playwright._impl._errors.Error: Page.goto: net::ERR_CONNECTION_REFUSED at http://localhost:3210/app/01M2116VWQRGDGFT62EBBW33CY/competitions/create
E           Call log:
E             - navigating to "http://localhost:3210/app/01M2116VWQRGDGFT62EBBW33CY/competitions/create", waiting until "load"

.venv/lib/python3.12/site-packages/playwright/_impl/_connection.py:559: Error
____ ERROR at setup of test_07_relance_au_double_du_prix_de_base[chromium] _____

browser = <Browser type=<BrowserType name=chromium executable_path=/Users/bagouze/Library/Caches/ms-playwright/chromium-1223/chrome-mac-arm64/Google Chrome for Testing.app/Contents/MacOS/Google Chrome for Testing> version=148.0.7778.96>
space_id = '01M2116VWQRGDGFT62EBBW33CY'

    @pytest.fixture(scope="module")
    def recrutement_ctx(browser, space_id):
        """Un match entre les deux équipes les amène toutes deux en phase
        d'amélioration ; la valider les fait entrer en recrutement.
    
        L'équipe 1 est un roster **Lanterniers**, seul roster de démo sans
        apothicaire — c'est la seule façon de voir une ligne de staff refusée par le
        roster (scénario 6), et rien d'autre ne l'exige.
        """
>       full = build_full_competition(
            browser, space_id, num_teams=2, num_rounds=2,
            roster_uids=["DEMO_GRANIT", "DEMO_LANTERNE"],
        )

test_recruitment_phase.py:159: 
_ _ _ _ _ _ _ _ _ _ _ _ _ _ _ _ _ _ _ _ _ _ _ _ _ _ _ _ _ _ _ _ _ _ _ _ _ _ _ _ 
competition_lifecycle.py:586: in build_full_competition
    competition = create_full_competition(
competition_lifecycle.py:114: in create_full_competition
    page.goto(competition_create_url, wait_until="load")
.venv/lib/python3.12/site-packages/playwright/sync_api/_generated.py:9612: in goto
    self._sync(
.venv/lib/python3.12/site-packages/playwright/_impl/_page.py:557: in goto
    return await self._main_frame.goto(**locals_to_params(locals()))
           ^^^^^^^^^^^^^^^^^^^^^^^^^^^^^^^^^^^^^^^^^^^^^^^^^^^^^^^^^
.venv/lib/python3.12/site-packages/playwright/_impl/_frame.py:156: in goto
    await self._channel.send(
.venv/lib/python3.12/site-packages/playwright/_impl/_connection.py:69: in send
    return await self._connection.wrap_api_call(
_ _ _ _ _ _ _ _ _ _ _ _ _ _ _ _ _ _ _ _ _ _ _ _ _ _ _ _ _ _ _ _ _ _ _ _ _ _ _ _ 

self = <playwright._impl._connection.Connection object at 0x107d56960>
cb = <function Channel.send.<locals>.<lambda> at 0x108b08ae0>
is_internal = False, title = None

    async def wrap_api_call(
        self, cb: Callable[[], Any], is_internal: bool = False, title: str = None
    ) -> Any:
        if self._api_zone.get():
            return await cb()
        task = asyncio.current_task(self._loop)
        st: List[inspect.FrameInfo] = getattr(
            task, "__pw_stack__", None
        ) or inspect.stack(0)
    
        parsed_st = _extract_stack_trace_information_from_stack(st, is_internal, title)
        self._api_zone.set(parsed_st)
        try:
            return await cb()
        except Exception as error:
>           raise rewrite_error(error, f"{parsed_st['apiName']}: {error}") from None
E           playwright._impl._errors.Error: Page.goto: net::ERR_CONNECTION_REFUSED at http://localhost:3210/app/01M2116VWQRGDGFT62EBBW33CY/competitions/create
E           Call log:
E             - navigating to "http://localhost:3210/app/01M2116VWQRGDGFT62EBBW33CY/competitions/create", waiting until "load"

.venv/lib/python3.12/site-packages/playwright/_impl/_connection.py:559: Error
__ ERROR at setup of test_04_tresorerie_insuffisante_ne_debite_rien[chromium] __

browser = <Browser type=<BrowserType name=chromium executable_path=/Users/bagouze/Library/Caches/ms-playwright/chromium-1223/chrome-mac-arm64/Google Chrome for Testing.app/Contents/MacOS/Google Chrome for Testing> version=148.0.7778.96>
space_id = '01M2116VWQRGDGFT62EBBW33CY'

    @pytest.fixture(scope="module")
    def recrutement_ctx(browser, space_id):
        """Un match entre les deux équipes les amène toutes deux en phase
        d'amélioration ; la valider les fait entrer en recrutement.
    
        L'équipe 1 est un roster **Lanterniers**, seul roster de démo sans
        apothicaire — c'est la seule façon de voir une ligne de staff refusée par le
        roster (scénario 6), et rien d'autre ne l'exige.
        """
>       full = build_full_competition(
            browser, space_id, num_teams=2, num_rounds=2,
            roster_uids=["DEMO_GRANIT", "DEMO_LANTERNE"],
        )

test_recruitment_phase.py:159: 
_ _ _ _ _ _ _ _ _ _ _ _ _ _ _ _ _ _ _ _ _ _ _ _ _ _ _ _ _ _ _ _ _ _ _ _ _ _ _ _ 
competition_lifecycle.py:586: in build_full_competition
    competition = create_full_competition(
competition_lifecycle.py:114: in create_full_competition
    page.goto(competition_create_url, wait_until="load")
.venv/lib/python3.12/site-packages/playwright/sync_api/_generated.py:9612: in goto
    self._sync(
.venv/lib/python3.12/site-packages/playwright/_impl/_page.py:557: in goto
    return await self._main_frame.goto(**locals_to_params(locals()))
           ^^^^^^^^^^^^^^^^^^^^^^^^^^^^^^^^^^^^^^^^^^^^^^^^^^^^^^^^^
.venv/lib/python3.12/site-packages/playwright/_impl/_frame.py:156: in goto
    await self._channel.send(
.venv/lib/python3.12/site-packages/playwright/_impl/_connection.py:69: in send
    return await self._connection.wrap_api_call(
_ _ _ _ _ _ _ _ _ _ _ _ _ _ _ _ _ _ _ _ _ _ _ _ _ _ _ _ _ _ _ _ _ _ _ _ _ _ _ _ 

self = <playwright._impl._connection.Connection object at 0x107d56960>
cb = <function Channel.send.<locals>.<lambda> at 0x108b08ae0>
is_internal = False, title = None

    async def wrap_api_call(
        self, cb: Callable[[], Any], is_internal: bool = False, title: str = None
    ) -> Any:
        if self._api_zone.get():
            return await cb()
        task = asyncio.current_task(self._loop)
        st: List[inspect.FrameInfo] = getattr(
            task, "__pw_stack__", None
        ) or inspect.stack(0)
    
        parsed_st = _extract_stack_trace_information_from_stack(st, is_internal, title)
        self._api_zone.set(parsed_st)
        try:
            return await cb()
        except Exception as error:
>           raise rewrite_error(error, f"{parsed_st['apiName']}: {error}") from None
E           playwright._impl._errors.Error: Page.goto: net::ERR_CONNECTION_REFUSED at http://localhost:3210/app/01M2116VWQRGDGFT62EBBW33CY/competitions/create
E           Call log:
E             - navigating to "http://localhost:3210/app/01M2116VWQRGDGFT62EBBW33CY/competitions/create", waiting until "load"

.venv/lib/python3.12/site-packages/playwright/_impl/_connection.py:559: Error
_________ ERROR at setup of test_06_roster_sans_apothicaire[chromium] __________

browser = <Browser type=<BrowserType name=chromium executable_path=/Users/bagouze/Library/Caches/ms-playwright/chromium-1223/chrome-mac-arm64/Google Chrome for Testing.app/Contents/MacOS/Google Chrome for Testing> version=148.0.7778.96>
space_id = '01M2116VWQRGDGFT62EBBW33CY'

    @pytest.fixture(scope="module")
    def recrutement_ctx(browser, space_id):
        """Un match entre les deux équipes les amène toutes deux en phase
        d'amélioration ; la valider les fait entrer en recrutement.
    
        L'équipe 1 est un roster **Lanterniers**, seul roster de démo sans
        apothicaire — c'est la seule façon de voir une ligne de staff refusée par le
        roster (scénario 6), et rien d'autre ne l'exige.
        """
>       full = build_full_competition(
            browser, space_id, num_teams=2, num_rounds=2,
            roster_uids=["DEMO_GRANIT", "DEMO_LANTERNE"],
        )

test_recruitment_phase.py:159: 
_ _ _ _ _ _ _ _ _ _ _ _ _ _ _ _ _ _ _ _ _ _ _ _ _ _ _ _ _ _ _ _ _ _ _ _ _ _ _ _ 
competition_lifecycle.py:586: in build_full_competition
    competition = create_full_competition(
competition_lifecycle.py:114: in create_full_competition
    page.goto(competition_create_url, wait_until="load")
.venv/lib/python3.12/site-packages/playwright/sync_api/_generated.py:9612: in goto
    self._sync(
.venv/lib/python3.12/site-packages/playwright/_impl/_page.py:557: in goto
    return await self._main_frame.goto(**locals_to_params(locals()))
           ^^^^^^^^^^^^^^^^^^^^^^^^^^^^^^^^^^^^^^^^^^^^^^^^^^^^^^^^^
.venv/lib/python3.12/site-packages/playwright/_impl/_frame.py:156: in goto
    await self._channel.send(
.venv/lib/python3.12/site-packages/playwright/_impl/_connection.py:69: in send
    return await self._connection.wrap_api_call(
_ _ _ _ _ _ _ _ _ _ _ _ _ _ _ _ _ _ _ _ _ _ _ _ _ _ _ _ _ _ _ _ _ _ _ _ _ _ _ _ 

self = <playwright._impl._connection.Connection object at 0x107d56960>
cb = <function Channel.send.<locals>.<lambda> at 0x108b08ae0>
is_internal = False, title = None

    async def wrap_api_call(
        self, cb: Callable[[], Any], is_internal: bool = False, title: str = None
    ) -> Any:
        if self._api_zone.get():
            return await cb()
        task = asyncio.current_task(self._loop)
        st: List[inspect.FrameInfo] = getattr(
            task, "__pw_stack__", None
        ) or inspect.stack(0)
    
        parsed_st = _extract_stack_trace_information_from_stack(st, is_internal, title)
        self._api_zone.set(parsed_st)
        try:
            return await cb()
        except Exception as error:
>           raise rewrite_error(error, f"{parsed_st['apiName']}: {error}") from None
E           playwright._impl._errors.Error: Page.goto: net::ERR_CONNECTION_REFUSED at http://localhost:3210/app/01M2116VWQRGDGFT62EBBW33CY/competitions/create
E           Call log:
E             - navigating to "http://localhost:3210/app/01M2116VWQRGDGFT62EBBW33CY/competitions/create", waiting until "load"

.venv/lib/python3.12/site-packages/playwright/_impl/_connection.py:559: Error
____ ERROR at setup of test_08_valider_debite_et_cree_les_joueurs[chromium] ____

browser = <Browser type=<BrowserType name=chromium executable_path=/Users/bagouze/Library/Caches/ms-playwright/chromium-1223/chrome-mac-arm64/Google Chrome for Testing.app/Contents/MacOS/Google Chrome for Testing> version=148.0.7778.96>
space_id = '01M2116VWQRGDGFT62EBBW33CY'

    @pytest.fixture(scope="module")
    def recrutement_ctx(browser, space_id):
        """Un match entre les deux équipes les amène toutes deux en phase
        d'amélioration ; la valider les fait entrer en recrutement.
    
        L'équipe 1 est un roster **Lanterniers**, seul roster de démo sans
        apothicaire — c'est la seule façon de voir une ligne de staff refusée par le
        roster (scénario 6), et rien d'autre ne l'exige.
        """
>       full = build_full_competition(
            browser, space_id, num_teams=2, num_rounds=2,
            roster_uids=["DEMO_GRANIT", "DEMO_LANTERNE"],
        )

test_recruitment_phase.py:159: 
_ _ _ _ _ _ _ _ _ _ _ _ _ _ _ _ _ _ _ _ _ _ _ _ _ _ _ _ _ _ _ _ _ _ _ _ _ _ _ _ 
competition_lifecycle.py:586: in build_full_competition
    competition = create_full_competition(
competition_lifecycle.py:114: in create_full_competition
    page.goto(competition_create_url, wait_until="load")
.venv/lib/python3.12/site-packages/playwright/sync_api/_generated.py:9612: in goto
    self._sync(
.venv/lib/python3.12/site-packages/playwright/_impl/_page.py:557: in goto
    return await self._main_frame.goto(**locals_to_params(locals()))
           ^^^^^^^^^^^^^^^^^^^^^^^^^^^^^^^^^^^^^^^^^^^^^^^^^^^^^^^^^
.venv/lib/python3.12/site-packages/playwright/_impl/_frame.py:156: in goto
    await self._channel.send(
.venv/lib/python3.12/site-packages/playwright/_impl/_connection.py:69: in send
    return await self._connection.wrap_api_call(
_ _ _ _ _ _ _ _ _ _ _ _ _ _ _ _ _ _ _ _ _ _ _ _ _ _ _ _ _ _ _ _ _ _ _ _ _ _ _ _ 

self = <playwright._impl._connection.Connection object at 0x107d56960>
cb = <function Channel.send.<locals>.<lambda> at 0x108b08ae0>
is_internal = False, title = None

    async def wrap_api_call(
        self, cb: Callable[[], Any], is_internal: bool = False, title: str = None
    ) -> Any:
        if self._api_zone.get():
            return await cb()
        task = asyncio.current_task(self._loop)
        st: List[inspect.FrameInfo] = getattr(
            task, "__pw_stack__", None
        ) or inspect.stack(0)
    
        parsed_st = _extract_stack_trace_information_from_stack(st, is_internal, title)
        self._api_zone.set(parsed_st)
        try:
            return await cb()
        except Exception as error:
>           raise rewrite_error(error, f"{parsed_st['apiName']}: {error}") from None
E           playwright._impl._errors.Error: Page.goto: net::ERR_CONNECTION_REFUSED at http://localhost:3210/app/01M2116VWQRGDGFT62EBBW33CY/competitions/create
E           Call log:
E             - navigating to "http://localhost:3210/app/01M2116VWQRGDGFT62EBBW33CY/competitions/create", waiting until "load"

.venv/lib/python3.12/site-packages/playwright/_impl/_connection.py:559: Error
_____ ERROR at setup of test_10_grand_livre_une_ligne_par_achat[chromium] ______

browser = <Browser type=<BrowserType name=chromium executable_path=/Users/bagouze/Library/Caches/ms-playwright/chromium-1223/chrome-mac-arm64/Google Chrome for Testing.app/Contents/MacOS/Google Chrome for Testing> version=148.0.7778.96>
space_id = '01M2116VWQRGDGFT62EBBW33CY'

    @pytest.fixture(scope="module")
    def recrutement_ctx(browser, space_id):
        """Un match entre les deux équipes les amène toutes deux en phase
        d'amélioration ; la valider les fait entrer en recrutement.
    
        L'équipe 1 est un roster **Lanterniers**, seul roster de démo sans
        apothicaire — c'est la seule façon de voir une ligne de staff refusée par le
        roster (scénario 6), et rien d'autre ne l'exige.
        """
>       full = build_full_competition(
            browser, space_id, num_teams=2, num_rounds=2,
            roster_uids=["DEMO_GRANIT", "DEMO_LANTERNE"],
        )

test_recruitment_phase.py:159: 
_ _ _ _ _ _ _ _ _ _ _ _ _ _ _ _ _ _ _ _ _ _ _ _ _ _ _ _ _ _ _ _ _ _ _ _ _ _ _ _ 
competition_lifecycle.py:586: in build_full_competition
    competition = create_full_competition(
competition_lifecycle.py:114: in create_full_competition
    page.goto(competition_create_url, wait_until="load")
.venv/lib/python3.12/site-packages/playwright/sync_api/_generated.py:9612: in goto
    self._sync(
.venv/lib/python3.12/site-packages/playwright/_impl/_page.py:557: in goto
    return await self._main_frame.goto(**locals_to_params(locals()))
           ^^^^^^^^^^^^^^^^^^^^^^^^^^^^^^^^^^^^^^^^^^^^^^^^^^^^^^^^^
.venv/lib/python3.12/site-packages/playwright/_impl/_frame.py:156: in goto
    await self._channel.send(
.venv/lib/python3.12/site-packages/playwright/_impl/_connection.py:69: in send
    return await self._connection.wrap_api_call(
_ _ _ _ _ _ _ _ _ _ _ _ _ _ _ _ _ _ _ _ _ _ _ _ _ _ _ _ _ _ _ _ _ _ _ _ _ _ _ _ 

self = <playwright._impl._connection.Connection object at 0x107d56960>
cb = <function Channel.send.<locals>.<lambda> at 0x108b08ae0>
is_internal = False, title = None

    async def wrap_api_call(
        self, cb: Callable[[], Any], is_internal: bool = False, title: str = None
    ) -> Any:
        if self._api_zone.get():
            return await cb()
        task = asyncio.current_task(self._loop)
        st: List[inspect.FrameInfo] = getattr(
            task, "__pw_stack__", None
        ) or inspect.stack(0)
    
        parsed_st = _extract_stack_trace_information_from_stack(st, is_internal, title)
        self._api_zone.set(parsed_st)
        try:
            return await cb()
        except Exception as error:
>           raise rewrite_error(error, f"{parsed_st['apiName']}: {error}") from None
E           playwright._impl._errors.Error: Page.goto: net::ERR_CONNECTION_REFUSED at http://localhost:3210/app/01M2116VWQRGDGFT62EBBW33CY/competitions/create
E           Call log:
E             - navigating to "http://localhost:3210/app/01M2116VWQRGDGFT62EBBW33CY/competitions/create", waiting until "load"

.venv/lib/python3.12/site-packages/playwright/_impl/_connection.py:559: Error
____ ERROR at setup of test_renommage_persiste_apres_rechargement[chromium] ____

browser = <Browser type=<BrowserType name=chromium executable_path=/Users/bagouze/Library/Caches/ms-playwright/chromium-1223/chrome-mac-arm64/Google Chrome for Testing.app/Contents/MacOS/Google Chrome for Testing> version=148.0.7778.96>
space_id = '01M2116VWQRGDGFT62EBBW33CY'

    @pytest.fixture(scope="module")
    def roster_ctx(browser, space_id):
        """Le renvoi impose de traverser tout le cycle de phases : c'est le seul
        chemin applicatif qui produit un `Dismissed`, et la validation des renvois
        ramène l'équipe en « Prête à jouer » (la retraite temporaire n'existe pas
        encore, cf. `Team::apply`)."""
        page = browser.new_page()
        try:
>           full = build_full_competition(browser, space_id, num_teams=2, num_rounds=1)
                   ^^^^^^^^^^^^^^^^^^^^^^^^^^^^^^^^^^^^^^^^^^^^^^^^^^^^^^^^^^^^^^^^^^^^

test_roster_edition.py:125: 
_ _ _ _ _ _ _ _ _ _ _ _ _ _ _ _ _ _ _ _ _ _ _ _ _ _ _ _ _ _ _ _ _ _ _ _ _ _ _ _ 
competition_lifecycle.py:586: in build_full_competition
    competition = create_full_competition(
competition_lifecycle.py:114: in create_full_competition
    page.goto(competition_create_url, wait_until="load")
.venv/lib/python3.12/site-packages/playwright/sync_api/_generated.py:9612: in goto
    self._sync(
.venv/lib/python3.12/site-packages/playwright/_impl/_page.py:557: in goto
    return await self._main_frame.goto(**locals_to_params(locals()))
           ^^^^^^^^^^^^^^^^^^^^^^^^^^^^^^^^^^^^^^^^^^^^^^^^^^^^^^^^^
.venv/lib/python3.12/site-packages/playwright/_impl/_frame.py:156: in goto
    await self._channel.send(
.venv/lib/python3.12/site-packages/playwright/_impl/_connection.py:69: in send
    return await self._connection.wrap_api_call(
_ _ _ _ _ _ _ _ _ _ _ _ _ _ _ _ _ _ _ _ _ _ _ _ _ _ _ _ _ _ _ _ _ _ _ _ _ _ _ _ 

self = <playwright._impl._connection.Connection object at 0x107d56960>
cb = <function Channel.send.<locals>.<lambda> at 0x108a46340>
is_internal = False, title = None

    async def wrap_api_call(
        self, cb: Callable[[], Any], is_internal: bool = False, title: str = None
    ) -> Any:
        if self._api_zone.get():
            return await cb()
        task = asyncio.current_task(self._loop)
        st: List[inspect.FrameInfo] = getattr(
            task, "__pw_stack__", None
        ) or inspect.stack(0)
    
        parsed_st = _extract_stack_trace_information_from_stack(st, is_internal, title)
        self._api_zone.set(parsed_st)
        try:
            return await cb()
        except Exception as error:
>           raise rewrite_error(error, f"{parsed_st['apiName']}: {error}") from None
E           playwright._impl._errors.Error: Page.goto: net::ERR_CONNECTION_REFUSED at http://localhost:3210/app/01M2116VWQRGDGFT62EBBW33CY/competitions/create
E           Call log:
E             - navigating to "http://localhost:3210/app/01M2116VWQRGDGFT62EBBW33CY/competitions/create", waiting until "load"

.venv/lib/python3.12/site-packages/playwright/_impl/_connection.py:559: Error
___________ ERROR at setup of test_renumerotation_persiste[chromium] ___________

browser = <Browser type=<BrowserType name=chromium executable_path=/Users/bagouze/Library/Caches/ms-playwright/chromium-1223/chrome-mac-arm64/Google Chrome for Testing.app/Contents/MacOS/Google Chrome for Testing> version=148.0.7778.96>
space_id = '01M2116VWQRGDGFT62EBBW33CY'

    @pytest.fixture(scope="module")
    def roster_ctx(browser, space_id):
        """Le renvoi impose de traverser tout le cycle de phases : c'est le seul
        chemin applicatif qui produit un `Dismissed`, et la validation des renvois
        ramène l'équipe en « Prête à jouer » (la retraite temporaire n'existe pas
        encore, cf. `Team::apply`)."""
        page = browser.new_page()
        try:
>           full = build_full_competition(browser, space_id, num_teams=2, num_rounds=1)
                   ^^^^^^^^^^^^^^^^^^^^^^^^^^^^^^^^^^^^^^^^^^^^^^^^^^^^^^^^^^^^^^^^^^^^

test_roster_edition.py:125: 
_ _ _ _ _ _ _ _ _ _ _ _ _ _ _ _ _ _ _ _ _ _ _ _ _ _ _ _ _ _ _ _ _ _ _ _ _ _ _ _ 
competition_lifecycle.py:586: in build_full_competition
    competition = create_full_competition(
competition_lifecycle.py:114: in create_full_competition
    page.goto(competition_create_url, wait_until="load")
.venv/lib/python3.12/site-packages/playwright/sync_api/_generated.py:9612: in goto
    self._sync(
.venv/lib/python3.12/site-packages/playwright/_impl/_page.py:557: in goto
    return await self._main_frame.goto(**locals_to_params(locals()))
           ^^^^^^^^^^^^^^^^^^^^^^^^^^^^^^^^^^^^^^^^^^^^^^^^^^^^^^^^^
.venv/lib/python3.12/site-packages/playwright/_impl/_frame.py:156: in goto
    await self._channel.send(
.venv/lib/python3.12/site-packages/playwright/_impl/_connection.py:69: in send
    return await self._connection.wrap_api_call(
_ _ _ _ _ _ _ _ _ _ _ _ _ _ _ _ _ _ _ _ _ _ _ _ _ _ _ _ _ _ _ _ _ _ _ _ _ _ _ _ 

self = <playwright._impl._connection.Connection object at 0x107d56960>
cb = <function Channel.send.<locals>.<lambda> at 0x108a46340>
is_internal = False, title = None

    async def wrap_api_call(
        self, cb: Callable[[], Any], is_internal: bool = False, title: str = None
    ) -> Any:
        if self._api_zone.get():
            return await cb()
        task = asyncio.current_task(self._loop)
        st: List[inspect.FrameInfo] = getattr(
            task, "__pw_stack__", None
        ) or inspect.stack(0)
    
        parsed_st = _extract_stack_trace_information_from_stack(st, is_internal, title)
        self._api_zone.set(parsed_st)
        try:
            return await cb()
        except Exception as error:
>           raise rewrite_error(error, f"{parsed_st['apiName']}: {error}") from None
E           playwright._impl._errors.Error: Page.goto: net::ERR_CONNECTION_REFUSED at http://localhost:3210/app/01M2116VWQRGDGFT62EBBW33CY/competitions/create
E           Call log:
E             - navigating to "http://localhost:3210/app/01M2116VWQRGDGFT62EBBW33CY/competitions/create", waiting until "load"

.venv/lib/python3.12/site-packages/playwright/_impl/_connection.py:559: Error
________ ERROR at setup of test_numero_vide_affiche_un_tiret[chromium] _________

browser = <Browser type=<BrowserType name=chromium executable_path=/Users/bagouze/Library/Caches/ms-playwright/chromium-1223/chrome-mac-arm64/Google Chrome for Testing.app/Contents/MacOS/Google Chrome for Testing> version=148.0.7778.96>
space_id = '01M2116VWQRGDGFT62EBBW33CY'

    @pytest.fixture(scope="module")
    def roster_ctx(browser, space_id):
        """Le renvoi impose de traverser tout le cycle de phases : c'est le seul
        chemin applicatif qui produit un `Dismissed`, et la validation des renvois
        ramène l'équipe en « Prête à jouer » (la retraite temporaire n'existe pas
        encore, cf. `Team::apply`)."""
        page = browser.new_page()
        try:
>           full = build_full_competition(browser, space_id, num_teams=2, num_rounds=1)
                   ^^^^^^^^^^^^^^^^^^^^^^^^^^^^^^^^^^^^^^^^^^^^^^^^^^^^^^^^^^^^^^^^^^^^

test_roster_edition.py:125: 
_ _ _ _ _ _ _ _ _ _ _ _ _ _ _ _ _ _ _ _ _ _ _ _ _ _ _ _ _ _ _ _ _ _ _ _ _ _ _ _ 
competition_lifecycle.py:586: in build_full_competition
    competition = create_full_competition(
competition_lifecycle.py:114: in create_full_competition
    page.goto(competition_create_url, wait_until="load")
.venv/lib/python3.12/site-packages/playwright/sync_api/_generated.py:9612: in goto
    self._sync(
.venv/lib/python3.12/site-packages/playwright/_impl/_page.py:557: in goto
    return await self._main_frame.goto(**locals_to_params(locals()))
           ^^^^^^^^^^^^^^^^^^^^^^^^^^^^^^^^^^^^^^^^^^^^^^^^^^^^^^^^^
.venv/lib/python3.12/site-packages/playwright/_impl/_frame.py:156: in goto
    await self._channel.send(
.venv/lib/python3.12/site-packages/playwright/_impl/_connection.py:69: in send
    return await self._connection.wrap_api_call(
_ _ _ _ _ _ _ _ _ _ _ _ _ _ _ _ _ _ _ _ _ _ _ _ _ _ _ _ _ _ _ _ _ _ _ _ _ _ _ _ 

self = <playwright._impl._connection.Connection object at 0x107d56960>
cb = <function Channel.send.<locals>.<lambda> at 0x108a46340>
is_internal = False, title = None

    async def wrap_api_call(
        self, cb: Callable[[], Any], is_internal: bool = False, title: str = None
    ) -> Any:
        if self._api_zone.get():
            return await cb()
        task = asyncio.current_task(self._loop)
        st: List[inspect.FrameInfo] = getattr(
            task, "__pw_stack__", None
        ) or inspect.stack(0)
    
        parsed_st = _extract_stack_trace_information_from_stack(st, is_internal, title)
        self._api_zone.set(parsed_st)
        try:
            return await cb()
        except Exception as error:
>           raise rewrite_error(error, f"{parsed_st['apiName']}: {error}") from None
E           playwright._impl._errors.Error: Page.goto: net::ERR_CONNECTION_REFUSED at http://localhost:3210/app/01M2116VWQRGDGFT62EBBW33CY/competitions/create
E           Call log:
E             - navigating to "http://localhost:3210/app/01M2116VWQRGDGFT62EBBW33CY/competitions/create", waiting until "load"

.venv/lib/python3.12/site-packages/playwright/_impl/_connection.py:559: Error
__________ ERROR at setup of test_reordonnancement_persiste[chromium] __________

browser = <Browser type=<BrowserType name=chromium executable_path=/Users/bagouze/Library/Caches/ms-playwright/chromium-1223/chrome-mac-arm64/Google Chrome for Testing.app/Contents/MacOS/Google Chrome for Testing> version=148.0.7778.96>
space_id = '01M2116VWQRGDGFT62EBBW33CY'

    @pytest.fixture(scope="module")
    def roster_ctx(browser, space_id):
        """Le renvoi impose de traverser tout le cycle de phases : c'est le seul
        chemin applicatif qui produit un `Dismissed`, et la validation des renvois
        ramène l'équipe en « Prête à jouer » (la retraite temporaire n'existe pas
        encore, cf. `Team::apply`)."""
        page = browser.new_page()
        try:
>           full = build_full_competition(browser, space_id, num_teams=2, num_rounds=1)
                   ^^^^^^^^^^^^^^^^^^^^^^^^^^^^^^^^^^^^^^^^^^^^^^^^^^^^^^^^^^^^^^^^^^^^

test_roster_edition.py:125: 
_ _ _ _ _ _ _ _ _ _ _ _ _ _ _ _ _ _ _ _ _ _ _ _ _ _ _ _ _ _ _ _ _ _ _ _ _ _ _ _ 
competition_lifecycle.py:586: in build_full_competition
    competition = create_full_competition(
competition_lifecycle.py:114: in create_full_competition
    page.goto(competition_create_url, wait_until="load")
.venv/lib/python3.12/site-packages/playwright/sync_api/_generated.py:9612: in goto
    self._sync(
.venv/lib/python3.12/site-packages/playwright/_impl/_page.py:557: in goto
    return await self._main_frame.goto(**locals_to_params(locals()))
           ^^^^^^^^^^^^^^^^^^^^^^^^^^^^^^^^^^^^^^^^^^^^^^^^^^^^^^^^^
.venv/lib/python3.12/site-packages/playwright/_impl/_frame.py:156: in goto
    await self._channel.send(
.venv/lib/python3.12/site-packages/playwright/_impl/_connection.py:69: in send
    return await self._connection.wrap_api_call(
_ _ _ _ _ _ _ _ _ _ _ _ _ _ _ _ _ _ _ _ _ _ _ _ _ _ _ _ _ _ _ _ _ _ _ _ _ _ _ _ 

self = <playwright._impl._connection.Connection object at 0x107d56960>
cb = <function Channel.send.<locals>.<lambda> at 0x108a46340>
is_internal = False, title = None

    async def wrap_api_call(
        self, cb: Callable[[], Any], is_internal: bool = False, title: str = None
    ) -> Any:
        if self._api_zone.get():
            return await cb()
        task = asyncio.current_task(self._loop)
        st: List[inspect.FrameInfo] = getattr(
            task, "__pw_stack__", None
        ) or inspect.stack(0)
    
        parsed_st = _extract_stack_trace_information_from_stack(st, is_internal, title)
        self._api_zone.set(parsed_st)
        try:
            return await cb()
        except Exception as error:
>           raise rewrite_error(error, f"{parsed_st['apiName']}: {error}") from None
E           playwright._impl._errors.Error: Page.goto: net::ERR_CONNECTION_REFUSED at http://localhost:3210/app/01M2116VWQRGDGFT62EBBW33CY/competitions/create
E           Call log:
E             - navigating to "http://localhost:3210/app/01M2116VWQRGDGFT62EBBW33CY/competitions/create", waiting until "load"

.venv/lib/python3.12/site-packages/playwright/_impl/_connection.py:559: Error
_____ ERROR at setup of test_doublon_bloque_sans_requete_reseau[chromium] ______

browser = <Browser type=<BrowserType name=chromium executable_path=/Users/bagouze/Library/Caches/ms-playwright/chromium-1223/chrome-mac-arm64/Google Chrome for Testing.app/Contents/MacOS/Google Chrome for Testing> version=148.0.7778.96>
space_id = '01M2116VWQRGDGFT62EBBW33CY'

    @pytest.fixture(scope="module")
    def roster_ctx(browser, space_id):
        """Le renvoi impose de traverser tout le cycle de phases : c'est le seul
        chemin applicatif qui produit un `Dismissed`, et la validation des renvois
        ramène l'équipe en « Prête à jouer » (la retraite temporaire n'existe pas
        encore, cf. `Team::apply`)."""
        page = browser.new_page()
        try:
>           full = build_full_competition(browser, space_id, num_teams=2, num_rounds=1)
                   ^^^^^^^^^^^^^^^^^^^^^^^^^^^^^^^^^^^^^^^^^^^^^^^^^^^^^^^^^^^^^^^^^^^^

test_roster_edition.py:125: 
_ _ _ _ _ _ _ _ _ _ _ _ _ _ _ _ _ _ _ _ _ _ _ _ _ _ _ _ _ _ _ _ _ _ _ _ _ _ _ _ 
competition_lifecycle.py:586: in build_full_competition
    competition = create_full_competition(
competition_lifecycle.py:114: in create_full_competition
    page.goto(competition_create_url, wait_until="load")
.venv/lib/python3.12/site-packages/playwright/sync_api/_generated.py:9612: in goto
    self._sync(
.venv/lib/python3.12/site-packages/playwright/_impl/_page.py:557: in goto
    return await self._main_frame.goto(**locals_to_params(locals()))
           ^^^^^^^^^^^^^^^^^^^^^^^^^^^^^^^^^^^^^^^^^^^^^^^^^^^^^^^^^
.venv/lib/python3.12/site-packages/playwright/_impl/_frame.py:156: in goto
    await self._channel.send(
.venv/lib/python3.12/site-packages/playwright/_impl/_connection.py:69: in send
    return await self._connection.wrap_api_call(
_ _ _ _ _ _ _ _ _ _ _ _ _ _ _ _ _ _ _ _ _ _ _ _ _ _ _ _ _ _ _ _ _ _ _ _ _ _ _ _ 

self = <playwright._impl._connection.Connection object at 0x107d56960>
cb = <function Channel.send.<locals>.<lambda> at 0x108a46340>
is_internal = False, title = None

    async def wrap_api_call(
        self, cb: Callable[[], Any], is_internal: bool = False, title: str = None
    ) -> Any:
        if self._api_zone.get():
            return await cb()
        task = asyncio.current_task(self._loop)
        st: List[inspect.FrameInfo] = getattr(
            task, "__pw_stack__", None
        ) or inspect.stack(0)
    
        parsed_st = _extract_stack_trace_information_from_stack(st, is_internal, title)
        self._api_zone.set(parsed_st)
        try:
            return await cb()
        except Exception as error:
>           raise rewrite_error(error, f"{parsed_st['apiName']}: {error}") from None
E           playwright._impl._errors.Error: Page.goto: net::ERR_CONNECTION_REFUSED at http://localhost:3210/app/01M2116VWQRGDGFT62EBBW33CY/competitions/create
E           Call log:
E             - navigating to "http://localhost:3210/app/01M2116VWQRGDGFT62EBBW33CY/competitions/create", waiting until "load"

.venv/lib/python3.12/site-packages/playwright/_impl/_connection.py:559: Error
____ ERROR at setup of test_numero_d_un_renvoye_est_reattribuable[chromium] ____

browser = <Browser type=<BrowserType name=chromium executable_path=/Users/bagouze/Library/Caches/ms-playwright/chromium-1223/chrome-mac-arm64/Google Chrome for Testing.app/Contents/MacOS/Google Chrome for Testing> version=148.0.7778.96>
space_id = '01M2116VWQRGDGFT62EBBW33CY'

    @pytest.fixture(scope="module")
    def roster_ctx(browser, space_id):
        """Le renvoi impose de traverser tout le cycle de phases : c'est le seul
        chemin applicatif qui produit un `Dismissed`, et la validation des renvois
        ramène l'équipe en « Prête à jouer » (la retraite temporaire n'existe pas
        encore, cf. `Team::apply`)."""
        page = browser.new_page()
        try:
>           full = build_full_competition(browser, space_id, num_teams=2, num_rounds=1)
                   ^^^^^^^^^^^^^^^^^^^^^^^^^^^^^^^^^^^^^^^^^^^^^^^^^^^^^^^^^^^^^^^^^^^^

test_roster_edition.py:125: 
_ _ _ _ _ _ _ _ _ _ _ _ _ _ _ _ _ _ _ _ _ _ _ _ _ _ _ _ _ _ _ _ _ _ _ _ _ _ _ _ 
competition_lifecycle.py:586: in build_full_competition
    competition = create_full_competition(
competition_lifecycle.py:114: in create_full_competition
    page.goto(competition_create_url, wait_until="load")
.venv/lib/python3.12/site-packages/playwright/sync_api/_generated.py:9612: in goto
    self._sync(
.venv/lib/python3.12/site-packages/playwright/_impl/_page.py:557: in goto
    return await self._main_frame.goto(**locals_to_params(locals()))
           ^^^^^^^^^^^^^^^^^^^^^^^^^^^^^^^^^^^^^^^^^^^^^^^^^^^^^^^^^
.venv/lib/python3.12/site-packages/playwright/_impl/_frame.py:156: in goto
    await self._channel.send(
.venv/lib/python3.12/site-packages/playwright/_impl/_connection.py:69: in send
    return await self._connection.wrap_api_call(
_ _ _ _ _ _ _ _ _ _ _ _ _ _ _ _ _ _ _ _ _ _ _ _ _ _ _ _ _ _ _ _ _ _ _ _ _ _ _ _ 

self = <playwright._impl._connection.Connection object at 0x107d56960>
cb = <function Channel.send.<locals>.<lambda> at 0x108a46340>
is_internal = False, title = None

    async def wrap_api_call(
        self, cb: Callable[[], Any], is_internal: bool = False, title: str = None
    ) -> Any:
        if self._api_zone.get():
            return await cb()
        task = asyncio.current_task(self._loop)
        st: List[inspect.FrameInfo] = getattr(
            task, "__pw_stack__", None
        ) or inspect.stack(0)
    
        parsed_st = _extract_stack_trace_information_from_stack(st, is_internal, title)
        self._api_zone.set(parsed_st)
        try:
            return await cb()
        except Exception as error:
>           raise rewrite_error(error, f"{parsed_st['apiName']}: {error}") from None
E           playwright._impl._errors.Error: Page.goto: net::ERR_CONNECTION_REFUSED at http://localhost:3210/app/01M2116VWQRGDGFT62EBBW33CY/competitions/create
E           Call log:
E             - navigating to "http://localhost:3210/app/01M2116VWQRGDGFT62EBBW33CY/competitions/create", waiting until "load"

.venv/lib/python3.12/site-packages/playwright/_impl/_connection.py:559: Error
________ ERROR at setup of test_membre_sans_droit_est_refuse[chromium] _________

browser = <Browser type=<BrowserType name=chromium executable_path=/Users/bagouze/Library/Caches/ms-playwright/chromium-1223/chrome-mac-arm64/Google Chrome for Testing.app/Contents/MacOS/Google Chrome for Testing> version=148.0.7778.96>
space_id = '01M2116VWQRGDGFT62EBBW33CY'

    @pytest.fixture(scope="module")
    def roster_ctx(browser, space_id):
        """Le renvoi impose de traverser tout le cycle de phases : c'est le seul
        chemin applicatif qui produit un `Dismissed`, et la validation des renvois
        ramène l'équipe en « Prête à jouer » (la retraite temporaire n'existe pas
        encore, cf. `Team::apply`)."""
        page = browser.new_page()
        try:
>           full = build_full_competition(browser, space_id, num_teams=2, num_rounds=1)
                   ^^^^^^^^^^^^^^^^^^^^^^^^^^^^^^^^^^^^^^^^^^^^^^^^^^^^^^^^^^^^^^^^^^^^

test_roster_edition.py:125: 
_ _ _ _ _ _ _ _ _ _ _ _ _ _ _ _ _ _ _ _ _ _ _ _ _ _ _ _ _ _ _ _ _ _ _ _ _ _ _ _ 
competition_lifecycle.py:586: in build_full_competition
    competition = create_full_competition(
competition_lifecycle.py:114: in create_full_competition
    page.goto(competition_create_url, wait_until="load")
.venv/lib/python3.12/site-packages/playwright/sync_api/_generated.py:9612: in goto
    self._sync(
.venv/lib/python3.12/site-packages/playwright/_impl/_page.py:557: in goto
    return await self._main_frame.goto(**locals_to_params(locals()))
           ^^^^^^^^^^^^^^^^^^^^^^^^^^^^^^^^^^^^^^^^^^^^^^^^^^^^^^^^^
.venv/lib/python3.12/site-packages/playwright/_impl/_frame.py:156: in goto
    await self._channel.send(
.venv/lib/python3.12/site-packages/playwright/_impl/_connection.py:69: in send
    return await self._connection.wrap_api_call(
_ _ _ _ _ _ _ _ _ _ _ _ _ _ _ _ _ _ _ _ _ _ _ _ _ _ _ _ _ _ _ _ _ _ _ _ _ _ _ _ 

self = <playwright._impl._connection.Connection object at 0x107d56960>
cb = <function Channel.send.<locals>.<lambda> at 0x108a46340>
is_internal = False, title = None

    async def wrap_api_call(
        self, cb: Callable[[], Any], is_internal: bool = False, title: str = None
    ) -> Any:
        if self._api_zone.get():
            return await cb()
        task = asyncio.current_task(self._loop)
        st: List[inspect.FrameInfo] = getattr(
            task, "__pw_stack__", None
        ) or inspect.stack(0)
    
        parsed_st = _extract_stack_trace_information_from_stack(st, is_internal, title)
        self._api_zone.set(parsed_st)
        try:
            return await cb()
        except Exception as error:
>           raise rewrite_error(error, f"{parsed_st['apiName']}: {error}") from None
E           playwright._impl._errors.Error: Page.goto: net::ERR_CONNECTION_REFUSED at http://localhost:3210/app/01M2116VWQRGDGFT62EBBW33CY/competitions/create
E           Call log:
E             - navigating to "http://localhost:3210/app/01M2116VWQRGDGFT62EBBW33CY/competitions/create", waiting until "load"

.venv/lib/python3.12/site-packages/playwright/_impl/_connection.py:559: Error
_ ERROR at setup of test_un_coach_tiers_ne_voit_pas_le_bouton_d_edition[chromium] _

browser = <Browser type=<BrowserType name=chromium executable_path=/Users/bagouze/Library/Caches/ms-playwright/chromium-1223/chrome-mac-arm64/Google Chrome for Testing.app/Contents/MacOS/Google Chrome for Testing> version=148.0.7778.96>
space_id = '01M2116VWQRGDGFT62EBBW33CY'

    @pytest.fixture(scope="module")
    def roster_ctx(browser, space_id):
        """Le renvoi impose de traverser tout le cycle de phases : c'est le seul
        chemin applicatif qui produit un `Dismissed`, et la validation des renvois
        ramène l'équipe en « Prête à jouer » (la retraite temporaire n'existe pas
        encore, cf. `Team::apply`)."""
        page = browser.new_page()
        try:
>           full = build_full_competition(browser, space_id, num_teams=2, num_rounds=1)
                   ^^^^^^^^^^^^^^^^^^^^^^^^^^^^^^^^^^^^^^^^^^^^^^^^^^^^^^^^^^^^^^^^^^^^

test_roster_edition.py:125: 
_ _ _ _ _ _ _ _ _ _ _ _ _ _ _ _ _ _ _ _ _ _ _ _ _ _ _ _ _ _ _ _ _ _ _ _ _ _ _ _ 
competition_lifecycle.py:586: in build_full_competition
    competition = create_full_competition(
competition_lifecycle.py:114: in create_full_competition
    page.goto(competition_create_url, wait_until="load")
.venv/lib/python3.12/site-packages/playwright/sync_api/_generated.py:9612: in goto
    self._sync(
.venv/lib/python3.12/site-packages/playwright/_impl/_page.py:557: in goto
    return await self._main_frame.goto(**locals_to_params(locals()))
           ^^^^^^^^^^^^^^^^^^^^^^^^^^^^^^^^^^^^^^^^^^^^^^^^^^^^^^^^^
.venv/lib/python3.12/site-packages/playwright/_impl/_frame.py:156: in goto
    await self._channel.send(
.venv/lib/python3.12/site-packages/playwright/_impl/_connection.py:69: in send
    return await self._connection.wrap_api_call(
_ _ _ _ _ _ _ _ _ _ _ _ _ _ _ _ _ _ _ _ _ _ _ _ _ _ _ _ _ _ _ _ _ _ _ _ _ _ _ _ 

self = <playwright._impl._connection.Connection object at 0x107d56960>
cb = <function Channel.send.<locals>.<lambda> at 0x108a46340>
is_internal = False, title = None

    async def wrap_api_call(
        self, cb: Callable[[], Any], is_internal: bool = False, title: str = None
    ) -> Any:
        if self._api_zone.get():
            return await cb()
        task = asyncio.current_task(self._loop)
        st: List[inspect.FrameInfo] = getattr(
            task, "__pw_stack__", None
        ) or inspect.stack(0)
    
        parsed_st = _extract_stack_trace_information_from_stack(st, is_internal, title)
        self._api_zone.set(parsed_st)
        try:
            return await cb()
        except Exception as error:
>           raise rewrite_error(error, f"{parsed_st['apiName']}: {error}") from None
E           playwright._impl._errors.Error: Page.goto: net::ERR_CONNECTION_REFUSED at http://localhost:3210/app/01M2116VWQRGDGFT62EBBW33CY/competitions/create
E           Call log:
E             - navigating to "http://localhost:3210/app/01M2116VWQRGDGFT62EBBW33CY/competitions/create", waiting until "load"

.venv/lib/python3.12/site-packages/playwright/_impl/_connection.py:559: Error
_ ERROR at setup of test_une_saison_non_finalisee_refuse_la_creation[chromium] _

page = <Page url='about:blank'>
competition_create_url = 'http://localhost:3210/app/01M2116VWQRGDGFT62EBBW33CY/competitions/create'

    @pytest.fixture
    def saison_inachevee(page: Page, competition_create_url):
        """Une compétition publiée, ramenée à l'état « en cours de configuration ».
    
        Rendue `ready` à la sortie : les autres tests de la suite partagent la base
        de développement, et une saison laissée inachevée les ferait échouer sur un
        symptôme sans rapport.
        """
>       competition = create_full_competition(page, competition_create_url, num_rounds=1)
                      ^^^^^^^^^^^^^^^^^^^^^^^^^^^^^^^^^^^^^^^^^^^^^^^^^^^^^^^^^^^^^^^^^^^

test_saison_non_finalisee.py:38: 
_ _ _ _ _ _ _ _ _ _ _ _ _ _ _ _ _ _ _ _ _ _ _ _ _ _ _ _ _ _ _ _ _ _ _ _ _ _ _ _ 
competition_lifecycle.py:114: in create_full_competition
    page.goto(competition_create_url, wait_until="load")
.venv/lib/python3.12/site-packages/playwright/sync_api/_generated.py:9612: in goto
    self._sync(
.venv/lib/python3.12/site-packages/playwright/_impl/_page.py:557: in goto
    return await self._main_frame.goto(**locals_to_params(locals()))
           ^^^^^^^^^^^^^^^^^^^^^^^^^^^^^^^^^^^^^^^^^^^^^^^^^^^^^^^^^
.venv/lib/python3.12/site-packages/playwright/_impl/_frame.py:156: in goto
    await self._channel.send(
.venv/lib/python3.12/site-packages/playwright/_impl/_connection.py:69: in send
    return await self._connection.wrap_api_call(
_ _ _ _ _ _ _ _ _ _ _ _ _ _ _ _ _ _ _ _ _ _ _ _ _ _ _ _ _ _ _ _ _ _ _ _ _ _ _ _ 

self = <playwright._impl._connection.Connection object at 0x107d56960>
cb = <function Channel.send.<locals>.<lambda> at 0x108964f40>
is_internal = False, title = None

    async def wrap_api_call(
        self, cb: Callable[[], Any], is_internal: bool = False, title: str = None
    ) -> Any:
        if self._api_zone.get():
            return await cb()
        task = asyncio.current_task(self._loop)
        st: List[inspect.FrameInfo] = getattr(
            task, "__pw_stack__", None
        ) or inspect.stack(0)
    
        parsed_st = _extract_stack_trace_information_from_stack(st, is_internal, title)
        self._api_zone.set(parsed_st)
        try:
            return await cb()
        except Exception as error:
>           raise rewrite_error(error, f"{parsed_st['apiName']}: {error}") from None
E           playwright._impl._errors.Error: Page.goto: net::ERR_CONNECTION_REFUSED at http://localhost:3210/app/01M2116VWQRGDGFT62EBBW33CY/competitions/create
E           Call log:
E             - navigating to "http://localhost:3210/app/01M2116VWQRGDGFT62EBBW33CY/competitions/create", waiting until "load"

.venv/lib/python3.12/site-packages/playwright/_impl/_connection.py:559: Error
_ ERROR at setup of test_la_saison_redevient_joignable_une_fois_prete[chromium] _

page = <Page url='about:blank'>
competition_create_url = 'http://localhost:3210/app/01M2116VWQRGDGFT62EBBW33CY/competitions/create'

    @pytest.fixture
    def saison_inachevee(page: Page, competition_create_url):
        """Une compétition publiée, ramenée à l'état « en cours de configuration ».
    
        Rendue `ready` à la sortie : les autres tests de la suite partagent la base
        de développement, et une saison laissée inachevée les ferait échouer sur un
        symptôme sans rapport.
        """
>       competition = create_full_competition(page, competition_create_url, num_rounds=1)
                      ^^^^^^^^^^^^^^^^^^^^^^^^^^^^^^^^^^^^^^^^^^^^^^^^^^^^^^^^^^^^^^^^^^^

test_saison_non_finalisee.py:38: 
_ _ _ _ _ _ _ _ _ _ _ _ _ _ _ _ _ _ _ _ _ _ _ _ _ _ _ _ _ _ _ _ _ _ _ _ _ _ _ _ 
competition_lifecycle.py:114: in create_full_competition
    page.goto(competition_create_url, wait_until="load")
.venv/lib/python3.12/site-packages/playwright/sync_api/_generated.py:9612: in goto
    self._sync(
.venv/lib/python3.12/site-packages/playwright/_impl/_page.py:557: in goto
    return await self._main_frame.goto(**locals_to_params(locals()))
           ^^^^^^^^^^^^^^^^^^^^^^^^^^^^^^^^^^^^^^^^^^^^^^^^^^^^^^^^^
.venv/lib/python3.12/site-packages/playwright/_impl/_frame.py:156: in goto
    await self._channel.send(
.venv/lib/python3.12/site-packages/playwright/_impl/_connection.py:69: in send
    return await self._connection.wrap_api_call(
_ _ _ _ _ _ _ _ _ _ _ _ _ _ _ _ _ _ _ _ _ _ _ _ _ _ _ _ _ _ _ _ _ _ _ _ _ _ _ _ 

self = <playwright._impl._connection.Connection object at 0x107d56960>
cb = <function Channel.send.<locals>.<lambda> at 0x10880cae0>
is_internal = False, title = None

    async def wrap_api_call(
        self, cb: Callable[[], Any], is_internal: bool = False, title: str = None
    ) -> Any:
        if self._api_zone.get():
            return await cb()
        task = asyncio.current_task(self._loop)
        st: List[inspect.FrameInfo] = getattr(
            task, "__pw_stack__", None
        ) or inspect.stack(0)
    
        parsed_st = _extract_stack_trace_information_from_stack(st, is_internal, title)
        self._api_zone.set(parsed_st)
        try:
            return await cb()
        except Exception as error:
>           raise rewrite_error(error, f"{parsed_st['apiName']}: {error}") from None
E           playwright._impl._errors.Error: Page.goto: net::ERR_CONNECTION_REFUSED at http://localhost:3210/app/01M2116VWQRGDGFT62EBBW33CY/competitions/create
E           Call log:
E             - navigating to "http://localhost:3210/app/01M2116VWQRGDGFT62EBBW33CY/competitions/create", waiting until "load"

.venv/lib/python3.12/site-packages/playwright/_impl/_connection.py:559: Error
_ ERROR at setup of test_une_equipe_commencee_avant_ne_peut_pas_etre_soumise[chromium] _

page = <Page url='about:blank'>
competition_create_url = 'http://localhost:3210/app/01M2116VWQRGDGFT62EBBW33CY/competitions/create'

    @pytest.fixture
    def saison_inachevee(page: Page, competition_create_url):
        """Une compétition publiée, ramenée à l'état « en cours de configuration ».
    
        Rendue `ready` à la sortie : les autres tests de la suite partagent la base
        de développement, et une saison laissée inachevée les ferait échouer sur un
        symptôme sans rapport.
        """
>       competition = create_full_competition(page, competition_create_url, num_rounds=1)
                      ^^^^^^^^^^^^^^^^^^^^^^^^^^^^^^^^^^^^^^^^^^^^^^^^^^^^^^^^^^^^^^^^^^^

test_saison_non_finalisee.py:38: 
_ _ _ _ _ _ _ _ _ _ _ _ _ _ _ _ _ _ _ _ _ _ _ _ _ _ _ _ _ _ _ _ _ _ _ _ _ _ _ _ 
competition_lifecycle.py:114: in create_full_competition
    page.goto(competition_create_url, wait_until="load")
.venv/lib/python3.12/site-packages/playwright/sync_api/_generated.py:9612: in goto
    self._sync(
.venv/lib/python3.12/site-packages/playwright/_impl/_page.py:557: in goto
    return await self._main_frame.goto(**locals_to_params(locals()))
           ^^^^^^^^^^^^^^^^^^^^^^^^^^^^^^^^^^^^^^^^^^^^^^^^^^^^^^^^^
.venv/lib/python3.12/site-packages/playwright/_impl/_frame.py:156: in goto
    await self._channel.send(
.venv/lib/python3.12/site-packages/playwright/_impl/_connection.py:69: in send
    return await self._connection.wrap_api_call(
_ _ _ _ _ _ _ _ _ _ _ _ _ _ _ _ _ _ _ _ _ _ _ _ _ _ _ _ _ _ _ _ _ _ _ _ _ _ _ _ 

self = <playwright._impl._connection.Connection object at 0x107d56960>
cb = <function Channel.send.<locals>.<lambda> at 0x108966520>
is_internal = False, title = None

    async def wrap_api_call(
        self, cb: Callable[[], Any], is_internal: bool = False, title: str = None
    ) -> Any:
        if self._api_zone.get():
            return await cb()
        task = asyncio.current_task(self._loop)
        st: List[inspect.FrameInfo] = getattr(
            task, "__pw_stack__", None
        ) or inspect.stack(0)
    
        parsed_st = _extract_stack_trace_information_from_stack(st, is_internal, title)
        self._api_zone.set(parsed_st)
        try:
            return await cb()
        except Exception as error:
>           raise rewrite_error(error, f"{parsed_st['apiName']}: {error}") from None
E           playwright._impl._errors.Error: Page.goto: net::ERR_CONNECTION_REFUSED at http://localhost:3210/app/01M2116VWQRGDGFT62EBBW33CY/competitions/create
E           Call log:
E             - navigating to "http://localhost:3210/app/01M2116VWQRGDGFT62EBBW33CY/competitions/create", waiting until "load"

.venv/lib/python3.12/site-packages/playwright/_impl/_connection.py:559: Error
____ ERROR at setup of test_un_seul_caractere_reste_sous_le_seuil[chromium] ____

self = <HTTPConnection(host='localhost', port=3210) at 0x108caa2a0>

    def _new_conn(self) -> socket.socket:
        """Establish a socket connection and set nodelay settings on it.
    
        :return: New socket connection.
        """
        try:
>           sock = connection.create_connection(
                (self._dns_host, self.port),
                self.timeout,
                source_address=self.source_address,
                socket_options=self.socket_options,
            )

.venv/lib/python3.12/site-packages/urllib3/connection.py:204: 
_ _ _ _ _ _ _ _ _ _ _ _ _ _ _ _ _ _ _ _ _ _ _ _ _ _ _ _ _ _ _ _ _ _ _ _ _ _ _ _ 
.venv/lib/python3.12/site-packages/urllib3/util/connection.py:85: in create_connection
    raise err
_ _ _ _ _ _ _ _ _ _ _ _ _ _ _ _ _ _ _ _ _ _ _ _ _ _ _ _ _ _ _ _ _ _ _ _ _ _ _ _ 

address = ('localhost', 3210), timeout = 15, source_address = None
socket_options = [(6, 1, 1)]

    def create_connection(
        address: tuple[str, int],
        timeout: _TYPE_TIMEOUT = _DEFAULT_TIMEOUT,
        source_address: tuple[str, int] | None = None,
        socket_options: _TYPE_SOCKET_OPTIONS | None = None,
    ) -> socket.socket:
        """Connect to *address* and return the socket object.
    
        Convenience function.  Connect to *address* (a 2-tuple ``(host,
        port)``) and return the socket object.  Passing the optional
        *timeout* parameter will set the timeout on the socket instance
        before attempting to connect.  If no *timeout* is supplied, the
        global default timeout setting returned by :func:`socket.getdefaulttimeout`
        is used.  If *source_address* is set it must be a tuple of (host, port)
        for the socket to bind as a source address before making the connection.
        An host of '' or port 0 tells the OS to use the default.
        """
    
        host, port = address
        if host.startswith("["):
            host = host.strip("[]")
        err = None
    
        # Using the value from allowed_gai_family() in the context of getaddrinfo lets
        # us select whether to work with IPv4 DNS records, IPv6 records, or both.
        # The original create_connection function always returns all records.
        family = allowed_gai_family()
    
        try:
            host.encode("idna")
        except UnicodeError:
            raise LocationParseError(f"'{host}', label empty or too long") from None
    
        for res in socket.getaddrinfo(host, port, family, socket.SOCK_STREAM):
            af, socktype, proto, canonname, sa = res
            sock = None
            try:
                sock = socket.socket(af, socktype, proto)
    
                # If provided, set socket level options before connecting.
                _set_socket_options(sock, socket_options)
    
                if timeout is not _DEFAULT_TIMEOUT:
                    sock.settimeout(timeout)
                if source_address:
                    sock.bind(source_address)
>               sock.connect(sa)
E               ConnectionRefusedError: [Errno 61] Connection refused

.venv/lib/python3.12/site-packages/urllib3/util/connection.py:73: ConnectionRefusedError

The above exception was the direct cause of the following exception:

self = <urllib3.connectionpool.HTTPConnectionPool object at 0x108ca8ad0>
method = 'POST', url = '/app/space/create'
body = 'space_name=E2E+AjoutDirect+1789045327099950000&logo_url=https%3A%2F%2Fres.cloudinary.com%2Fdemo%2Fimage%2Fupload%2Fsample.jpg'
headers = {'User-Agent': 'python-requests/2.34.2', 'Accept-Encoding': 'gzip, deflate', 'Accept': '*/*', 'Connection': 'keep-alive', 'HX-Request': 'true', 'Content-Type': 'application/x-www-form-urlencoded', 'Content-Length': '125'}
retries = Retry(total=0, connect=None, read=False, redirect=None, status=None)
redirect = False, assert_same_host = False
timeout = Timeout(connect=15, read=15, total=None), pool_timeout = None
release_conn = False, chunked = False, body_pos = None, preload_content = False
decode_content = False, response_kw = {}

    def urlopen(  # type: ignore[override]
        self,
        method: str,
        url: str,
        body: _TYPE_BODY | None = None,
        headers: typing.Mapping[str, str] | None = None,
        retries: Retry | bool | int | None = None,
        redirect: bool = True,
        assert_same_host: bool = True,
        timeout: _TYPE_TIMEOUT = _DEFAULT_TIMEOUT,
        pool_timeout: int | None = None,
        release_conn: bool | None = None,
        chunked: bool = False,
        body_pos: _TYPE_BODY_POSITION | None = None,
        preload_content: bool = True,
        decode_content: bool = True,
        **response_kw: typing.Any,
    ) -> BaseHTTPResponse:
        """
        Get a connection from the pool and perform an HTTP request. This is the
        lowest level call for making a request, so you'll need to specify all
        the raw details.
    
        .. note::
    
           More commonly, it's appropriate to use a convenience method
           such as :meth:`request`.
    
        .. note::
    
           `release_conn` will only behave as expected if
           `preload_content=False` because we want to make
           `preload_content=False` the default behaviour someday soon without
           breaking backwards compatibility.
    
        :param method:
            HTTP request method (such as GET, POST, PUT, etc.)
    
        :param url:
            The URL to perform the request on.
    
        :param body:
            Data to send in the request body, either :class:`str`, :class:`bytes`,
            an iterable of :class:`str`/:class:`bytes`, or a file-like object.
    
        :param headers:
            Dictionary of custom headers to send, such as User-Agent,
            If-None-Match, etc. If None, pool headers are used. If provided,
            these headers completely replace any pool-specific headers.
    
        :param retries:
            Configure the number of retries to allow before raising a
            :class:`~urllib3.exceptions.MaxRetryError` exception.
    
            If ``None`` (default) will retry 3 times, see ``Retry.DEFAULT``. Pass a
            :class:`~urllib3.util.retry.Retry` object for fine-grained control
            over different types of retries.
            Pass an integer number to retry connection errors that many times,
            but no other types of errors. Pass zero to never retry.
    
            If ``False``, then retries are disabled and any exception is raised
            immediately. Also, instead of raising a MaxRetryError on redirects,
            the redirect response will be returned.
    
        :type retries: :class:`~urllib3.util.retry.Retry`, False, or an int.
    
        :param redirect:
            If True, automatically handle redirects (status codes 301, 302,
            303, 307, 308). Each redirect counts as a retry. Disabling retries
            will disable redirect, too.
    
        :param assert_same_host:
            If ``True``, will make sure that the host of the pool requests is
            consistent else will raise HostChangedError. When ``False``, you can
            use the pool on an HTTP proxy and request foreign hosts.
    
        :param timeout:
            If specified, overrides the default timeout for this one
            request. It may be a float (in seconds) or an instance of
            :class:`urllib3.util.Timeout`.
    
        :param pool_timeout:
            If set and the pool is set to block=True, then this method will
            block for ``pool_timeout`` seconds and raise EmptyPoolError if no
            connection is available within the time period.
    
        :param bool preload_content:
            If True, the response's body will be preloaded into memory.
    
        :param bool decode_content:
            If True, will attempt to decode the body based on the
            'content-encoding' header.
    
        :param release_conn:
            If False, then the urlopen call will not release the connection
            back into the pool once a response is received (but will release if
            you read the entire contents of the response such as when
            `preload_content=True`). This is useful if you're not preloading
            the response's content immediately. You will need to call
            ``r.release_conn()`` on the response ``r`` to return the connection
            back into the pool. If None, it takes the value of ``preload_content``
            which defaults to ``True``.
    
        :param bool chunked:
            If True, urllib3 will send the body using chunked transfer
            encoding. Otherwise, urllib3 will send the body using the standard
            content-length form. Defaults to False.
    
        :param int body_pos:
            Position to seek to in file-like body in the event of a retry or
            redirect. Typically this won't need to be set because urllib3 will
            auto-populate the value when needed.
        """
        # Ensure that the URL we're connecting to is properly encoded
        if url.startswith("/"):
            # URLs starting with / are inherently schemeless.
            url = to_str(_encode_target(url))
            destination_scheme = None
        else:
            parsed_url = parse_url(url)
            destination_scheme = parsed_url.scheme
            url = to_str(parsed_url.url)
    
        if headers is None:
            headers = self.headers
    
        if not isinstance(retries, Retry):
            retries = Retry.from_int(retries, redirect=redirect, default=self.retries)
    
        if release_conn is None:
            release_conn = preload_content
    
        # Check host
        if assert_same_host and not self.is_same_host(url):
            raise HostChangedError(self, url, retries)
    
        conn = None
    
        # Track whether `conn` needs to be released before
        # returning/raising/recursing. Update this variable if necessary, and
        # leave `release_conn` constant throughout the function. That way, if
        # the function recurses, the original value of `release_conn` will be
        # passed down into the recursive call, and its value will be respected.
        #
        # See issue #651 [1] for details.
        #
        # [1] <https://github.com/urllib3/urllib3/issues/651>
        release_this_conn = release_conn
    
        http_tunnel_required = connection_requires_http_tunnel(
            self.proxy, self.proxy_config, destination_scheme
        )
    
        # Merge the proxy headers. Only done when not using HTTP CONNECT. We
        # have to copy the headers dict so we can safely change it without those
        # changes being reflected in anyone else's copy.
        if not http_tunnel_required:
            headers = headers.copy()  # type: ignore[attr-defined]
            headers.update(self.proxy_headers)  # type: ignore[union-attr]
    
        # Must keep the exception bound to a separate variable or else Python 3
        # complains about UnboundLocalError.
        err = None
    
        # Keep track of whether we cleanly exited the except block. This
        # ensures we do proper cleanup in finally.
        clean_exit = False
    
        # Rewind body position, if needed. Record current position
        # for future rewinds in the event of a redirect/retry.
        body_pos = set_file_position(body, body_pos)
    
        try:
            # Request a connection from the queue.
            timeout_obj = self._get_timeout(timeout)
            conn = self._get_conn(timeout=pool_timeout)
    
            conn.timeout = timeout_obj.connect_timeout  # type: ignore[assignment]
    
            # Is this a closed/new connection that requires CONNECT tunnelling?
            if self.proxy is not None and http_tunnel_required and conn.is_closed:
                try:
                    self._prepare_proxy(conn)
                except (BaseSSLError, OSError, SocketTimeout) as e:
                    self._raise_timeout(
                        err=e, url=self.proxy.url, timeout_value=conn.timeout
                    )
                    raise
    
            # If we're going to release the connection in ``finally:``, then
            # the response doesn't need to know about the connection. Otherwise
            # it will also try to release it and we'll have a double-release
            # mess.
            response_conn = conn if not release_conn else None
    
            # Make the request on the HTTPConnection object
>           response = self._make_request(
                conn,
                method,
                url,
                timeout=timeout_obj,
                body=body,
                headers=headers,
                chunked=chunked,
                retries=retries,
                response_conn=response_conn,
                preload_content=preload_content,
                decode_content=decode_content,
                **response_kw,
            )

.venv/lib/python3.12/site-packages/urllib3/connectionpool.py:788: 
_ _ _ _ _ _ _ _ _ _ _ _ _ _ _ _ _ _ _ _ _ _ _ _ _ _ _ _ _ _ _ _ _ _ _ _ _ _ _ _ 
.venv/lib/python3.12/site-packages/urllib3/connectionpool.py:493: in _make_request
    conn.request(
.venv/lib/python3.12/site-packages/urllib3/connection.py:500: in request
    self.endheaders()
/Users/bagouze/.local/share/uv/python/cpython-3.12.13-macos-aarch64-none/lib/python3.12/http/client.py:1353: in endheaders
    self._send_output(message_body, encode_chunked=encode_chunked)
/Users/bagouze/.local/share/uv/python/cpython-3.12.13-macos-aarch64-none/lib/python3.12/http/client.py:1113: in _send_output
    self.send(msg)
/Users/bagouze/.local/share/uv/python/cpython-3.12.13-macos-aarch64-none/lib/python3.12/http/client.py:1057: in send
    self.connect()
.venv/lib/python3.12/site-packages/urllib3/connection.py:331: in connect
    self.sock = self._new_conn()
                ^^^^^^^^^^^^^^^^
_ _ _ _ _ _ _ _ _ _ _ _ _ _ _ _ _ _ _ _ _ _ _ _ _ _ _ _ _ _ _ _ _ _ _ _ _ _ _ _ 

self = <HTTPConnection(host='localhost', port=3210) at 0x108caa2a0>

    def _new_conn(self) -> socket.socket:
        """Establish a socket connection and set nodelay settings on it.
    
        :return: New socket connection.
        """
        try:
            sock = connection.create_connection(
                (self._dns_host, self.port),
                self.timeout,
                source_address=self.source_address,
                socket_options=self.socket_options,
            )
        except socket.gaierror as e:
            raise NameResolutionError(self.host, self, e) from e
        except SocketTimeout as e:
            raise ConnectTimeoutError(
                self,
                f"Connection to {self.host} timed out. (connect timeout={self.timeout})",
            ) from e
    
        except OSError as e:
>           raise NewConnectionError(
                self, f"Failed to establish a new connection: {e}"
            ) from e
E           urllib3.exceptions.NewConnectionError: HTTPConnection(host='localhost', port=3210): Failed to establish a new connection: [Errno 61] Connection refused

.venv/lib/python3.12/site-packages/urllib3/connection.py:219: NewConnectionError

The above exception was the direct cause of the following exception:

self = <requests.adapters.HTTPAdapter object at 0x108caa7b0>
request = <PreparedRequest [POST]>, stream = False, timeout = 15, verify = True
cert = None, proxies = OrderedDict()

    def send(
        self,
        request: PreparedRequest,
        stream: bool = False,
        timeout: _t.TimeoutType = None,
        verify: _t.VerifyType = True,
        cert: _t.CertType = None,
        proxies: dict[str, str] | None = None,
    ) -> Response:
        """Sends PreparedRequest object. Returns Response object.
    
        :param request: The :class:`PreparedRequest <PreparedRequest>` being sent.
        :param stream: (optional) Whether to stream the request content.
        :param timeout: (optional) How long to wait for the server to send
            data before giving up, as a float, or a :ref:`(connect timeout,
            read timeout) <timeouts>` tuple.
        :type timeout: float or tuple or urllib3 Timeout object
        :param verify: (optional) Either a boolean, in which case it controls whether
            we verify the server's TLS certificate, or a string, in which case it
            must be a path to a CA bundle to use
        :param cert: (optional) Any user-provided SSL certificate to be trusted.
        :param proxies: (optional) The proxies dictionary to apply to the request.
        :rtype: requests.Response
        """
    
        assert _is_prepared(request)
    
        try:
            conn = self.get_connection_with_tls_context(
                request, verify, proxies=proxies, cert=cert
            )
        except LocationValueError as e:
            raise InvalidURL(e, request=request)
    
        self.cert_verify(conn, request.url, verify, cert)
        url = self.request_url(request, proxies)
        self.add_headers(
            request,
            stream=stream,
            timeout=timeout,
            verify=verify,
            cert=cert,
            proxies=proxies,
        )
    
        chunked = not (request.body is None or "Content-Length" in request.headers)
    
        if isinstance(timeout, tuple):
            try:
                connect, read = timeout
                resolved_timeout = TimeoutSauce(connect=connect, read=read)
            except ValueError:
                raise ValueError(
                    f"Invalid timeout {timeout}. Pass a (connect, read) timeout tuple, "
                    f"or a single float to set both timeouts to the same value."
                )
        elif isinstance(timeout, TimeoutSauce):
            resolved_timeout = timeout
        else:
            resolved_timeout = TimeoutSauce(connect=timeout, read=timeout)
    
        try:
>           resp = conn.urlopen(
                method=request.method,
                url=url,
                body=request.body,  # type: ignore[arg-type]  # urllib3 stubs don't accept Iterable[bytes | str]
                headers=request.headers,  # type: ignore[arg-type]  # urllib3#3072
                redirect=False,
                assert_same_host=False,
                preload_content=False,
                decode_content=False,
                retries=self.max_retries,
                timeout=resolved_timeout,
                chunked=chunked,
            )

.venv/lib/python3.12/site-packages/requests/adapters.py:696: 
_ _ _ _ _ _ _ _ _ _ _ _ _ _ _ _ _ _ _ _ _ _ _ _ _ _ _ _ _ _ _ _ _ _ _ _ _ _ _ _ 
.venv/lib/python3.12/site-packages/urllib3/connectionpool.py:842: in urlopen
    retries = retries.increment(
_ _ _ _ _ _ _ _ _ _ _ _ _ _ _ _ _ _ _ _ _ _ _ _ _ _ _ _ _ _ _ _ _ _ _ _ _ _ _ _ 

self = Retry(total=0, connect=None, read=False, redirect=None, status=None)
method = 'POST', url = '/app/space/create', response = None
error = NewConnectionError("HTTPConnection(host='localhost', port=3210): Failed to establish a new connection: [Errno 61] Connection refused")
_pool = <urllib3.connectionpool.HTTPConnectionPool object at 0x108ca8ad0>
_stacktrace = <traceback object at 0x10950ae80>

    def increment(
        self,
        method: str | None = None,
        url: str | None = None,
        response: BaseHTTPResponse | None = None,
        error: Exception | None = None,
        _pool: ConnectionPool | None = None,
        _stacktrace: TracebackType | None = None,
    ) -> Self:
        """Return a new Retry object with incremented retry counters.
    
        :param response: A response object, or None, if the server did not
            return a response.
        :type response: :class:`~urllib3.response.BaseHTTPResponse`
        :param Exception error: An error encountered during the request, or
            None if the response was received successfully.
    
        :return: A new ``Retry`` object.
        """
        if self.total is False and error:
            # Disabled, indicate to re-raise the error.
            raise reraise(type(error), error, _stacktrace)
    
        total = self.total
        if total is not None:
            total -= 1
    
        connect = self.connect
        read = self.read
        redirect = self.redirect
        status_count = self.status
        other = self.other
        cause = "unknown"
        status = None
        redirect_location = None
    
        if error and self._is_connection_error(error):
            # Connect retry?
            if connect is False:
                raise reraise(type(error), error, _stacktrace)
            elif connect is not None:
                connect -= 1
    
        elif error and self._is_read_error(error):
            # Read retry?
            if read is False or method is None or not self._is_method_retryable(method):
                raise reraise(type(error), error, _stacktrace)
            elif read is not None:
                read -= 1
    
        elif error:
            # Other retry?
            if other is not None:
                other -= 1
    
        elif response and response.get_redirect_location():
            # Redirect retry?
            if redirect is not None:
                redirect -= 1
            cause = "too many redirects"
            response_redirect_location = response.get_redirect_location()
            if response_redirect_location:
                redirect_location = response_redirect_location
            status = response.status
    
        else:
            # Incrementing because of a server error like a 500 in
            # status_forcelist and the given method is in the allowed_methods
            cause = ResponseError.GENERIC_ERROR
            if response and response.status:
                if status_count is not None:
                    status_count -= 1
                cause = ResponseError.SPECIFIC_ERROR.format(status_code=response.status)
                status = response.status
    
        history = self.history + (
            RequestHistory(method, url, error, status, redirect_location),
        )
    
        new_retry = self.new(
            total=total,
            connect=connect,
            read=read,
            redirect=redirect,
            status=status_count,
            other=other,
            history=history,
        )
    
        if new_retry.is_exhausted():
            reason = error or ResponseError(cause)
>           raise MaxRetryError(_pool, url, reason) from reason  # type: ignore[arg-type]
            ^^^^^^^^^^^^^^^^^^^^^^^^^^^^^^^^^^^^^^^^^^^^^^^^^^^
E           urllib3.exceptions.MaxRetryError: HTTPConnectionPool(host='localhost', port=3210): Max retries exceeded with url: /app/space/create (Caused by NewConnectionError("HTTPConnection(host='localhost', port=3210): Failed to establish a new connection: [Errno 61] Connection refused"))

.venv/lib/python3.12/site-packages/urllib3/util/retry.py:543: MaxRetryError

During handling of the above exception, another exception occurred:

    @pytest.fixture(scope="module")
    def espace_jetable() -> str:
        """Un espace à deux membres : DevCoach administrateur, E2E Coach 01 membre.
    
        Les dix autres coachs semés en sont absents : ce sont les candidats.
        """
        nom = f"E2E AjoutDirect {time.time_ns()}"
>       r = requests.post(
            f"{BASE_URL}/app/space/create",
            data={"space_name": nom, "logo_url": LOGO},
            headers={"HX-Request": "true", "Content-Type": FORM_URLENCODED},
            timeout=15,
        )

test_space_admin_ajout_direct.py:45: 
_ _ _ _ _ _ _ _ _ _ _ _ _ _ _ _ _ _ _ _ _ _ _ _ _ _ _ _ _ _ _ _ _ _ _ _ _ _ _ _ 
.venv/lib/python3.12/site-packages/requests/api.py:134: in post
    return request("post", url, data=data, json=json, **kwargs)
           ^^^^^^^^^^^^^^^^^^^^^^^^^^^^^^^^^^^^^^^^^^^^^^^^^^^^
.venv/lib/python3.12/site-packages/requests/api.py:71: in request
    return session.request(method=method, url=url, **kwargs)
           ^^^^^^^^^^^^^^^^^^^^^^^^^^^^^^^^^^^^^^^^^^^^^^^^^
.venv/lib/python3.12/site-packages/requests/sessions.py:651: in request
    resp = self.send(prep, **send_kwargs)
           ^^^^^^^^^^^^^^^^^^^^^^^^^^^^^^
.venv/lib/python3.12/site-packages/requests/sessions.py:784: in send
    r = adapter.send(request, **kwargs)
        ^^^^^^^^^^^^^^^^^^^^^^^^^^^^^^^
_ _ _ _ _ _ _ _ _ _ _ _ _ _ _ _ _ _ _ _ _ _ _ _ _ _ _ _ _ _ _ _ _ _ _ _ _ _ _ _ 

self = <requests.adapters.HTTPAdapter object at 0x108caa7b0>
request = <PreparedRequest [POST]>, stream = False, timeout = 15, verify = True
cert = None, proxies = OrderedDict()

    def send(
        self,
        request: PreparedRequest,
        stream: bool = False,
        timeout: _t.TimeoutType = None,
        verify: _t.VerifyType = True,
        cert: _t.CertType = None,
        proxies: dict[str, str] | None = None,
    ) -> Response:
        """Sends PreparedRequest object. Returns Response object.
    
        :param request: The :class:`PreparedRequest <PreparedRequest>` being sent.
        :param stream: (optional) Whether to stream the request content.
        :param timeout: (optional) How long to wait for the server to send
            data before giving up, as a float, or a :ref:`(connect timeout,
            read timeout) <timeouts>` tuple.
        :type timeout: float or tuple or urllib3 Timeout object
        :param verify: (optional) Either a boolean, in which case it controls whether
            we verify the server's TLS certificate, or a string, in which case it
            must be a path to a CA bundle to use
        :param cert: (optional) Any user-provided SSL certificate to be trusted.
        :param proxies: (optional) The proxies dictionary to apply to the request.
        :rtype: requests.Response
        """
    
        assert _is_prepared(request)
    
        try:
            conn = self.get_connection_with_tls_context(
                request, verify, proxies=proxies, cert=cert
            )
        except LocationValueError as e:
            raise InvalidURL(e, request=request)
    
        self.cert_verify(conn, request.url, verify, cert)
        url = self.request_url(request, proxies)
        self.add_headers(
            request,
            stream=stream,
            timeout=timeout,
            verify=verify,
            cert=cert,
            proxies=proxies,
        )
    
        chunked = not (request.body is None or "Content-Length" in request.headers)
    
        if isinstance(timeout, tuple):
            try:
                connect, read = timeout
                resolved_timeout = TimeoutSauce(connect=connect, read=read)
            except ValueError:
                raise ValueError(
                    f"Invalid timeout {timeout}. Pass a (connect, read) timeout tuple, "
                    f"or a single float to set both timeouts to the same value."
                )
        elif isinstance(timeout, TimeoutSauce):
            resolved_timeout = timeout
        else:
            resolved_timeout = TimeoutSauce(connect=timeout, read=timeout)
    
        try:
            resp = conn.urlopen(
                method=request.method,
                url=url,
                body=request.body,  # type: ignore[arg-type]  # urllib3 stubs don't accept Iterable[bytes | str]
                headers=request.headers,  # type: ignore[arg-type]  # urllib3#3072
                redirect=False,
                assert_same_host=False,
                preload_content=False,
                decode_content=False,
                retries=self.max_retries,
                timeout=resolved_timeout,
                chunked=chunked,
            )
    
        except (ProtocolError, OSError) as err:
            raise ConnectionError(err, request=request)
    
        except MaxRetryError as e:
            if isinstance(e.reason, ConnectTimeoutError):
                # TODO: Remove this in 3.0.0: see #2811
                if not isinstance(e.reason, NewConnectionError):
                    raise ConnectTimeout(e, request=request)
    
            if isinstance(e.reason, ResponseError):
                raise RetryError(e, request=request)
    
            if isinstance(e.reason, _ProxyError):
                raise ProxyError(e, request=request)
    
            if isinstance(e.reason, _SSLError):
                # This branch is for urllib3 v1.22 and later.
                raise SSLError(e, request=request)
    
>           raise ConnectionError(e, request=request)
E           requests.exceptions.ConnectionError: HTTPConnectionPool(host='localhost', port=3210): Max retries exceeded with url: /app/space/create (Caused by NewConnectionError("HTTPConnection(host='localhost', port=3210): Failed to establish a new connection: [Errno 61] Connection refused"))

.venv/lib/python3.12/site-packages/requests/adapters.py:729: ConnectionError
_ ERROR at setup of test_un_pseudo_inexistant_propose_de_creer_un_compte[chromium] _

self = <HTTPConnection(host='localhost', port=3210) at 0x108caa2a0>

    def _new_conn(self) -> socket.socket:
        """Establish a socket connection and set nodelay settings on it.
    
        :return: New socket connection.
        """
        try:
>           sock = connection.create_connection(
                (self._dns_host, self.port),
                self.timeout,
                source_address=self.source_address,
                socket_options=self.socket_options,
            )

.venv/lib/python3.12/site-packages/urllib3/connection.py:204: 
_ _ _ _ _ _ _ _ _ _ _ _ _ _ _ _ _ _ _ _ _ _ _ _ _ _ _ _ _ _ _ _ _ _ _ _ _ _ _ _ 
.venv/lib/python3.12/site-packages/urllib3/util/connection.py:85: in create_connection
    raise err
_ _ _ _ _ _ _ _ _ _ _ _ _ _ _ _ _ _ _ _ _ _ _ _ _ _ _ _ _ _ _ _ _ _ _ _ _ _ _ _ 

address = ('localhost', 3210), timeout = 15, source_address = None
socket_options = [(6, 1, 1)]

    def create_connection(
        address: tuple[str, int],
        timeout: _TYPE_TIMEOUT = _DEFAULT_TIMEOUT,
        source_address: tuple[str, int] | None = None,
        socket_options: _TYPE_SOCKET_OPTIONS | None = None,
    ) -> socket.socket:
        """Connect to *address* and return the socket object.
    
        Convenience function.  Connect to *address* (a 2-tuple ``(host,
        port)``) and return the socket object.  Passing the optional
        *timeout* parameter will set the timeout on the socket instance
        before attempting to connect.  If no *timeout* is supplied, the
        global default timeout setting returned by :func:`socket.getdefaulttimeout`
        is used.  If *source_address* is set it must be a tuple of (host, port)
        for the socket to bind as a source address before making the connection.
        An host of '' or port 0 tells the OS to use the default.
        """
    
        host, port = address
        if host.startswith("["):
            host = host.strip("[]")
        err = None
    
        # Using the value from allowed_gai_family() in the context of getaddrinfo lets
        # us select whether to work with IPv4 DNS records, IPv6 records, or both.
        # The original create_connection function always returns all records.
        family = allowed_gai_family()
    
        try:
            host.encode("idna")
        except UnicodeError:
            raise LocationParseError(f"'{host}', label empty or too long") from None
    
        for res in socket.getaddrinfo(host, port, family, socket.SOCK_STREAM):
            af, socktype, proto, canonname, sa = res
            sock = None
            try:
                sock = socket.socket(af, socktype, proto)
    
                # If provided, set socket level options before connecting.
                _set_socket_options(sock, socket_options)
    
                if timeout is not _DEFAULT_TIMEOUT:
                    sock.settimeout(timeout)
                if source_address:
                    sock.bind(source_address)
>               sock.connect(sa)
E               ConnectionRefusedError: [Errno 61] Connection refused

.venv/lib/python3.12/site-packages/urllib3/util/connection.py:73: ConnectionRefusedError

The above exception was the direct cause of the following exception:

self = <urllib3.connectionpool.HTTPConnectionPool object at 0x108ca8ad0>
method = 'POST', url = '/app/space/create'
body = 'space_name=E2E+AjoutDirect+1789045327099950000&logo_url=https%3A%2F%2Fres.cloudinary.com%2Fdemo%2Fimage%2Fupload%2Fsample.jpg'
headers = {'User-Agent': 'python-requests/2.34.2', 'Accept-Encoding': 'gzip, deflate', 'Accept': '*/*', 'Connection': 'keep-alive', 'HX-Request': 'true', 'Content-Type': 'application/x-www-form-urlencoded', 'Content-Length': '125'}
retries = Retry(total=0, connect=None, read=False, redirect=None, status=None)
redirect = False, assert_same_host = False
timeout = Timeout(connect=15, read=15, total=None), pool_timeout = None
release_conn = False, chunked = False, body_pos = None, preload_content = False
decode_content = False, response_kw = {}

    def urlopen(  # type: ignore[override]
        self,
        method: str,
        url: str,
        body: _TYPE_BODY | None = None,
        headers: typing.Mapping[str, str] | None = None,
        retries: Retry | bool | int | None = None,
        redirect: bool = True,
        assert_same_host: bool = True,
        timeout: _TYPE_TIMEOUT = _DEFAULT_TIMEOUT,
        pool_timeout: int | None = None,
        release_conn: bool | None = None,
        chunked: bool = False,
        body_pos: _TYPE_BODY_POSITION | None = None,
        preload_content: bool = True,
        decode_content: bool = True,
        **response_kw: typing.Any,
    ) -> BaseHTTPResponse:
        """
        Get a connection from the pool and perform an HTTP request. This is the
        lowest level call for making a request, so you'll need to specify all
        the raw details.
    
        .. note::
    
           More commonly, it's appropriate to use a convenience method
           such as :meth:`request`.
    
        .. note::
    
           `release_conn` will only behave as expected if
           `preload_content=False` because we want to make
           `preload_content=False` the default behaviour someday soon without
           breaking backwards compatibility.
    
        :param method:
            HTTP request method (such as GET, POST, PUT, etc.)
    
        :param url:
            The URL to perform the request on.
    
        :param body:
            Data to send in the request body, either :class:`str`, :class:`bytes`,
            an iterable of :class:`str`/:class:`bytes`, or a file-like object.
    
        :param headers:
            Dictionary of custom headers to send, such as User-Agent,
            If-None-Match, etc. If None, pool headers are used. If provided,
            these headers completely replace any pool-specific headers.
    
        :param retries:
            Configure the number of retries to allow before raising a
            :class:`~urllib3.exceptions.MaxRetryError` exception.
    
            If ``None`` (default) will retry 3 times, see ``Retry.DEFAULT``. Pass a
            :class:`~urllib3.util.retry.Retry` object for fine-grained control
            over different types of retries.
            Pass an integer number to retry connection errors that many times,
            but no other types of errors. Pass zero to never retry.
    
            If ``False``, then retries are disabled and any exception is raised
            immediately. Also, instead of raising a MaxRetryError on redirects,
            the redirect response will be returned.
    
        :type retries: :class:`~urllib3.util.retry.Retry`, False, or an int.
    
        :param redirect:
            If True, automatically handle redirects (status codes 301, 302,
            303, 307, 308). Each redirect counts as a retry. Disabling retries
            will disable redirect, too.
    
        :param assert_same_host:
            If ``True``, will make sure that the host of the pool requests is
            consistent else will raise HostChangedError. When ``False``, you can
            use the pool on an HTTP proxy and request foreign hosts.
    
        :param timeout:
            If specified, overrides the default timeout for this one
            request. It may be a float (in seconds) or an instance of
            :class:`urllib3.util.Timeout`.
    
        :param pool_timeout:
            If set and the pool is set to block=True, then this method will
            block for ``pool_timeout`` seconds and raise EmptyPoolError if no
            connection is available within the time period.
    
        :param bool preload_content:
            If True, the response's body will be preloaded into memory.
    
        :param bool decode_content:
            If True, will attempt to decode the body based on the
            'content-encoding' header.
    
        :param release_conn:
            If False, then the urlopen call will not release the connection
            back into the pool once a response is received (but will release if
            you read the entire contents of the response such as when
            `preload_content=True`). This is useful if you're not preloading
            the response's content immediately. You will need to call
            ``r.release_conn()`` on the response ``r`` to return the connection
            back into the pool. If None, it takes the value of ``preload_content``
            which defaults to ``True``.
    
        :param bool chunked:
            If True, urllib3 will send the body using chunked transfer
            encoding. Otherwise, urllib3 will send the body using the standard
            content-length form. Defaults to False.
    
        :param int body_pos:
            Position to seek to in file-like body in the event of a retry or
            redirect. Typically this won't need to be set because urllib3 will
            auto-populate the value when needed.
        """
        # Ensure that the URL we're connecting to is properly encoded
        if url.startswith("/"):
            # URLs starting with / are inherently schemeless.
            url = to_str(_encode_target(url))
            destination_scheme = None
        else:
            parsed_url = parse_url(url)
            destination_scheme = parsed_url.scheme
            url = to_str(parsed_url.url)
    
        if headers is None:
            headers = self.headers
    
        if not isinstance(retries, Retry):
            retries = Retry.from_int(retries, redirect=redirect, default=self.retries)
    
        if release_conn is None:
            release_conn = preload_content
    
        # Check host
        if assert_same_host and not self.is_same_host(url):
            raise HostChangedError(self, url, retries)
    
        conn = None
    
        # Track whether `conn` needs to be released before
        # returning/raising/recursing. Update this variable if necessary, and
        # leave `release_conn` constant throughout the function. That way, if
        # the function recurses, the original value of `release_conn` will be
        # passed down into the recursive call, and its value will be respected.
        #
        # See issue #651 [1] for details.
        #
        # [1] <https://github.com/urllib3/urllib3/issues/651>
        release_this_conn = release_conn
    
        http_tunnel_required = connection_requires_http_tunnel(
            self.proxy, self.proxy_config, destination_scheme
        )
    
        # Merge the proxy headers. Only done when not using HTTP CONNECT. We
        # have to copy the headers dict so we can safely change it without those
        # changes being reflected in anyone else's copy.
        if not http_tunnel_required:
            headers = headers.copy()  # type: ignore[attr-defined]
            headers.update(self.proxy_headers)  # type: ignore[union-attr]
    
        # Must keep the exception bound to a separate variable or else Python 3
        # complains about UnboundLocalError.
        err = None
    
        # Keep track of whether we cleanly exited the except block. This
        # ensures we do proper cleanup in finally.
        clean_exit = False
    
        # Rewind body position, if needed. Record current position
        # for future rewinds in the event of a redirect/retry.
        body_pos = set_file_position(body, body_pos)
    
        try:
            # Request a connection from the queue.
            timeout_obj = self._get_timeout(timeout)
            conn = self._get_conn(timeout=pool_timeout)
    
            conn.timeout = timeout_obj.connect_timeout  # type: ignore[assignment]
    
            # Is this a closed/new connection that requires CONNECT tunnelling?
            if self.proxy is not None and http_tunnel_required and conn.is_closed:
                try:
                    self._prepare_proxy(conn)
                except (BaseSSLError, OSError, SocketTimeout) as e:
                    self._raise_timeout(
                        err=e, url=self.proxy.url, timeout_value=conn.timeout
                    )
                    raise
    
            # If we're going to release the connection in ``finally:``, then
            # the response doesn't need to know about the connection. Otherwise
            # it will also try to release it and we'll have a double-release
            # mess.
            response_conn = conn if not release_conn else None
    
            # Make the request on the HTTPConnection object
>           response = self._make_request(
                conn,
                method,
                url,
                timeout=timeout_obj,
                body=body,
                headers=headers,
                chunked=chunked,
                retries=retries,
                response_conn=response_conn,
                preload_content=preload_content,
                decode_content=decode_content,
                **response_kw,
            )

.venv/lib/python3.12/site-packages/urllib3/connectionpool.py:788: 
_ _ _ _ _ _ _ _ _ _ _ _ _ _ _ _ _ _ _ _ _ _ _ _ _ _ _ _ _ _ _ _ _ _ _ _ _ _ _ _ 
.venv/lib/python3.12/site-packages/urllib3/connectionpool.py:493: in _make_request
    conn.request(
.venv/lib/python3.12/site-packages/urllib3/connection.py:500: in request
    self.endheaders()
/Users/bagouze/.local/share/uv/python/cpython-3.12.13-macos-aarch64-none/lib/python3.12/http/client.py:1353: in endheaders
    self._send_output(message_body, encode_chunked=encode_chunked)
/Users/bagouze/.local/share/uv/python/cpython-3.12.13-macos-aarch64-none/lib/python3.12/http/client.py:1113: in _send_output
    self.send(msg)
/Users/bagouze/.local/share/uv/python/cpython-3.12.13-macos-aarch64-none/lib/python3.12/http/client.py:1057: in send
    self.connect()
.venv/lib/python3.12/site-packages/urllib3/connection.py:331: in connect
    self.sock = self._new_conn()
                ^^^^^^^^^^^^^^^^
_ _ _ _ _ _ _ _ _ _ _ _ _ _ _ _ _ _ _ _ _ _ _ _ _ _ _ _ _ _ _ _ _ _ _ _ _ _ _ _ 

self = <HTTPConnection(host='localhost', port=3210) at 0x108caa2a0>

    def _new_conn(self) -> socket.socket:
        """Establish a socket connection and set nodelay settings on it.
    
        :return: New socket connection.
        """
        try:
            sock = connection.create_connection(
                (self._dns_host, self.port),
                self.timeout,
                source_address=self.source_address,
                socket_options=self.socket_options,
            )
        except socket.gaierror as e:
            raise NameResolutionError(self.host, self, e) from e
        except SocketTimeout as e:
            raise ConnectTimeoutError(
                self,
                f"Connection to {self.host} timed out. (connect timeout={self.timeout})",
            ) from e
    
        except OSError as e:
>           raise NewConnectionError(
                self, f"Failed to establish a new connection: {e}"
            ) from e
E           urllib3.exceptions.NewConnectionError: HTTPConnection(host='localhost', port=3210): Failed to establish a new connection: [Errno 61] Connection refused

.venv/lib/python3.12/site-packages/urllib3/connection.py:219: NewConnectionError

The above exception was the direct cause of the following exception:

self = <requests.adapters.HTTPAdapter object at 0x108caa7b0>
request = <PreparedRequest [POST]>, stream = False, timeout = 15, verify = True
cert = None, proxies = OrderedDict()

    def send(
        self,
        request: PreparedRequest,
        stream: bool = False,
        timeout: _t.TimeoutType = None,
        verify: _t.VerifyType = True,
        cert: _t.CertType = None,
        proxies: dict[str, str] | None = None,
    ) -> Response:
        """Sends PreparedRequest object. Returns Response object.
    
        :param request: The :class:`PreparedRequest <PreparedRequest>` being sent.
        :param stream: (optional) Whether to stream the request content.
        :param timeout: (optional) How long to wait for the server to send
            data before giving up, as a float, or a :ref:`(connect timeout,
            read timeout) <timeouts>` tuple.
        :type timeout: float or tuple or urllib3 Timeout object
        :param verify: (optional) Either a boolean, in which case it controls whether
            we verify the server's TLS certificate, or a string, in which case it
            must be a path to a CA bundle to use
        :param cert: (optional) Any user-provided SSL certificate to be trusted.
        :param proxies: (optional) The proxies dictionary to apply to the request.
        :rtype: requests.Response
        """
    
        assert _is_prepared(request)
    
        try:
            conn = self.get_connection_with_tls_context(
                request, verify, proxies=proxies, cert=cert
            )
        except LocationValueError as e:
            raise InvalidURL(e, request=request)
    
        self.cert_verify(conn, request.url, verify, cert)
        url = self.request_url(request, proxies)
        self.add_headers(
            request,
            stream=stream,
            timeout=timeout,
            verify=verify,
            cert=cert,
            proxies=proxies,
        )
    
        chunked = not (request.body is None or "Content-Length" in request.headers)
    
        if isinstance(timeout, tuple):
            try:
                connect, read = timeout
                resolved_timeout = TimeoutSauce(connect=connect, read=read)
            except ValueError:
                raise ValueError(
                    f"Invalid timeout {timeout}. Pass a (connect, read) timeout tuple, "
                    f"or a single float to set both timeouts to the same value."
                )
        elif isinstance(timeout, TimeoutSauce):
            resolved_timeout = timeout
        else:
            resolved_timeout = TimeoutSauce(connect=timeout, read=timeout)
    
        try:
>           resp = conn.urlopen(
                method=request.method,
                url=url,
                body=request.body,  # type: ignore[arg-type]  # urllib3 stubs don't accept Iterable[bytes | str]
                headers=request.headers,  # type: ignore[arg-type]  # urllib3#3072
                redirect=False,
                assert_same_host=False,
                preload_content=False,
                decode_content=False,
                retries=self.max_retries,
                timeout=resolved_timeout,
                chunked=chunked,
            )

.venv/lib/python3.12/site-packages/requests/adapters.py:696: 
_ _ _ _ _ _ _ _ _ _ _ _ _ _ _ _ _ _ _ _ _ _ _ _ _ _ _ _ _ _ _ _ _ _ _ _ _ _ _ _ 
.venv/lib/python3.12/site-packages/urllib3/connectionpool.py:842: in urlopen
    retries = retries.increment(
_ _ _ _ _ _ _ _ _ _ _ _ _ _ _ _ _ _ _ _ _ _ _ _ _ _ _ _ _ _ _ _ _ _ _ _ _ _ _ _ 

self = Retry(total=0, connect=None, read=False, redirect=None, status=None)
method = 'POST', url = '/app/space/create', response = None
error = NewConnectionError("HTTPConnection(host='localhost', port=3210): Failed to establish a new connection: [Errno 61] Connection refused")
_pool = <urllib3.connectionpool.HTTPConnectionPool object at 0x108ca8ad0>
_stacktrace = <traceback object at 0x10950ae80>

    def increment(
        self,
        method: str | None = None,
        url: str | None = None,
        response: BaseHTTPResponse | None = None,
        error: Exception | None = None,
        _pool: ConnectionPool | None = None,
        _stacktrace: TracebackType | None = None,
    ) -> Self:
        """Return a new Retry object with incremented retry counters.
    
        :param response: A response object, or None, if the server did not
            return a response.
        :type response: :class:`~urllib3.response.BaseHTTPResponse`
        :param Exception error: An error encountered during the request, or
            None if the response was received successfully.
    
        :return: A new ``Retry`` object.
        """
        if self.total is False and error:
            # Disabled, indicate to re-raise the error.
            raise reraise(type(error), error, _stacktrace)
    
        total = self.total
        if total is not None:
            total -= 1
    
        connect = self.connect
        read = self.read
        redirect = self.redirect
        status_count = self.status
        other = self.other
        cause = "unknown"
        status = None
        redirect_location = None
    
        if error and self._is_connection_error(error):
            # Connect retry?
            if connect is False:
                raise reraise(type(error), error, _stacktrace)
            elif connect is not None:
                connect -= 1
    
        elif error and self._is_read_error(error):
            # Read retry?
            if read is False or method is None or not self._is_method_retryable(method):
                raise reraise(type(error), error, _stacktrace)
            elif read is not None:
                read -= 1
    
        elif error:
            # Other retry?
            if other is not None:
                other -= 1
    
        elif response and response.get_redirect_location():
            # Redirect retry?
            if redirect is not None:
                redirect -= 1
            cause = "too many redirects"
            response_redirect_location = response.get_redirect_location()
            if response_redirect_location:
                redirect_location = response_redirect_location
            status = response.status
    
        else:
            # Incrementing because of a server error like a 500 in
            # status_forcelist and the given method is in the allowed_methods
            cause = ResponseError.GENERIC_ERROR
            if response and response.status:
                if status_count is not None:
                    status_count -= 1
                cause = ResponseError.SPECIFIC_ERROR.format(status_code=response.status)
                status = response.status
    
        history = self.history + (
            RequestHistory(method, url, error, status, redirect_location),
        )
    
        new_retry = self.new(
            total=total,
            connect=connect,
            read=read,
            redirect=redirect,
            status=status_count,
            other=other,
            history=history,
        )
    
        if new_retry.is_exhausted():
            reason = error or ResponseError(cause)
>           raise MaxRetryError(_pool, url, reason) from reason  # type: ignore[arg-type]
            ^^^^^^^^^^^^^^^^^^^^^^^^^^^^^^^^^^^^^^^^^^^^^^^^^^^
E           urllib3.exceptions.MaxRetryError: HTTPConnectionPool(host='localhost', port=3210): Max retries exceeded with url: /app/space/create (Caused by NewConnectionError("HTTPConnection(host='localhost', port=3210): Failed to establish a new connection: [Errno 61] Connection refused"))

.venv/lib/python3.12/site-packages/urllib3/util/retry.py:543: MaxRetryError

During handling of the above exception, another exception occurred:

    @pytest.fixture(scope="module")
    def espace_jetable() -> str:
        """Un espace à deux membres : DevCoach administrateur, E2E Coach 01 membre.
    
        Les dix autres coachs semés en sont absents : ce sont les candidats.
        """
        nom = f"E2E AjoutDirect {time.time_ns()}"
>       r = requests.post(
            f"{BASE_URL}/app/space/create",
            data={"space_name": nom, "logo_url": LOGO},
            headers={"HX-Request": "true", "Content-Type": FORM_URLENCODED},
            timeout=15,
        )

test_space_admin_ajout_direct.py:45: 
_ _ _ _ _ _ _ _ _ _ _ _ _ _ _ _ _ _ _ _ _ _ _ _ _ _ _ _ _ _ _ _ _ _ _ _ _ _ _ _ 
.venv/lib/python3.12/site-packages/requests/api.py:134: in post
    return request("post", url, data=data, json=json, **kwargs)
           ^^^^^^^^^^^^^^^^^^^^^^^^^^^^^^^^^^^^^^^^^^^^^^^^^^^^
.venv/lib/python3.12/site-packages/requests/api.py:71: in request
    return session.request(method=method, url=url, **kwargs)
           ^^^^^^^^^^^^^^^^^^^^^^^^^^^^^^^^^^^^^^^^^^^^^^^^^
.venv/lib/python3.12/site-packages/requests/sessions.py:651: in request
    resp = self.send(prep, **send_kwargs)
           ^^^^^^^^^^^^^^^^^^^^^^^^^^^^^^
.venv/lib/python3.12/site-packages/requests/sessions.py:784: in send
    r = adapter.send(request, **kwargs)
        ^^^^^^^^^^^^^^^^^^^^^^^^^^^^^^^
_ _ _ _ _ _ _ _ _ _ _ _ _ _ _ _ _ _ _ _ _ _ _ _ _ _ _ _ _ _ _ _ _ _ _ _ _ _ _ _ 

self = <requests.adapters.HTTPAdapter object at 0x108caa7b0>
request = <PreparedRequest [POST]>, stream = False, timeout = 15, verify = True
cert = None, proxies = OrderedDict()

    def send(
        self,
        request: PreparedRequest,
        stream: bool = False,
        timeout: _t.TimeoutType = None,
        verify: _t.VerifyType = True,
        cert: _t.CertType = None,
        proxies: dict[str, str] | None = None,
    ) -> Response:
        """Sends PreparedRequest object. Returns Response object.
    
        :param request: The :class:`PreparedRequest <PreparedRequest>` being sent.
        :param stream: (optional) Whether to stream the request content.
        :param timeout: (optional) How long to wait for the server to send
            data before giving up, as a float, or a :ref:`(connect timeout,
            read timeout) <timeouts>` tuple.
        :type timeout: float or tuple or urllib3 Timeout object
        :param verify: (optional) Either a boolean, in which case it controls whether
            we verify the server's TLS certificate, or a string, in which case it
            must be a path to a CA bundle to use
        :param cert: (optional) Any user-provided SSL certificate to be trusted.
        :param proxies: (optional) The proxies dictionary to apply to the request.
        :rtype: requests.Response
        """
    
        assert _is_prepared(request)
    
        try:
            conn = self.get_connection_with_tls_context(
                request, verify, proxies=proxies, cert=cert
            )
        except LocationValueError as e:
            raise InvalidURL(e, request=request)
    
        self.cert_verify(conn, request.url, verify, cert)
        url = self.request_url(request, proxies)
        self.add_headers(
            request,
            stream=stream,
            timeout=timeout,
            verify=verify,
            cert=cert,
            proxies=proxies,
        )
    
        chunked = not (request.body is None or "Content-Length" in request.headers)
    
        if isinstance(timeout, tuple):
            try:
                connect, read = timeout
                resolved_timeout = TimeoutSauce(connect=connect, read=read)
            except ValueError:
                raise ValueError(
                    f"Invalid timeout {timeout}. Pass a (connect, read) timeout tuple, "
                    f"or a single float to set both timeouts to the same value."
                )
        elif isinstance(timeout, TimeoutSauce):
            resolved_timeout = timeout
        else:
            resolved_timeout = TimeoutSauce(connect=timeout, read=timeout)
    
        try:
            resp = conn.urlopen(
                method=request.method,
                url=url,
                body=request.body,  # type: ignore[arg-type]  # urllib3 stubs don't accept Iterable[bytes | str]
                headers=request.headers,  # type: ignore[arg-type]  # urllib3#3072
                redirect=False,
                assert_same_host=False,
                preload_content=False,
                decode_content=False,
                retries=self.max_retries,
                timeout=resolved_timeout,
                chunked=chunked,
            )
    
        except (ProtocolError, OSError) as err:
            raise ConnectionError(err, request=request)
    
        except MaxRetryError as e:
            if isinstance(e.reason, ConnectTimeoutError):
                # TODO: Remove this in 3.0.0: see #2811
                if not isinstance(e.reason, NewConnectionError):
                    raise ConnectTimeout(e, request=request)
    
            if isinstance(e.reason, ResponseError):
                raise RetryError(e, request=request)
    
            if isinstance(e.reason, _ProxyError):
                raise ProxyError(e, request=request)
    
            if isinstance(e.reason, _SSLError):
                # This branch is for urllib3 v1.22 and later.
                raise SSLError(e, request=request)
    
>           raise ConnectionError(e, request=request)
E           requests.exceptions.ConnectionError: HTTPConnectionPool(host='localhost', port=3210): Max retries exceeded with url: /app/space/create (Caused by NewConnectionError("HTTPConnection(host='localhost', port=3210): Failed to establish a new connection: [Errno 61] Connection refused"))

.venv/lib/python3.12/site-packages/requests/adapters.py:729: ConnectionError
_ ERROR at setup of test_un_coach_de_la_plateforme_est_proposé_avec_son_email_masqué[chromium] _

self = <HTTPConnection(host='localhost', port=3210) at 0x108caa2a0>

    def _new_conn(self) -> socket.socket:
        """Establish a socket connection and set nodelay settings on it.
    
        :return: New socket connection.
        """
        try:
>           sock = connection.create_connection(
                (self._dns_host, self.port),
                self.timeout,
                source_address=self.source_address,
                socket_options=self.socket_options,
            )

.venv/lib/python3.12/site-packages/urllib3/connection.py:204: 
_ _ _ _ _ _ _ _ _ _ _ _ _ _ _ _ _ _ _ _ _ _ _ _ _ _ _ _ _ _ _ _ _ _ _ _ _ _ _ _ 
.venv/lib/python3.12/site-packages/urllib3/util/connection.py:85: in create_connection
    raise err
_ _ _ _ _ _ _ _ _ _ _ _ _ _ _ _ _ _ _ _ _ _ _ _ _ _ _ _ _ _ _ _ _ _ _ _ _ _ _ _ 

address = ('localhost', 3210), timeout = 15, source_address = None
socket_options = [(6, 1, 1)]

    def create_connection(
        address: tuple[str, int],
        timeout: _TYPE_TIMEOUT = _DEFAULT_TIMEOUT,
        source_address: tuple[str, int] | None = None,
        socket_options: _TYPE_SOCKET_OPTIONS | None = None,
    ) -> socket.socket:
        """Connect to *address* and return the socket object.
    
        Convenience function.  Connect to *address* (a 2-tuple ``(host,
        port)``) and return the socket object.  Passing the optional
        *timeout* parameter will set the timeout on the socket instance
        before attempting to connect.  If no *timeout* is supplied, the
        global default timeout setting returned by :func:`socket.getdefaulttimeout`
        is used.  If *source_address* is set it must be a tuple of (host, port)
        for the socket to bind as a source address before making the connection.
        An host of '' or port 0 tells the OS to use the default.
        """
    
        host, port = address
        if host.startswith("["):
            host = host.strip("[]")
        err = None
    
        # Using the value from allowed_gai_family() in the context of getaddrinfo lets
        # us select whether to work with IPv4 DNS records, IPv6 records, or both.
        # The original create_connection function always returns all records.
        family = allowed_gai_family()
    
        try:
            host.encode("idna")
        except UnicodeError:
            raise LocationParseError(f"'{host}', label empty or too long") from None
    
        for res in socket.getaddrinfo(host, port, family, socket.SOCK_STREAM):
            af, socktype, proto, canonname, sa = res
            sock = None
            try:
                sock = socket.socket(af, socktype, proto)
    
                # If provided, set socket level options before connecting.
                _set_socket_options(sock, socket_options)
    
                if timeout is not _DEFAULT_TIMEOUT:
                    sock.settimeout(timeout)
                if source_address:
                    sock.bind(source_address)
>               sock.connect(sa)
E               ConnectionRefusedError: [Errno 61] Connection refused

.venv/lib/python3.12/site-packages/urllib3/util/connection.py:73: ConnectionRefusedError

The above exception was the direct cause of the following exception:

self = <urllib3.connectionpool.HTTPConnectionPool object at 0x108ca8ad0>
method = 'POST', url = '/app/space/create'
body = 'space_name=E2E+AjoutDirect+1789045327099950000&logo_url=https%3A%2F%2Fres.cloudinary.com%2Fdemo%2Fimage%2Fupload%2Fsample.jpg'
headers = {'User-Agent': 'python-requests/2.34.2', 'Accept-Encoding': 'gzip, deflate', 'Accept': '*/*', 'Connection': 'keep-alive', 'HX-Request': 'true', 'Content-Type': 'application/x-www-form-urlencoded', 'Content-Length': '125'}
retries = Retry(total=0, connect=None, read=False, redirect=None, status=None)
redirect = False, assert_same_host = False
timeout = Timeout(connect=15, read=15, total=None), pool_timeout = None
release_conn = False, chunked = False, body_pos = None, preload_content = False
decode_content = False, response_kw = {}

    def urlopen(  # type: ignore[override]
        self,
        method: str,
        url: str,
        body: _TYPE_BODY | None = None,
        headers: typing.Mapping[str, str] | None = None,
        retries: Retry | bool | int | None = None,
        redirect: bool = True,
        assert_same_host: bool = True,
        timeout: _TYPE_TIMEOUT = _DEFAULT_TIMEOUT,
        pool_timeout: int | None = None,
        release_conn: bool | None = None,
        chunked: bool = False,
        body_pos: _TYPE_BODY_POSITION | None = None,
        preload_content: bool = True,
        decode_content: bool = True,
        **response_kw: typing.Any,
    ) -> BaseHTTPResponse:
        """
        Get a connection from the pool and perform an HTTP request. This is the
        lowest level call for making a request, so you'll need to specify all
        the raw details.
    
        .. note::
    
           More commonly, it's appropriate to use a convenience method
           such as :meth:`request`.
    
        .. note::
    
           `release_conn` will only behave as expected if
           `preload_content=False` because we want to make
           `preload_content=False` the default behaviour someday soon without
           breaking backwards compatibility.
    
        :param method:
            HTTP request method (such as GET, POST, PUT, etc.)
    
        :param url:
            The URL to perform the request on.
    
        :param body:
            Data to send in the request body, either :class:`str`, :class:`bytes`,
            an iterable of :class:`str`/:class:`bytes`, or a file-like object.
    
        :param headers:
            Dictionary of custom headers to send, such as User-Agent,
            If-None-Match, etc. If None, pool headers are used. If provided,
            these headers completely replace any pool-specific headers.
    
        :param retries:
            Configure the number of retries to allow before raising a
            :class:`~urllib3.exceptions.MaxRetryError` exception.
    
            If ``None`` (default) will retry 3 times, see ``Retry.DEFAULT``. Pass a
            :class:`~urllib3.util.retry.Retry` object for fine-grained control
            over different types of retries.
            Pass an integer number to retry connection errors that many times,
            but no other types of errors. Pass zero to never retry.
    
            If ``False``, then retries are disabled and any exception is raised
            immediately. Also, instead of raising a MaxRetryError on redirects,
            the redirect response will be returned.
    
        :type retries: :class:`~urllib3.util.retry.Retry`, False, or an int.
    
        :param redirect:
            If True, automatically handle redirects (status codes 301, 302,
            303, 307, 308). Each redirect counts as a retry. Disabling retries
            will disable redirect, too.
    
        :param assert_same_host:
            If ``True``, will make sure that the host of the pool requests is
            consistent else will raise HostChangedError. When ``False``, you can
            use the pool on an HTTP proxy and request foreign hosts.
    
        :param timeout:
            If specified, overrides the default timeout for this one
            request. It may be a float (in seconds) or an instance of
            :class:`urllib3.util.Timeout`.
    
        :param pool_timeout:
            If set and the pool is set to block=True, then this method will
            block for ``pool_timeout`` seconds and raise EmptyPoolError if no
            connection is available within the time period.
    
        :param bool preload_content:
            If True, the response's body will be preloaded into memory.
    
        :param bool decode_content:
            If True, will attempt to decode the body based on the
            'content-encoding' header.
    
        :param release_conn:
            If False, then the urlopen call will not release the connection
            back into the pool once a response is received (but will release if
            you read the entire contents of the response such as when
            `preload_content=True`). This is useful if you're not preloading
            the response's content immediately. You will need to call
            ``r.release_conn()`` on the response ``r`` to return the connection
            back into the pool. If None, it takes the value of ``preload_content``
            which defaults to ``True``.
    
        :param bool chunked:
            If True, urllib3 will send the body using chunked transfer
            encoding. Otherwise, urllib3 will send the body using the standard
            content-length form. Defaults to False.
    
        :param int body_pos:
            Position to seek to in file-like body in the event of a retry or
            redirect. Typically this won't need to be set because urllib3 will
            auto-populate the value when needed.
        """
        # Ensure that the URL we're connecting to is properly encoded
        if url.startswith("/"):
            # URLs starting with / are inherently schemeless.
            url = to_str(_encode_target(url))
            destination_scheme = None
        else:
            parsed_url = parse_url(url)
            destination_scheme = parsed_url.scheme
            url = to_str(parsed_url.url)
    
        if headers is None:
            headers = self.headers
    
        if not isinstance(retries, Retry):
            retries = Retry.from_int(retries, redirect=redirect, default=self.retries)
    
        if release_conn is None:
            release_conn = preload_content
    
        # Check host
        if assert_same_host and not self.is_same_host(url):
            raise HostChangedError(self, url, retries)
    
        conn = None
    
        # Track whether `conn` needs to be released before
        # returning/raising/recursing. Update this variable if necessary, and
        # leave `release_conn` constant throughout the function. That way, if
        # the function recurses, the original value of `release_conn` will be
        # passed down into the recursive call, and its value will be respected.
        #
        # See issue #651 [1] for details.
        #
        # [1] <https://github.com/urllib3/urllib3/issues/651>
        release_this_conn = release_conn
    
        http_tunnel_required = connection_requires_http_tunnel(
            self.proxy, self.proxy_config, destination_scheme
        )
    
        # Merge the proxy headers. Only done when not using HTTP CONNECT. We
        # have to copy the headers dict so we can safely change it without those
        # changes being reflected in anyone else's copy.
        if not http_tunnel_required:
            headers = headers.copy()  # type: ignore[attr-defined]
            headers.update(self.proxy_headers)  # type: ignore[union-attr]
    
        # Must keep the exception bound to a separate variable or else Python 3
        # complains about UnboundLocalError.
        err = None
    
        # Keep track of whether we cleanly exited the except block. This
        # ensures we do proper cleanup in finally.
        clean_exit = False
    
        # Rewind body position, if needed. Record current position
        # for future rewinds in the event of a redirect/retry.
        body_pos = set_file_position(body, body_pos)
    
        try:
            # Request a connection from the queue.
            timeout_obj = self._get_timeout(timeout)
            conn = self._get_conn(timeout=pool_timeout)
    
            conn.timeout = timeout_obj.connect_timeout  # type: ignore[assignment]
    
            # Is this a closed/new connection that requires CONNECT tunnelling?
            if self.proxy is not None and http_tunnel_required and conn.is_closed:
                try:
                    self._prepare_proxy(conn)
                except (BaseSSLError, OSError, SocketTimeout) as e:
                    self._raise_timeout(
                        err=e, url=self.proxy.url, timeout_value=conn.timeout
                    )
                    raise
    
            # If we're going to release the connection in ``finally:``, then
            # the response doesn't need to know about the connection. Otherwise
            # it will also try to release it and we'll have a double-release
            # mess.
            response_conn = conn if not release_conn else None
    
            # Make the request on the HTTPConnection object
>           response = self._make_request(
                conn,
                method,
                url,
                timeout=timeout_obj,
                body=body,
                headers=headers,
                chunked=chunked,
                retries=retries,
                response_conn=response_conn,
                preload_content=preload_content,
                decode_content=decode_content,
                **response_kw,
            )

.venv/lib/python3.12/site-packages/urllib3/connectionpool.py:788: 
_ _ _ _ _ _ _ _ _ _ _ _ _ _ _ _ _ _ _ _ _ _ _ _ _ _ _ _ _ _ _ _ _ _ _ _ _ _ _ _ 
.venv/lib/python3.12/site-packages/urllib3/connectionpool.py:493: in _make_request
    conn.request(
.venv/lib/python3.12/site-packages/urllib3/connection.py:500: in request
    self.endheaders()
/Users/bagouze/.local/share/uv/python/cpython-3.12.13-macos-aarch64-none/lib/python3.12/http/client.py:1353: in endheaders
    self._send_output(message_body, encode_chunked=encode_chunked)
/Users/bagouze/.local/share/uv/python/cpython-3.12.13-macos-aarch64-none/lib/python3.12/http/client.py:1113: in _send_output
    self.send(msg)
/Users/bagouze/.local/share/uv/python/cpython-3.12.13-macos-aarch64-none/lib/python3.12/http/client.py:1057: in send
    self.connect()
.venv/lib/python3.12/site-packages/urllib3/connection.py:331: in connect
    self.sock = self._new_conn()
                ^^^^^^^^^^^^^^^^
_ _ _ _ _ _ _ _ _ _ _ _ _ _ _ _ _ _ _ _ _ _ _ _ _ _ _ _ _ _ _ _ _ _ _ _ _ _ _ _ 

self = <HTTPConnection(host='localhost', port=3210) at 0x108caa2a0>

    def _new_conn(self) -> socket.socket:
        """Establish a socket connection and set nodelay settings on it.
    
        :return: New socket connection.
        """
        try:
            sock = connection.create_connection(
                (self._dns_host, self.port),
                self.timeout,
                source_address=self.source_address,
                socket_options=self.socket_options,
            )
        except socket.gaierror as e:
            raise NameResolutionError(self.host, self, e) from e
        except SocketTimeout as e:
            raise ConnectTimeoutError(
                self,
                f"Connection to {self.host} timed out. (connect timeout={self.timeout})",
            ) from e
    
        except OSError as e:
>           raise NewConnectionError(
                self, f"Failed to establish a new connection: {e}"
            ) from e
E           urllib3.exceptions.NewConnectionError: HTTPConnection(host='localhost', port=3210): Failed to establish a new connection: [Errno 61] Connection refused

.venv/lib/python3.12/site-packages/urllib3/connection.py:219: NewConnectionError

The above exception was the direct cause of the following exception:

self = <requests.adapters.HTTPAdapter object at 0x108caa7b0>
request = <PreparedRequest [POST]>, stream = False, timeout = 15, verify = True
cert = None, proxies = OrderedDict()

    def send(
        self,
        request: PreparedRequest,
        stream: bool = False,
        timeout: _t.TimeoutType = None,
        verify: _t.VerifyType = True,
        cert: _t.CertType = None,
        proxies: dict[str, str] | None = None,
    ) -> Response:
        """Sends PreparedRequest object. Returns Response object.
    
        :param request: The :class:`PreparedRequest <PreparedRequest>` being sent.
        :param stream: (optional) Whether to stream the request content.
        :param timeout: (optional) How long to wait for the server to send
            data before giving up, as a float, or a :ref:`(connect timeout,
            read timeout) <timeouts>` tuple.
        :type timeout: float or tuple or urllib3 Timeout object
        :param verify: (optional) Either a boolean, in which case it controls whether
            we verify the server's TLS certificate, or a string, in which case it
            must be a path to a CA bundle to use
        :param cert: (optional) Any user-provided SSL certificate to be trusted.
        :param proxies: (optional) The proxies dictionary to apply to the request.
        :rtype: requests.Response
        """
    
        assert _is_prepared(request)
    
        try:
            conn = self.get_connection_with_tls_context(
                request, verify, proxies=proxies, cert=cert
            )
        except LocationValueError as e:
            raise InvalidURL(e, request=request)
    
        self.cert_verify(conn, request.url, verify, cert)
        url = self.request_url(request, proxies)
        self.add_headers(
            request,
            stream=stream,
            timeout=timeout,
            verify=verify,
            cert=cert,
            proxies=proxies,
        )
    
        chunked = not (request.body is None or "Content-Length" in request.headers)
    
        if isinstance(timeout, tuple):
            try:
                connect, read = timeout
                resolved_timeout = TimeoutSauce(connect=connect, read=read)
            except ValueError:
                raise ValueError(
                    f"Invalid timeout {timeout}. Pass a (connect, read) timeout tuple, "
                    f"or a single float to set both timeouts to the same value."
                )
        elif isinstance(timeout, TimeoutSauce):
            resolved_timeout = timeout
        else:
            resolved_timeout = TimeoutSauce(connect=timeout, read=timeout)
    
        try:
>           resp = conn.urlopen(
                method=request.method,
                url=url,
                body=request.body,  # type: ignore[arg-type]  # urllib3 stubs don't accept Iterable[bytes | str]
                headers=request.headers,  # type: ignore[arg-type]  # urllib3#3072
                redirect=False,
                assert_same_host=False,
                preload_content=False,
                decode_content=False,
                retries=self.max_retries,
                timeout=resolved_timeout,
                chunked=chunked,
            )

.venv/lib/python3.12/site-packages/requests/adapters.py:696: 
_ _ _ _ _ _ _ _ _ _ _ _ _ _ _ _ _ _ _ _ _ _ _ _ _ _ _ _ _ _ _ _ _ _ _ _ _ _ _ _ 
.venv/lib/python3.12/site-packages/urllib3/connectionpool.py:842: in urlopen
    retries = retries.increment(
_ _ _ _ _ _ _ _ _ _ _ _ _ _ _ _ _ _ _ _ _ _ _ _ _ _ _ _ _ _ _ _ _ _ _ _ _ _ _ _ 

self = Retry(total=0, connect=None, read=False, redirect=None, status=None)
method = 'POST', url = '/app/space/create', response = None
error = NewConnectionError("HTTPConnection(host='localhost', port=3210): Failed to establish a new connection: [Errno 61] Connection refused")
_pool = <urllib3.connectionpool.HTTPConnectionPool object at 0x108ca8ad0>
_stacktrace = <traceback object at 0x10950ae80>

    def increment(
        self,
        method: str | None = None,
        url: str | None = None,
        response: BaseHTTPResponse | None = None,
        error: Exception | None = None,
        _pool: ConnectionPool | None = None,
        _stacktrace: TracebackType | None = None,
    ) -> Self:
        """Return a new Retry object with incremented retry counters.
    
        :param response: A response object, or None, if the server did not
            return a response.
        :type response: :class:`~urllib3.response.BaseHTTPResponse`
        :param Exception error: An error encountered during the request, or
            None if the response was received successfully.
    
        :return: A new ``Retry`` object.
        """
        if self.total is False and error:
            # Disabled, indicate to re-raise the error.
            raise reraise(type(error), error, _stacktrace)
    
        total = self.total
        if total is not None:
            total -= 1
    
        connect = self.connect
        read = self.read
        redirect = self.redirect
        status_count = self.status
        other = self.other
        cause = "unknown"
        status = None
        redirect_location = None
    
        if error and self._is_connection_error(error):
            # Connect retry?
            if connect is False:
                raise reraise(type(error), error, _stacktrace)
            elif connect is not None:
                connect -= 1
    
        elif error and self._is_read_error(error):
            # Read retry?
            if read is False or method is None or not self._is_method_retryable(method):
                raise reraise(type(error), error, _stacktrace)
            elif read is not None:
                read -= 1
    
        elif error:
            # Other retry?
            if other is not None:
                other -= 1
    
        elif response and response.get_redirect_location():
            # Redirect retry?
            if redirect is not None:
                redirect -= 1
            cause = "too many redirects"
            response_redirect_location = response.get_redirect_location()
            if response_redirect_location:
                redirect_location = response_redirect_location
            status = response.status
    
        else:
            # Incrementing because of a server error like a 500 in
            # status_forcelist and the given method is in the allowed_methods
            cause = ResponseError.GENERIC_ERROR
            if response and response.status:
                if status_count is not None:
                    status_count -= 1
                cause = ResponseError.SPECIFIC_ERROR.format(status_code=response.status)
                status = response.status
    
        history = self.history + (
            RequestHistory(method, url, error, status, redirect_location),
        )
    
        new_retry = self.new(
            total=total,
            connect=connect,
            read=read,
            redirect=redirect,
            status=status_count,
            other=other,
            history=history,
        )
    
        if new_retry.is_exhausted():
            reason = error or ResponseError(cause)
>           raise MaxRetryError(_pool, url, reason) from reason  # type: ignore[arg-type]
            ^^^^^^^^^^^^^^^^^^^^^^^^^^^^^^^^^^^^^^^^^^^^^^^^^^^
E           urllib3.exceptions.MaxRetryError: HTTPConnectionPool(host='localhost', port=3210): Max retries exceeded with url: /app/space/create (Caused by NewConnectionError("HTTPConnection(host='localhost', port=3210): Failed to establish a new connection: [Errno 61] Connection refused"))

.venv/lib/python3.12/site-packages/urllib3/util/retry.py:543: MaxRetryError

During handling of the above exception, another exception occurred:

    @pytest.fixture(scope="module")
    def espace_jetable() -> str:
        """Un espace à deux membres : DevCoach administrateur, E2E Coach 01 membre.
    
        Les dix autres coachs semés en sont absents : ce sont les candidats.
        """
        nom = f"E2E AjoutDirect {time.time_ns()}"
>       r = requests.post(
            f"{BASE_URL}/app/space/create",
            data={"space_name": nom, "logo_url": LOGO},
            headers={"HX-Request": "true", "Content-Type": FORM_URLENCODED},
            timeout=15,
        )

test_space_admin_ajout_direct.py:45: 
_ _ _ _ _ _ _ _ _ _ _ _ _ _ _ _ _ _ _ _ _ _ _ _ _ _ _ _ _ _ _ _ _ _ _ _ _ _ _ _ 
.venv/lib/python3.12/site-packages/requests/api.py:134: in post
    return request("post", url, data=data, json=json, **kwargs)
           ^^^^^^^^^^^^^^^^^^^^^^^^^^^^^^^^^^^^^^^^^^^^^^^^^^^^
.venv/lib/python3.12/site-packages/requests/api.py:71: in request
    return session.request(method=method, url=url, **kwargs)
           ^^^^^^^^^^^^^^^^^^^^^^^^^^^^^^^^^^^^^^^^^^^^^^^^^
.venv/lib/python3.12/site-packages/requests/sessions.py:651: in request
    resp = self.send(prep, **send_kwargs)
           ^^^^^^^^^^^^^^^^^^^^^^^^^^^^^^
.venv/lib/python3.12/site-packages/requests/sessions.py:784: in send
    r = adapter.send(request, **kwargs)
        ^^^^^^^^^^^^^^^^^^^^^^^^^^^^^^^
_ _ _ _ _ _ _ _ _ _ _ _ _ _ _ _ _ _ _ _ _ _ _ _ _ _ _ _ _ _ _ _ _ _ _ _ _ _ _ _ 

self = <requests.adapters.HTTPAdapter object at 0x108caa7b0>
request = <PreparedRequest [POST]>, stream = False, timeout = 15, verify = True
cert = None, proxies = OrderedDict()

    def send(
        self,
        request: PreparedRequest,
        stream: bool = False,
        timeout: _t.TimeoutType = None,
        verify: _t.VerifyType = True,
        cert: _t.CertType = None,
        proxies: dict[str, str] | None = None,
    ) -> Response:
        """Sends PreparedRequest object. Returns Response object.
    
        :param request: The :class:`PreparedRequest <PreparedRequest>` being sent.
        :param stream: (optional) Whether to stream the request content.
        :param timeout: (optional) How long to wait for the server to send
            data before giving up, as a float, or a :ref:`(connect timeout,
            read timeout) <timeouts>` tuple.
        :type timeout: float or tuple or urllib3 Timeout object
        :param verify: (optional) Either a boolean, in which case it controls whether
            we verify the server's TLS certificate, or a string, in which case it
            must be a path to a CA bundle to use
        :param cert: (optional) Any user-provided SSL certificate to be trusted.
        :param proxies: (optional) The proxies dictionary to apply to the request.
        :rtype: requests.Response
        """
    
        assert _is_prepared(request)
    
        try:
            conn = self.get_connection_with_tls_context(
                request, verify, proxies=proxies, cert=cert
            )
        except LocationValueError as e:
            raise InvalidURL(e, request=request)
    
        self.cert_verify(conn, request.url, verify, cert)
        url = self.request_url(request, proxies)
        self.add_headers(
            request,
            stream=stream,
            timeout=timeout,
            verify=verify,
            cert=cert,
            proxies=proxies,
        )
    
        chunked = not (request.body is None or "Content-Length" in request.headers)
    
        if isinstance(timeout, tuple):
            try:
                connect, read = timeout
                resolved_timeout = TimeoutSauce(connect=connect, read=read)
            except ValueError:
                raise ValueError(
                    f"Invalid timeout {timeout}. Pass a (connect, read) timeout tuple, "
                    f"or a single float to set both timeouts to the same value."
                )
        elif isinstance(timeout, TimeoutSauce):
            resolved_timeout = timeout
        else:
            resolved_timeout = TimeoutSauce(connect=timeout, read=timeout)
    
        try:
            resp = conn.urlopen(
                method=request.method,
                url=url,
                body=request.body,  # type: ignore[arg-type]  # urllib3 stubs don't accept Iterable[bytes | str]
                headers=request.headers,  # type: ignore[arg-type]  # urllib3#3072
                redirect=False,
                assert_same_host=False,
                preload_content=False,
                decode_content=False,
                retries=self.max_retries,
                timeout=resolved_timeout,
                chunked=chunked,
            )
    
        except (ProtocolError, OSError) as err:
            raise ConnectionError(err, request=request)
    
        except MaxRetryError as e:
            if isinstance(e.reason, ConnectTimeoutError):
                # TODO: Remove this in 3.0.0: see #2811
                if not isinstance(e.reason, NewConnectionError):
                    raise ConnectTimeout(e, request=request)
    
            if isinstance(e.reason, ResponseError):
                raise RetryError(e, request=request)
    
            if isinstance(e.reason, _ProxyError):
                raise ProxyError(e, request=request)
    
            if isinstance(e.reason, _SSLError):
                # This branch is for urllib3 v1.22 and later.
                raise SSLError(e, request=request)
    
>           raise ConnectionError(e, request=request)
E           requests.exceptions.ConnectionError: HTTPConnectionPool(host='localhost', port=3210): Max retries exceeded with url: /app/space/create (Caused by NewConnectionError("HTTPConnection(host='localhost', port=3210): Failed to establish a new connection: [Errno 61] Connection refused"))

.venv/lib/python3.12/site-packages/requests/adapters.py:729: ConnectionError
_ ERROR at setup of test_un_membre_de_l_espace_porte_son_badge_et_aucun_bouton[chromium] _

self = <HTTPConnection(host='localhost', port=3210) at 0x108caa2a0>

    def _new_conn(self) -> socket.socket:
        """Establish a socket connection and set nodelay settings on it.
    
        :return: New socket connection.
        """
        try:
>           sock = connection.create_connection(
                (self._dns_host, self.port),
                self.timeout,
                source_address=self.source_address,
                socket_options=self.socket_options,
            )

.venv/lib/python3.12/site-packages/urllib3/connection.py:204: 
_ _ _ _ _ _ _ _ _ _ _ _ _ _ _ _ _ _ _ _ _ _ _ _ _ _ _ _ _ _ _ _ _ _ _ _ _ _ _ _ 
.venv/lib/python3.12/site-packages/urllib3/util/connection.py:85: in create_connection
    raise err
_ _ _ _ _ _ _ _ _ _ _ _ _ _ _ _ _ _ _ _ _ _ _ _ _ _ _ _ _ _ _ _ _ _ _ _ _ _ _ _ 

address = ('localhost', 3210), timeout = 15, source_address = None
socket_options = [(6, 1, 1)]

    def create_connection(
        address: tuple[str, int],
        timeout: _TYPE_TIMEOUT = _DEFAULT_TIMEOUT,
        source_address: tuple[str, int] | None = None,
        socket_options: _TYPE_SOCKET_OPTIONS | None = None,
    ) -> socket.socket:
        """Connect to *address* and return the socket object.
    
        Convenience function.  Connect to *address* (a 2-tuple ``(host,
        port)``) and return the socket object.  Passing the optional
        *timeout* parameter will set the timeout on the socket instance
        before attempting to connect.  If no *timeout* is supplied, the
        global default timeout setting returned by :func:`socket.getdefaulttimeout`
        is used.  If *source_address* is set it must be a tuple of (host, port)
        for the socket to bind as a source address before making the connection.
        An host of '' or port 0 tells the OS to use the default.
        """
    
        host, port = address
        if host.startswith("["):
            host = host.strip("[]")
        err = None
    
        # Using the value from allowed_gai_family() in the context of getaddrinfo lets
        # us select whether to work with IPv4 DNS records, IPv6 records, or both.
        # The original create_connection function always returns all records.
        family = allowed_gai_family()
    
        try:
            host.encode("idna")
        except UnicodeError:
            raise LocationParseError(f"'{host}', label empty or too long") from None
    
        for res in socket.getaddrinfo(host, port, family, socket.SOCK_STREAM):
            af, socktype, proto, canonname, sa = res
            sock = None
            try:
                sock = socket.socket(af, socktype, proto)
    
                # If provided, set socket level options before connecting.
                _set_socket_options(sock, socket_options)
    
                if timeout is not _DEFAULT_TIMEOUT:
                    sock.settimeout(timeout)
                if source_address:
                    sock.bind(source_address)
>               sock.connect(sa)
E               ConnectionRefusedError: [Errno 61] Connection refused

.venv/lib/python3.12/site-packages/urllib3/util/connection.py:73: ConnectionRefusedError

The above exception was the direct cause of the following exception:

self = <urllib3.connectionpool.HTTPConnectionPool object at 0x108ca8ad0>
method = 'POST', url = '/app/space/create'
body = 'space_name=E2E+AjoutDirect+1789045327099950000&logo_url=https%3A%2F%2Fres.cloudinary.com%2Fdemo%2Fimage%2Fupload%2Fsample.jpg'
headers = {'User-Agent': 'python-requests/2.34.2', 'Accept-Encoding': 'gzip, deflate', 'Accept': '*/*', 'Connection': 'keep-alive', 'HX-Request': 'true', 'Content-Type': 'application/x-www-form-urlencoded', 'Content-Length': '125'}
retries = Retry(total=0, connect=None, read=False, redirect=None, status=None)
redirect = False, assert_same_host = False
timeout = Timeout(connect=15, read=15, total=None), pool_timeout = None
release_conn = False, chunked = False, body_pos = None, preload_content = False
decode_content = False, response_kw = {}

    def urlopen(  # type: ignore[override]
        self,
        method: str,
        url: str,
        body: _TYPE_BODY | None = None,
        headers: typing.Mapping[str, str] | None = None,
        retries: Retry | bool | int | None = None,
        redirect: bool = True,
        assert_same_host: bool = True,
        timeout: _TYPE_TIMEOUT = _DEFAULT_TIMEOUT,
        pool_timeout: int | None = None,
        release_conn: bool | None = None,
        chunked: bool = False,
        body_pos: _TYPE_BODY_POSITION | None = None,
        preload_content: bool = True,
        decode_content: bool = True,
        **response_kw: typing.Any,
    ) -> BaseHTTPResponse:
        """
        Get a connection from the pool and perform an HTTP request. This is the
        lowest level call for making a request, so you'll need to specify all
        the raw details.
    
        .. note::
    
           More commonly, it's appropriate to use a convenience method
           such as :meth:`request`.
    
        .. note::
    
           `release_conn` will only behave as expected if
           `preload_content=False` because we want to make
           `preload_content=False` the default behaviour someday soon without
           breaking backwards compatibility.
    
        :param method:
            HTTP request method (such as GET, POST, PUT, etc.)
    
        :param url:
            The URL to perform the request on.
    
        :param body:
            Data to send in the request body, either :class:`str`, :class:`bytes`,
            an iterable of :class:`str`/:class:`bytes`, or a file-like object.
    
        :param headers:
            Dictionary of custom headers to send, such as User-Agent,
            If-None-Match, etc. If None, pool headers are used. If provided,
            these headers completely replace any pool-specific headers.
    
        :param retries:
            Configure the number of retries to allow before raising a
            :class:`~urllib3.exceptions.MaxRetryError` exception.
    
            If ``None`` (default) will retry 3 times, see ``Retry.DEFAULT``. Pass a
            :class:`~urllib3.util.retry.Retry` object for fine-grained control
            over different types of retries.
            Pass an integer number to retry connection errors that many times,
            but no other types of errors. Pass zero to never retry.
    
            If ``False``, then retries are disabled and any exception is raised
            immediately. Also, instead of raising a MaxRetryError on redirects,
            the redirect response will be returned.
    
        :type retries: :class:`~urllib3.util.retry.Retry`, False, or an int.
    
        :param redirect:
            If True, automatically handle redirects (status codes 301, 302,
            303, 307, 308). Each redirect counts as a retry. Disabling retries
            will disable redirect, too.
    
        :param assert_same_host:
            If ``True``, will make sure that the host of the pool requests is
            consistent else will raise HostChangedError. When ``False``, you can
            use the pool on an HTTP proxy and request foreign hosts.
    
        :param timeout:
            If specified, overrides the default timeout for this one
            request. It may be a float (in seconds) or an instance of
            :class:`urllib3.util.Timeout`.
    
        :param pool_timeout:
            If set and the pool is set to block=True, then this method will
            block for ``pool_timeout`` seconds and raise EmptyPoolError if no
            connection is available within the time period.
    
        :param bool preload_content:
            If True, the response's body will be preloaded into memory.
    
        :param bool decode_content:
            If True, will attempt to decode the body based on the
            'content-encoding' header.
    
        :param release_conn:
            If False, then the urlopen call will not release the connection
            back into the pool once a response is received (but will release if
            you read the entire contents of the response such as when
            `preload_content=True`). This is useful if you're not preloading
            the response's content immediately. You will need to call
            ``r.release_conn()`` on the response ``r`` to return the connection
            back into the pool. If None, it takes the value of ``preload_content``
            which defaults to ``True``.
    
        :param bool chunked:
            If True, urllib3 will send the body using chunked transfer
            encoding. Otherwise, urllib3 will send the body using the standard
            content-length form. Defaults to False.
    
        :param int body_pos:
            Position to seek to in file-like body in the event of a retry or
            redirect. Typically this won't need to be set because urllib3 will
            auto-populate the value when needed.
        """
        # Ensure that the URL we're connecting to is properly encoded
        if url.startswith("/"):
            # URLs starting with / are inherently schemeless.
            url = to_str(_encode_target(url))
            destination_scheme = None
        else:
            parsed_url = parse_url(url)
            destination_scheme = parsed_url.scheme
            url = to_str(parsed_url.url)
    
        if headers is None:
            headers = self.headers
    
        if not isinstance(retries, Retry):
            retries = Retry.from_int(retries, redirect=redirect, default=self.retries)
    
        if release_conn is None:
            release_conn = preload_content
    
        # Check host
        if assert_same_host and not self.is_same_host(url):
            raise HostChangedError(self, url, retries)
    
        conn = None
    
        # Track whether `conn` needs to be released before
        # returning/raising/recursing. Update this variable if necessary, and
        # leave `release_conn` constant throughout the function. That way, if
        # the function recurses, the original value of `release_conn` will be
        # passed down into the recursive call, and its value will be respected.
        #
        # See issue #651 [1] for details.
        #
        # [1] <https://github.com/urllib3/urllib3/issues/651>
        release_this_conn = release_conn
    
        http_tunnel_required = connection_requires_http_tunnel(
            self.proxy, self.proxy_config, destination_scheme
        )
    
        # Merge the proxy headers. Only done when not using HTTP CONNECT. We
        # have to copy the headers dict so we can safely change it without those
        # changes being reflected in anyone else's copy.
        if not http_tunnel_required:
            headers = headers.copy()  # type: ignore[attr-defined]
            headers.update(self.proxy_headers)  # type: ignore[union-attr]
    
        # Must keep the exception bound to a separate variable or else Python 3
        # complains about UnboundLocalError.
        err = None
    
        # Keep track of whether we cleanly exited the except block. This
        # ensures we do proper cleanup in finally.
        clean_exit = False
    
        # Rewind body position, if needed. Record current position
        # for future rewinds in the event of a redirect/retry.
        body_pos = set_file_position(body, body_pos)
    
        try:
            # Request a connection from the queue.
            timeout_obj = self._get_timeout(timeout)
            conn = self._get_conn(timeout=pool_timeout)
    
            conn.timeout = timeout_obj.connect_timeout  # type: ignore[assignment]
    
            # Is this a closed/new connection that requires CONNECT tunnelling?
            if self.proxy is not None and http_tunnel_required and conn.is_closed:
                try:
                    self._prepare_proxy(conn)
                except (BaseSSLError, OSError, SocketTimeout) as e:
                    self._raise_timeout(
                        err=e, url=self.proxy.url, timeout_value=conn.timeout
                    )
                    raise
    
            # If we're going to release the connection in ``finally:``, then
            # the response doesn't need to know about the connection. Otherwise
            # it will also try to release it and we'll have a double-release
            # mess.
            response_conn = conn if not release_conn else None
    
            # Make the request on the HTTPConnection object
>           response = self._make_request(
                conn,
                method,
                url,
                timeout=timeout_obj,
                body=body,
                headers=headers,
                chunked=chunked,
                retries=retries,
                response_conn=response_conn,
                preload_content=preload_content,
                decode_content=decode_content,
                **response_kw,
            )

.venv/lib/python3.12/site-packages/urllib3/connectionpool.py:788: 
_ _ _ _ _ _ _ _ _ _ _ _ _ _ _ _ _ _ _ _ _ _ _ _ _ _ _ _ _ _ _ _ _ _ _ _ _ _ _ _ 
.venv/lib/python3.12/site-packages/urllib3/connectionpool.py:493: in _make_request
    conn.request(
.venv/lib/python3.12/site-packages/urllib3/connection.py:500: in request
    self.endheaders()
/Users/bagouze/.local/share/uv/python/cpython-3.12.13-macos-aarch64-none/lib/python3.12/http/client.py:1353: in endheaders
    self._send_output(message_body, encode_chunked=encode_chunked)
/Users/bagouze/.local/share/uv/python/cpython-3.12.13-macos-aarch64-none/lib/python3.12/http/client.py:1113: in _send_output
    self.send(msg)
/Users/bagouze/.local/share/uv/python/cpython-3.12.13-macos-aarch64-none/lib/python3.12/http/client.py:1057: in send
    self.connect()
.venv/lib/python3.12/site-packages/urllib3/connection.py:331: in connect
    self.sock = self._new_conn()
                ^^^^^^^^^^^^^^^^
_ _ _ _ _ _ _ _ _ _ _ _ _ _ _ _ _ _ _ _ _ _ _ _ _ _ _ _ _ _ _ _ _ _ _ _ _ _ _ _ 

self = <HTTPConnection(host='localhost', port=3210) at 0x108caa2a0>

    def _new_conn(self) -> socket.socket:
        """Establish a socket connection and set nodelay settings on it.
    
        :return: New socket connection.
        """
        try:
            sock = connection.create_connection(
                (self._dns_host, self.port),
                self.timeout,
                source_address=self.source_address,
                socket_options=self.socket_options,
            )
        except socket.gaierror as e:
            raise NameResolutionError(self.host, self, e) from e
        except SocketTimeout as e:
            raise ConnectTimeoutError(
                self,
                f"Connection to {self.host} timed out. (connect timeout={self.timeout})",
            ) from e
    
        except OSError as e:
>           raise NewConnectionError(
                self, f"Failed to establish a new connection: {e}"
            ) from e
E           urllib3.exceptions.NewConnectionError: HTTPConnection(host='localhost', port=3210): Failed to establish a new connection: [Errno 61] Connection refused

.venv/lib/python3.12/site-packages/urllib3/connection.py:219: NewConnectionError

The above exception was the direct cause of the following exception:

self = <requests.adapters.HTTPAdapter object at 0x108caa7b0>
request = <PreparedRequest [POST]>, stream = False, timeout = 15, verify = True
cert = None, proxies = OrderedDict()

    def send(
        self,
        request: PreparedRequest,
        stream: bool = False,
        timeout: _t.TimeoutType = None,
        verify: _t.VerifyType = True,
        cert: _t.CertType = None,
        proxies: dict[str, str] | None = None,
    ) -> Response:
        """Sends PreparedRequest object. Returns Response object.
    
        :param request: The :class:`PreparedRequest <PreparedRequest>` being sent.
        :param stream: (optional) Whether to stream the request content.
        :param timeout: (optional) How long to wait for the server to send
            data before giving up, as a float, or a :ref:`(connect timeout,
            read timeout) <timeouts>` tuple.
        :type timeout: float or tuple or urllib3 Timeout object
        :param verify: (optional) Either a boolean, in which case it controls whether
            we verify the server's TLS certificate, or a string, in which case it
            must be a path to a CA bundle to use
        :param cert: (optional) Any user-provided SSL certificate to be trusted.
        :param proxies: (optional) The proxies dictionary to apply to the request.
        :rtype: requests.Response
        """
    
        assert _is_prepared(request)
    
        try:
            conn = self.get_connection_with_tls_context(
                request, verify, proxies=proxies, cert=cert
            )
        except LocationValueError as e:
            raise InvalidURL(e, request=request)
    
        self.cert_verify(conn, request.url, verify, cert)
        url = self.request_url(request, proxies)
        self.add_headers(
            request,
            stream=stream,
            timeout=timeout,
            verify=verify,
            cert=cert,
            proxies=proxies,
        )
    
        chunked = not (request.body is None or "Content-Length" in request.headers)
    
        if isinstance(timeout, tuple):
            try:
                connect, read = timeout
                resolved_timeout = TimeoutSauce(connect=connect, read=read)
            except ValueError:
                raise ValueError(
                    f"Invalid timeout {timeout}. Pass a (connect, read) timeout tuple, "
                    f"or a single float to set both timeouts to the same value."
                )
        elif isinstance(timeout, TimeoutSauce):
            resolved_timeout = timeout
        else:
            resolved_timeout = TimeoutSauce(connect=timeout, read=timeout)
    
        try:
>           resp = conn.urlopen(
                method=request.method,
                url=url,
                body=request.body,  # type: ignore[arg-type]  # urllib3 stubs don't accept Iterable[bytes | str]
                headers=request.headers,  # type: ignore[arg-type]  # urllib3#3072
                redirect=False,
                assert_same_host=False,
                preload_content=False,
                decode_content=False,
                retries=self.max_retries,
                timeout=resolved_timeout,
                chunked=chunked,
            )

.venv/lib/python3.12/site-packages/requests/adapters.py:696: 
_ _ _ _ _ _ _ _ _ _ _ _ _ _ _ _ _ _ _ _ _ _ _ _ _ _ _ _ _ _ _ _ _ _ _ _ _ _ _ _ 
.venv/lib/python3.12/site-packages/urllib3/connectionpool.py:842: in urlopen
    retries = retries.increment(
_ _ _ _ _ _ _ _ _ _ _ _ _ _ _ _ _ _ _ _ _ _ _ _ _ _ _ _ _ _ _ _ _ _ _ _ _ _ _ _ 

self = Retry(total=0, connect=None, read=False, redirect=None, status=None)
method = 'POST', url = '/app/space/create', response = None
error = NewConnectionError("HTTPConnection(host='localhost', port=3210): Failed to establish a new connection: [Errno 61] Connection refused")
_pool = <urllib3.connectionpool.HTTPConnectionPool object at 0x108ca8ad0>
_stacktrace = <traceback object at 0x10950ae80>

    def increment(
        self,
        method: str | None = None,
        url: str | None = None,
        response: BaseHTTPResponse | None = None,
        error: Exception | None = None,
        _pool: ConnectionPool | None = None,
        _stacktrace: TracebackType | None = None,
    ) -> Self:
        """Return a new Retry object with incremented retry counters.
    
        :param response: A response object, or None, if the server did not
            return a response.
        :type response: :class:`~urllib3.response.BaseHTTPResponse`
        :param Exception error: An error encountered during the request, or
            None if the response was received successfully.
    
        :return: A new ``Retry`` object.
        """
        if self.total is False and error:
            # Disabled, indicate to re-raise the error.
            raise reraise(type(error), error, _stacktrace)
    
        total = self.total
        if total is not None:
            total -= 1
    
        connect = self.connect
        read = self.read
        redirect = self.redirect
        status_count = self.status
        other = self.other
        cause = "unknown"
        status = None
        redirect_location = None
    
        if error and self._is_connection_error(error):
            # Connect retry?
            if connect is False:
                raise reraise(type(error), error, _stacktrace)
            elif connect is not None:
                connect -= 1
    
        elif error and self._is_read_error(error):
            # Read retry?
            if read is False or method is None or not self._is_method_retryable(method):
                raise reraise(type(error), error, _stacktrace)
            elif read is not None:
                read -= 1
    
        elif error:
            # Other retry?
            if other is not None:
                other -= 1
    
        elif response and response.get_redirect_location():
            # Redirect retry?
            if redirect is not None:
                redirect -= 1
            cause = "too many redirects"
            response_redirect_location = response.get_redirect_location()
            if response_redirect_location:
                redirect_location = response_redirect_location
            status = response.status
    
        else:
            # Incrementing because of a server error like a 500 in
            # status_forcelist and the given method is in the allowed_methods
            cause = ResponseError.GENERIC_ERROR
            if response and response.status:
                if status_count is not None:
                    status_count -= 1
                cause = ResponseError.SPECIFIC_ERROR.format(status_code=response.status)
                status = response.status
    
        history = self.history + (
            RequestHistory(method, url, error, status, redirect_location),
        )
    
        new_retry = self.new(
            total=total,
            connect=connect,
            read=read,
            redirect=redirect,
            status=status_count,
            other=other,
            history=history,
        )
    
        if new_retry.is_exhausted():
            reason = error or ResponseError(cause)
>           raise MaxRetryError(_pool, url, reason) from reason  # type: ignore[arg-type]
            ^^^^^^^^^^^^^^^^^^^^^^^^^^^^^^^^^^^^^^^^^^^^^^^^^^^
E           urllib3.exceptions.MaxRetryError: HTTPConnectionPool(host='localhost', port=3210): Max retries exceeded with url: /app/space/create (Caused by NewConnectionError("HTTPConnection(host='localhost', port=3210): Failed to establish a new connection: [Errno 61] Connection refused"))

.venv/lib/python3.12/site-packages/urllib3/util/retry.py:543: MaxRetryError

During handling of the above exception, another exception occurred:

    @pytest.fixture(scope="module")
    def espace_jetable() -> str:
        """Un espace à deux membres : DevCoach administrateur, E2E Coach 01 membre.
    
        Les dix autres coachs semés en sont absents : ce sont les candidats.
        """
        nom = f"E2E AjoutDirect {time.time_ns()}"
>       r = requests.post(
            f"{BASE_URL}/app/space/create",
            data={"space_name": nom, "logo_url": LOGO},
            headers={"HX-Request": "true", "Content-Type": FORM_URLENCODED},
            timeout=15,
        )

test_space_admin_ajout_direct.py:45: 
_ _ _ _ _ _ _ _ _ _ _ _ _ _ _ _ _ _ _ _ _ _ _ _ _ _ _ _ _ _ _ _ _ _ _ _ _ _ _ _ 
.venv/lib/python3.12/site-packages/requests/api.py:134: in post
    return request("post", url, data=data, json=json, **kwargs)
           ^^^^^^^^^^^^^^^^^^^^^^^^^^^^^^^^^^^^^^^^^^^^^^^^^^^^
.venv/lib/python3.12/site-packages/requests/api.py:71: in request
    return session.request(method=method, url=url, **kwargs)
           ^^^^^^^^^^^^^^^^^^^^^^^^^^^^^^^^^^^^^^^^^^^^^^^^^
.venv/lib/python3.12/site-packages/requests/sessions.py:651: in request
    resp = self.send(prep, **send_kwargs)
           ^^^^^^^^^^^^^^^^^^^^^^^^^^^^^^
.venv/lib/python3.12/site-packages/requests/sessions.py:784: in send
    r = adapter.send(request, **kwargs)
        ^^^^^^^^^^^^^^^^^^^^^^^^^^^^^^^
_ _ _ _ _ _ _ _ _ _ _ _ _ _ _ _ _ _ _ _ _ _ _ _ _ _ _ _ _ _ _ _ _ _ _ _ _ _ _ _ 

self = <requests.adapters.HTTPAdapter object at 0x108caa7b0>
request = <PreparedRequest [POST]>, stream = False, timeout = 15, verify = True
cert = None, proxies = OrderedDict()

    def send(
        self,
        request: PreparedRequest,
        stream: bool = False,
        timeout: _t.TimeoutType = None,
        verify: _t.VerifyType = True,
        cert: _t.CertType = None,
        proxies: dict[str, str] | None = None,
    ) -> Response:
        """Sends PreparedRequest object. Returns Response object.
    
        :param request: The :class:`PreparedRequest <PreparedRequest>` being sent.
        :param stream: (optional) Whether to stream the request content.
        :param timeout: (optional) How long to wait for the server to send
            data before giving up, as a float, or a :ref:`(connect timeout,
            read timeout) <timeouts>` tuple.
        :type timeout: float or tuple or urllib3 Timeout object
        :param verify: (optional) Either a boolean, in which case it controls whether
            we verify the server's TLS certificate, or a string, in which case it
            must be a path to a CA bundle to use
        :param cert: (optional) Any user-provided SSL certificate to be trusted.
        :param proxies: (optional) The proxies dictionary to apply to the request.
        :rtype: requests.Response
        """
    
        assert _is_prepared(request)
    
        try:
            conn = self.get_connection_with_tls_context(
                request, verify, proxies=proxies, cert=cert
            )
        except LocationValueError as e:
            raise InvalidURL(e, request=request)
    
        self.cert_verify(conn, request.url, verify, cert)
        url = self.request_url(request, proxies)
        self.add_headers(
            request,
            stream=stream,
            timeout=timeout,
            verify=verify,
            cert=cert,
            proxies=proxies,
        )
    
        chunked = not (request.body is None or "Content-Length" in request.headers)
    
        if isinstance(timeout, tuple):
            try:
                connect, read = timeout
                resolved_timeout = TimeoutSauce(connect=connect, read=read)
            except ValueError:
                raise ValueError(
                    f"Invalid timeout {timeout}. Pass a (connect, read) timeout tuple, "
                    f"or a single float to set both timeouts to the same value."
                )
        elif isinstance(timeout, TimeoutSauce):
            resolved_timeout = timeout
        else:
            resolved_timeout = TimeoutSauce(connect=timeout, read=timeout)
    
        try:
            resp = conn.urlopen(
                method=request.method,
                url=url,
                body=request.body,  # type: ignore[arg-type]  # urllib3 stubs don't accept Iterable[bytes | str]
                headers=request.headers,  # type: ignore[arg-type]  # urllib3#3072
                redirect=False,
                assert_same_host=False,
                preload_content=False,
                decode_content=False,
                retries=self.max_retries,
                timeout=resolved_timeout,
                chunked=chunked,
            )
    
        except (ProtocolError, OSError) as err:
            raise ConnectionError(err, request=request)
    
        except MaxRetryError as e:
            if isinstance(e.reason, ConnectTimeoutError):
                # TODO: Remove this in 3.0.0: see #2811
                if not isinstance(e.reason, NewConnectionError):
                    raise ConnectTimeout(e, request=request)
    
            if isinstance(e.reason, ResponseError):
                raise RetryError(e, request=request)
    
            if isinstance(e.reason, _ProxyError):
                raise ProxyError(e, request=request)
    
            if isinstance(e.reason, _SSLError):
                # This branch is for urllib3 v1.22 and later.
                raise SSLError(e, request=request)
    
>           raise ConnectionError(e, request=request)
E           requests.exceptions.ConnectionError: HTTPConnectionPool(host='localhost', port=3210): Max retries exceeded with url: /app/space/create (Caused by NewConnectionError("HTTPConnection(host='localhost', port=3210): Failed to establish a new connection: [Errno 61] Connection refused"))

.venv/lib/python3.12/site-packages/requests/adapters.py:729: ConnectionError
_ ERROR at setup of test_ajouter_un_coach_le_fait_passer_membre_et_apparaitre_au_journal[chromium] _

self = <HTTPConnection(host='localhost', port=3210) at 0x108caa2a0>

    def _new_conn(self) -> socket.socket:
        """Establish a socket connection and set nodelay settings on it.
    
        :return: New socket connection.
        """
        try:
>           sock = connection.create_connection(
                (self._dns_host, self.port),
                self.timeout,
                source_address=self.source_address,
                socket_options=self.socket_options,
            )

.venv/lib/python3.12/site-packages/urllib3/connection.py:204: 
_ _ _ _ _ _ _ _ _ _ _ _ _ _ _ _ _ _ _ _ _ _ _ _ _ _ _ _ _ _ _ _ _ _ _ _ _ _ _ _ 
.venv/lib/python3.12/site-packages/urllib3/util/connection.py:85: in create_connection
    raise err
_ _ _ _ _ _ _ _ _ _ _ _ _ _ _ _ _ _ _ _ _ _ _ _ _ _ _ _ _ _ _ _ _ _ _ _ _ _ _ _ 

address = ('localhost', 3210), timeout = 15, source_address = None
socket_options = [(6, 1, 1)]

    def create_connection(
        address: tuple[str, int],
        timeout: _TYPE_TIMEOUT = _DEFAULT_TIMEOUT,
        source_address: tuple[str, int] | None = None,
        socket_options: _TYPE_SOCKET_OPTIONS | None = None,
    ) -> socket.socket:
        """Connect to *address* and return the socket object.
    
        Convenience function.  Connect to *address* (a 2-tuple ``(host,
        port)``) and return the socket object.  Passing the optional
        *timeout* parameter will set the timeout on the socket instance
        before attempting to connect.  If no *timeout* is supplied, the
        global default timeout setting returned by :func:`socket.getdefaulttimeout`
        is used.  If *source_address* is set it must be a tuple of (host, port)
        for the socket to bind as a source address before making the connection.
        An host of '' or port 0 tells the OS to use the default.
        """
    
        host, port = address
        if host.startswith("["):
            host = host.strip("[]")
        err = None
    
        # Using the value from allowed_gai_family() in the context of getaddrinfo lets
        # us select whether to work with IPv4 DNS records, IPv6 records, or both.
        # The original create_connection function always returns all records.
        family = allowed_gai_family()
    
        try:
            host.encode("idna")
        except UnicodeError:
            raise LocationParseError(f"'{host}', label empty or too long") from None
    
        for res in socket.getaddrinfo(host, port, family, socket.SOCK_STREAM):
            af, socktype, proto, canonname, sa = res
            sock = None
            try:
                sock = socket.socket(af, socktype, proto)
    
                # If provided, set socket level options before connecting.
                _set_socket_options(sock, socket_options)
    
                if timeout is not _DEFAULT_TIMEOUT:
                    sock.settimeout(timeout)
                if source_address:
                    sock.bind(source_address)
>               sock.connect(sa)
E               ConnectionRefusedError: [Errno 61] Connection refused

.venv/lib/python3.12/site-packages/urllib3/util/connection.py:73: ConnectionRefusedError

The above exception was the direct cause of the following exception:

self = <urllib3.connectionpool.HTTPConnectionPool object at 0x108ca8ad0>
method = 'POST', url = '/app/space/create'
body = 'space_name=E2E+AjoutDirect+1789045327099950000&logo_url=https%3A%2F%2Fres.cloudinary.com%2Fdemo%2Fimage%2Fupload%2Fsample.jpg'
headers = {'User-Agent': 'python-requests/2.34.2', 'Accept-Encoding': 'gzip, deflate', 'Accept': '*/*', 'Connection': 'keep-alive', 'HX-Request': 'true', 'Content-Type': 'application/x-www-form-urlencoded', 'Content-Length': '125'}
retries = Retry(total=0, connect=None, read=False, redirect=None, status=None)
redirect = False, assert_same_host = False
timeout = Timeout(connect=15, read=15, total=None), pool_timeout = None
release_conn = False, chunked = False, body_pos = None, preload_content = False
decode_content = False, response_kw = {}

    def urlopen(  # type: ignore[override]
        self,
        method: str,
        url: str,
        body: _TYPE_BODY | None = None,
        headers: typing.Mapping[str, str] | None = None,
        retries: Retry | bool | int | None = None,
        redirect: bool = True,
        assert_same_host: bool = True,
        timeout: _TYPE_TIMEOUT = _DEFAULT_TIMEOUT,
        pool_timeout: int | None = None,
        release_conn: bool | None = None,
        chunked: bool = False,
        body_pos: _TYPE_BODY_POSITION | None = None,
        preload_content: bool = True,
        decode_content: bool = True,
        **response_kw: typing.Any,
    ) -> BaseHTTPResponse:
        """
        Get a connection from the pool and perform an HTTP request. This is the
        lowest level call for making a request, so you'll need to specify all
        the raw details.
    
        .. note::
    
           More commonly, it's appropriate to use a convenience method
           such as :meth:`request`.
    
        .. note::
    
           `release_conn` will only behave as expected if
           `preload_content=False` because we want to make
           `preload_content=False` the default behaviour someday soon without
           breaking backwards compatibility.
    
        :param method:
            HTTP request method (such as GET, POST, PUT, etc.)
    
        :param url:
            The URL to perform the request on.
    
        :param body:
            Data to send in the request body, either :class:`str`, :class:`bytes`,
            an iterable of :class:`str`/:class:`bytes`, or a file-like object.
    
        :param headers:
            Dictionary of custom headers to send, such as User-Agent,
            If-None-Match, etc. If None, pool headers are used. If provided,
            these headers completely replace any pool-specific headers.
    
        :param retries:
            Configure the number of retries to allow before raising a
            :class:`~urllib3.exceptions.MaxRetryError` exception.
    
            If ``None`` (default) will retry 3 times, see ``Retry.DEFAULT``. Pass a
            :class:`~urllib3.util.retry.Retry` object for fine-grained control
            over different types of retries.
            Pass an integer number to retry connection errors that many times,
            but no other types of errors. Pass zero to never retry.
    
            If ``False``, then retries are disabled and any exception is raised
            immediately. Also, instead of raising a MaxRetryError on redirects,
            the redirect response will be returned.
    
        :type retries: :class:`~urllib3.util.retry.Retry`, False, or an int.
    
        :param redirect:
            If True, automatically handle redirects (status codes 301, 302,
            303, 307, 308). Each redirect counts as a retry. Disabling retries
            will disable redirect, too.
    
        :param assert_same_host:
            If ``True``, will make sure that the host of the pool requests is
            consistent else will raise HostChangedError. When ``False``, you can
            use the pool on an HTTP proxy and request foreign hosts.
    
        :param timeout:
            If specified, overrides the default timeout for this one
            request. It may be a float (in seconds) or an instance of
            :class:`urllib3.util.Timeout`.
    
        :param pool_timeout:
            If set and the pool is set to block=True, then this method will
            block for ``pool_timeout`` seconds and raise EmptyPoolError if no
            connection is available within the time period.
    
        :param bool preload_content:
            If True, the response's body will be preloaded into memory.
    
        :param bool decode_content:
            If True, will attempt to decode the body based on the
            'content-encoding' header.
    
        :param release_conn:
            If False, then the urlopen call will not release the connection
            back into the pool once a response is received (but will release if
            you read the entire contents of the response such as when
            `preload_content=True`). This is useful if you're not preloading
            the response's content immediately. You will need to call
            ``r.release_conn()`` on the response ``r`` to return the connection
            back into the pool. If None, it takes the value of ``preload_content``
            which defaults to ``True``.
    
        :param bool chunked:
            If True, urllib3 will send the body using chunked transfer
            encoding. Otherwise, urllib3 will send the body using the standard
            content-length form. Defaults to False.
    
        :param int body_pos:
            Position to seek to in file-like body in the event of a retry or
            redirect. Typically this won't need to be set because urllib3 will
            auto-populate the value when needed.
        """
        # Ensure that the URL we're connecting to is properly encoded
        if url.startswith("/"):
            # URLs starting with / are inherently schemeless.
            url = to_str(_encode_target(url))
            destination_scheme = None
        else:
            parsed_url = parse_url(url)
            destination_scheme = parsed_url.scheme
            url = to_str(parsed_url.url)
    
        if headers is None:
            headers = self.headers
    
        if not isinstance(retries, Retry):
            retries = Retry.from_int(retries, redirect=redirect, default=self.retries)
    
        if release_conn is None:
            release_conn = preload_content
    
        # Check host
        if assert_same_host and not self.is_same_host(url):
            raise HostChangedError(self, url, retries)
    
        conn = None
    
        # Track whether `conn` needs to be released before
        # returning/raising/recursing. Update this variable if necessary, and
        # leave `release_conn` constant throughout the function. That way, if
        # the function recurses, the original value of `release_conn` will be
        # passed down into the recursive call, and its value will be respected.
        #
        # See issue #651 [1] for details.
        #
        # [1] <https://github.com/urllib3/urllib3/issues/651>
        release_this_conn = release_conn
    
        http_tunnel_required = connection_requires_http_tunnel(
            self.proxy, self.proxy_config, destination_scheme
        )
    
        # Merge the proxy headers. Only done when not using HTTP CONNECT. We
        # have to copy the headers dict so we can safely change it without those
        # changes being reflected in anyone else's copy.
        if not http_tunnel_required:
            headers = headers.copy()  # type: ignore[attr-defined]
            headers.update(self.proxy_headers)  # type: ignore[union-attr]
    
        # Must keep the exception bound to a separate variable or else Python 3
        # complains about UnboundLocalError.
        err = None
    
        # Keep track of whether we cleanly exited the except block. This
        # ensures we do proper cleanup in finally.
        clean_exit = False
    
        # Rewind body position, if needed. Record current position
        # for future rewinds in the event of a redirect/retry.
        body_pos = set_file_position(body, body_pos)
    
        try:
            # Request a connection from the queue.
            timeout_obj = self._get_timeout(timeout)
            conn = self._get_conn(timeout=pool_timeout)
    
            conn.timeout = timeout_obj.connect_timeout  # type: ignore[assignment]
    
            # Is this a closed/new connection that requires CONNECT tunnelling?
            if self.proxy is not None and http_tunnel_required and conn.is_closed:
                try:
                    self._prepare_proxy(conn)
                except (BaseSSLError, OSError, SocketTimeout) as e:
                    self._raise_timeout(
                        err=e, url=self.proxy.url, timeout_value=conn.timeout
                    )
                    raise
    
            # If we're going to release the connection in ``finally:``, then
            # the response doesn't need to know about the connection. Otherwise
            # it will also try to release it and we'll have a double-release
            # mess.
            response_conn = conn if not release_conn else None
    
            # Make the request on the HTTPConnection object
>           response = self._make_request(
                conn,
                method,
                url,
                timeout=timeout_obj,
                body=body,
                headers=headers,
                chunked=chunked,
                retries=retries,
                response_conn=response_conn,
                preload_content=preload_content,
                decode_content=decode_content,
                **response_kw,
            )

.venv/lib/python3.12/site-packages/urllib3/connectionpool.py:788: 
_ _ _ _ _ _ _ _ _ _ _ _ _ _ _ _ _ _ _ _ _ _ _ _ _ _ _ _ _ _ _ _ _ _ _ _ _ _ _ _ 
.venv/lib/python3.12/site-packages/urllib3/connectionpool.py:493: in _make_request
    conn.request(
.venv/lib/python3.12/site-packages/urllib3/connection.py:500: in request
    self.endheaders()
/Users/bagouze/.local/share/uv/python/cpython-3.12.13-macos-aarch64-none/lib/python3.12/http/client.py:1353: in endheaders
    self._send_output(message_body, encode_chunked=encode_chunked)
/Users/bagouze/.local/share/uv/python/cpython-3.12.13-macos-aarch64-none/lib/python3.12/http/client.py:1113: in _send_output
    self.send(msg)
/Users/bagouze/.local/share/uv/python/cpython-3.12.13-macos-aarch64-none/lib/python3.12/http/client.py:1057: in send
    self.connect()
.venv/lib/python3.12/site-packages/urllib3/connection.py:331: in connect
    self.sock = self._new_conn()
                ^^^^^^^^^^^^^^^^
_ _ _ _ _ _ _ _ _ _ _ _ _ _ _ _ _ _ _ _ _ _ _ _ _ _ _ _ _ _ _ _ _ _ _ _ _ _ _ _ 

self = <HTTPConnection(host='localhost', port=3210) at 0x108caa2a0>

    def _new_conn(self) -> socket.socket:
        """Establish a socket connection and set nodelay settings on it.
    
        :return: New socket connection.
        """
        try:
            sock = connection.create_connection(
                (self._dns_host, self.port),
                self.timeout,
                source_address=self.source_address,
                socket_options=self.socket_options,
            )
        except socket.gaierror as e:
            raise NameResolutionError(self.host, self, e) from e
        except SocketTimeout as e:
            raise ConnectTimeoutError(
                self,
                f"Connection to {self.host} timed out. (connect timeout={self.timeout})",
            ) from e
    
        except OSError as e:
>           raise NewConnectionError(
                self, f"Failed to establish a new connection: {e}"
            ) from e
E           urllib3.exceptions.NewConnectionError: HTTPConnection(host='localhost', port=3210): Failed to establish a new connection: [Errno 61] Connection refused

.venv/lib/python3.12/site-packages/urllib3/connection.py:219: NewConnectionError

The above exception was the direct cause of the following exception:

self = <requests.adapters.HTTPAdapter object at 0x108caa7b0>
request = <PreparedRequest [POST]>, stream = False, timeout = 15, verify = True
cert = None, proxies = OrderedDict()

    def send(
        self,
        request: PreparedRequest,
        stream: bool = False,
        timeout: _t.TimeoutType = None,
        verify: _t.VerifyType = True,
        cert: _t.CertType = None,
        proxies: dict[str, str] | None = None,
    ) -> Response:
        """Sends PreparedRequest object. Returns Response object.
    
        :param request: The :class:`PreparedRequest <PreparedRequest>` being sent.
        :param stream: (optional) Whether to stream the request content.
        :param timeout: (optional) How long to wait for the server to send
            data before giving up, as a float, or a :ref:`(connect timeout,
            read timeout) <timeouts>` tuple.
        :type timeout: float or tuple or urllib3 Timeout object
        :param verify: (optional) Either a boolean, in which case it controls whether
            we verify the server's TLS certificate, or a string, in which case it
            must be a path to a CA bundle to use
        :param cert: (optional) Any user-provided SSL certificate to be trusted.
        :param proxies: (optional) The proxies dictionary to apply to the request.
        :rtype: requests.Response
        """
    
        assert _is_prepared(request)
    
        try:
            conn = self.get_connection_with_tls_context(
                request, verify, proxies=proxies, cert=cert
            )
        except LocationValueError as e:
            raise InvalidURL(e, request=request)
    
        self.cert_verify(conn, request.url, verify, cert)
        url = self.request_url(request, proxies)
        self.add_headers(
            request,
            stream=stream,
            timeout=timeout,
            verify=verify,
            cert=cert,
            proxies=proxies,
        )
    
        chunked = not (request.body is None or "Content-Length" in request.headers)
    
        if isinstance(timeout, tuple):
            try:
                connect, read = timeout
                resolved_timeout = TimeoutSauce(connect=connect, read=read)
            except ValueError:
                raise ValueError(
                    f"Invalid timeout {timeout}. Pass a (connect, read) timeout tuple, "
                    f"or a single float to set both timeouts to the same value."
                )
        elif isinstance(timeout, TimeoutSauce):
            resolved_timeout = timeout
        else:
            resolved_timeout = TimeoutSauce(connect=timeout, read=timeout)
    
        try:
>           resp = conn.urlopen(
                method=request.method,
                url=url,
                body=request.body,  # type: ignore[arg-type]  # urllib3 stubs don't accept Iterable[bytes | str]
                headers=request.headers,  # type: ignore[arg-type]  # urllib3#3072
                redirect=False,
                assert_same_host=False,
                preload_content=False,
                decode_content=False,
                retries=self.max_retries,
                timeout=resolved_timeout,
                chunked=chunked,
            )

.venv/lib/python3.12/site-packages/requests/adapters.py:696: 
_ _ _ _ _ _ _ _ _ _ _ _ _ _ _ _ _ _ _ _ _ _ _ _ _ _ _ _ _ _ _ _ _ _ _ _ _ _ _ _ 
.venv/lib/python3.12/site-packages/urllib3/connectionpool.py:842: in urlopen
    retries = retries.increment(
_ _ _ _ _ _ _ _ _ _ _ _ _ _ _ _ _ _ _ _ _ _ _ _ _ _ _ _ _ _ _ _ _ _ _ _ _ _ _ _ 

self = Retry(total=0, connect=None, read=False, redirect=None, status=None)
method = 'POST', url = '/app/space/create', response = None
error = NewConnectionError("HTTPConnection(host='localhost', port=3210): Failed to establish a new connection: [Errno 61] Connection refused")
_pool = <urllib3.connectionpool.HTTPConnectionPool object at 0x108ca8ad0>
_stacktrace = <traceback object at 0x10950ae80>

    def increment(
        self,
        method: str | None = None,
        url: str | None = None,
        response: BaseHTTPResponse | None = None,
        error: Exception | None = None,
        _pool: ConnectionPool | None = None,
        _stacktrace: TracebackType | None = None,
    ) -> Self:
        """Return a new Retry object with incremented retry counters.
    
        :param response: A response object, or None, if the server did not
            return a response.
        :type response: :class:`~urllib3.response.BaseHTTPResponse`
        :param Exception error: An error encountered during the request, or
            None if the response was received successfully.
    
        :return: A new ``Retry`` object.
        """
        if self.total is False and error:
            # Disabled, indicate to re-raise the error.
            raise reraise(type(error), error, _stacktrace)
    
        total = self.total
        if total is not None:
            total -= 1
    
        connect = self.connect
        read = self.read
        redirect = self.redirect
        status_count = self.status
        other = self.other
        cause = "unknown"
        status = None
        redirect_location = None
    
        if error and self._is_connection_error(error):
            # Connect retry?
            if connect is False:
                raise reraise(type(error), error, _stacktrace)
            elif connect is not None:
                connect -= 1
    
        elif error and self._is_read_error(error):
            # Read retry?
            if read is False or method is None or not self._is_method_retryable(method):
                raise reraise(type(error), error, _stacktrace)
            elif read is not None:
                read -= 1
    
        elif error:
            # Other retry?
            if other is not None:
                other -= 1
    
        elif response and response.get_redirect_location():
            # Redirect retry?
            if redirect is not None:
                redirect -= 1
            cause = "too many redirects"
            response_redirect_location = response.get_redirect_location()
            if response_redirect_location:
                redirect_location = response_redirect_location
            status = response.status
    
        else:
            # Incrementing because of a server error like a 500 in
            # status_forcelist and the given method is in the allowed_methods
            cause = ResponseError.GENERIC_ERROR
            if response and response.status:
                if status_count is not None:
                    status_count -= 1
                cause = ResponseError.SPECIFIC_ERROR.format(status_code=response.status)
                status = response.status
    
        history = self.history + (
            RequestHistory(method, url, error, status, redirect_location),
        )
    
        new_retry = self.new(
            total=total,
            connect=connect,
            read=read,
            redirect=redirect,
            status=status_count,
            other=other,
            history=history,
        )
    
        if new_retry.is_exhausted():
            reason = error or ResponseError(cause)
>           raise MaxRetryError(_pool, url, reason) from reason  # type: ignore[arg-type]
            ^^^^^^^^^^^^^^^^^^^^^^^^^^^^^^^^^^^^^^^^^^^^^^^^^^^
E           urllib3.exceptions.MaxRetryError: HTTPConnectionPool(host='localhost', port=3210): Max retries exceeded with url: /app/space/create (Caused by NewConnectionError("HTTPConnection(host='localhost', port=3210): Failed to establish a new connection: [Errno 61] Connection refused"))

.venv/lib/python3.12/site-packages/urllib3/util/retry.py:543: MaxRetryError

During handling of the above exception, another exception occurred:

    @pytest.fixture(scope="module")
    def espace_jetable() -> str:
        """Un espace à deux membres : DevCoach administrateur, E2E Coach 01 membre.
    
        Les dix autres coachs semés en sont absents : ce sont les candidats.
        """
        nom = f"E2E AjoutDirect {time.time_ns()}"
>       r = requests.post(
            f"{BASE_URL}/app/space/create",
            data={"space_name": nom, "logo_url": LOGO},
            headers={"HX-Request": "true", "Content-Type": FORM_URLENCODED},
            timeout=15,
        )

test_space_admin_ajout_direct.py:45: 
_ _ _ _ _ _ _ _ _ _ _ _ _ _ _ _ _ _ _ _ _ _ _ _ _ _ _ _ _ _ _ _ _ _ _ _ _ _ _ _ 
.venv/lib/python3.12/site-packages/requests/api.py:134: in post
    return request("post", url, data=data, json=json, **kwargs)
           ^^^^^^^^^^^^^^^^^^^^^^^^^^^^^^^^^^^^^^^^^^^^^^^^^^^^
.venv/lib/python3.12/site-packages/requests/api.py:71: in request
    return session.request(method=method, url=url, **kwargs)
           ^^^^^^^^^^^^^^^^^^^^^^^^^^^^^^^^^^^^^^^^^^^^^^^^^
.venv/lib/python3.12/site-packages/requests/sessions.py:651: in request
    resp = self.send(prep, **send_kwargs)
           ^^^^^^^^^^^^^^^^^^^^^^^^^^^^^^
.venv/lib/python3.12/site-packages/requests/sessions.py:784: in send
    r = adapter.send(request, **kwargs)
        ^^^^^^^^^^^^^^^^^^^^^^^^^^^^^^^
_ _ _ _ _ _ _ _ _ _ _ _ _ _ _ _ _ _ _ _ _ _ _ _ _ _ _ _ _ _ _ _ _ _ _ _ _ _ _ _ 

self = <requests.adapters.HTTPAdapter object at 0x108caa7b0>
request = <PreparedRequest [POST]>, stream = False, timeout = 15, verify = True
cert = None, proxies = OrderedDict()

    def send(
        self,
        request: PreparedRequest,
        stream: bool = False,
        timeout: _t.TimeoutType = None,
        verify: _t.VerifyType = True,
        cert: _t.CertType = None,
        proxies: dict[str, str] | None = None,
    ) -> Response:
        """Sends PreparedRequest object. Returns Response object.
    
        :param request: The :class:`PreparedRequest <PreparedRequest>` being sent.
        :param stream: (optional) Whether to stream the request content.
        :param timeout: (optional) How long to wait for the server to send
            data before giving up, as a float, or a :ref:`(connect timeout,
            read timeout) <timeouts>` tuple.
        :type timeout: float or tuple or urllib3 Timeout object
        :param verify: (optional) Either a boolean, in which case it controls whether
            we verify the server's TLS certificate, or a string, in which case it
            must be a path to a CA bundle to use
        :param cert: (optional) Any user-provided SSL certificate to be trusted.
        :param proxies: (optional) The proxies dictionary to apply to the request.
        :rtype: requests.Response
        """
    
        assert _is_prepared(request)
    
        try:
            conn = self.get_connection_with_tls_context(
                request, verify, proxies=proxies, cert=cert
            )
        except LocationValueError as e:
            raise InvalidURL(e, request=request)
    
        self.cert_verify(conn, request.url, verify, cert)
        url = self.request_url(request, proxies)
        self.add_headers(
            request,
            stream=stream,
            timeout=timeout,
            verify=verify,
            cert=cert,
            proxies=proxies,
        )
    
        chunked = not (request.body is None or "Content-Length" in request.headers)
    
        if isinstance(timeout, tuple):
            try:
                connect, read = timeout
                resolved_timeout = TimeoutSauce(connect=connect, read=read)
            except ValueError:
                raise ValueError(
                    f"Invalid timeout {timeout}. Pass a (connect, read) timeout tuple, "
                    f"or a single float to set both timeouts to the same value."
                )
        elif isinstance(timeout, TimeoutSauce):
            resolved_timeout = timeout
        else:
            resolved_timeout = TimeoutSauce(connect=timeout, read=timeout)
    
        try:
            resp = conn.urlopen(
                method=request.method,
                url=url,
                body=request.body,  # type: ignore[arg-type]  # urllib3 stubs don't accept Iterable[bytes | str]
                headers=request.headers,  # type: ignore[arg-type]  # urllib3#3072
                redirect=False,
                assert_same_host=False,
                preload_content=False,
                decode_content=False,
                retries=self.max_retries,
                timeout=resolved_timeout,
                chunked=chunked,
            )
    
        except (ProtocolError, OSError) as err:
            raise ConnectionError(err, request=request)
    
        except MaxRetryError as e:
            if isinstance(e.reason, ConnectTimeoutError):
                # TODO: Remove this in 3.0.0: see #2811
                if not isinstance(e.reason, NewConnectionError):
                    raise ConnectTimeout(e, request=request)
    
            if isinstance(e.reason, ResponseError):
                raise RetryError(e, request=request)
    
            if isinstance(e.reason, _ProxyError):
                raise ProxyError(e, request=request)
    
            if isinstance(e.reason, _SSLError):
                # This branch is for urllib3 v1.22 and later.
                raise SSLError(e, request=request)
    
>           raise ConnectionError(e, request=request)
E           requests.exceptions.ConnectionError: HTTPConnectionPool(host='localhost', port=3210): Max retries exceeded with url: /app/space/create (Caused by NewConnectionError("HTTPConnection(host='localhost', port=3210): Failed to establish a new connection: [Errno 61] Connection refused"))

.venv/lib/python3.12/site-packages/requests/adapters.py:729: ConnectionError
_ ERROR at setup of test_retirer_depuis_le_journal_le_sort_de_l_espace[chromium] _

self = <HTTPConnection(host='localhost', port=3210) at 0x108caa2a0>

    def _new_conn(self) -> socket.socket:
        """Establish a socket connection and set nodelay settings on it.
    
        :return: New socket connection.
        """
        try:
>           sock = connection.create_connection(
                (self._dns_host, self.port),
                self.timeout,
                source_address=self.source_address,
                socket_options=self.socket_options,
            )

.venv/lib/python3.12/site-packages/urllib3/connection.py:204: 
_ _ _ _ _ _ _ _ _ _ _ _ _ _ _ _ _ _ _ _ _ _ _ _ _ _ _ _ _ _ _ _ _ _ _ _ _ _ _ _ 
.venv/lib/python3.12/site-packages/urllib3/util/connection.py:85: in create_connection
    raise err
_ _ _ _ _ _ _ _ _ _ _ _ _ _ _ _ _ _ _ _ _ _ _ _ _ _ _ _ _ _ _ _ _ _ _ _ _ _ _ _ 

address = ('localhost', 3210), timeout = 15, source_address = None
socket_options = [(6, 1, 1)]

    def create_connection(
        address: tuple[str, int],
        timeout: _TYPE_TIMEOUT = _DEFAULT_TIMEOUT,
        source_address: tuple[str, int] | None = None,
        socket_options: _TYPE_SOCKET_OPTIONS | None = None,
    ) -> socket.socket:
        """Connect to *address* and return the socket object.
    
        Convenience function.  Connect to *address* (a 2-tuple ``(host,
        port)``) and return the socket object.  Passing the optional
        *timeout* parameter will set the timeout on the socket instance
        before attempting to connect.  If no *timeout* is supplied, the
        global default timeout setting returned by :func:`socket.getdefaulttimeout`
        is used.  If *source_address* is set it must be a tuple of (host, port)
        for the socket to bind as a source address before making the connection.
        An host of '' or port 0 tells the OS to use the default.
        """
    
        host, port = address
        if host.startswith("["):
            host = host.strip("[]")
        err = None
    
        # Using the value from allowed_gai_family() in the context of getaddrinfo lets
        # us select whether to work with IPv4 DNS records, IPv6 records, or both.
        # The original create_connection function always returns all records.
        family = allowed_gai_family()
    
        try:
            host.encode("idna")
        except UnicodeError:
            raise LocationParseError(f"'{host}', label empty or too long") from None
    
        for res in socket.getaddrinfo(host, port, family, socket.SOCK_STREAM):
            af, socktype, proto, canonname, sa = res
            sock = None
            try:
                sock = socket.socket(af, socktype, proto)
    
                # If provided, set socket level options before connecting.
                _set_socket_options(sock, socket_options)
    
                if timeout is not _DEFAULT_TIMEOUT:
                    sock.settimeout(timeout)
                if source_address:
                    sock.bind(source_address)
>               sock.connect(sa)
E               ConnectionRefusedError: [Errno 61] Connection refused

.venv/lib/python3.12/site-packages/urllib3/util/connection.py:73: ConnectionRefusedError

The above exception was the direct cause of the following exception:

self = <urllib3.connectionpool.HTTPConnectionPool object at 0x108ca8ad0>
method = 'POST', url = '/app/space/create'
body = 'space_name=E2E+AjoutDirect+1789045327099950000&logo_url=https%3A%2F%2Fres.cloudinary.com%2Fdemo%2Fimage%2Fupload%2Fsample.jpg'
headers = {'User-Agent': 'python-requests/2.34.2', 'Accept-Encoding': 'gzip, deflate', 'Accept': '*/*', 'Connection': 'keep-alive', 'HX-Request': 'true', 'Content-Type': 'application/x-www-form-urlencoded', 'Content-Length': '125'}
retries = Retry(total=0, connect=None, read=False, redirect=None, status=None)
redirect = False, assert_same_host = False
timeout = Timeout(connect=15, read=15, total=None), pool_timeout = None
release_conn = False, chunked = False, body_pos = None, preload_content = False
decode_content = False, response_kw = {}

    def urlopen(  # type: ignore[override]
        self,
        method: str,
        url: str,
        body: _TYPE_BODY | None = None,
        headers: typing.Mapping[str, str] | None = None,
        retries: Retry | bool | int | None = None,
        redirect: bool = True,
        assert_same_host: bool = True,
        timeout: _TYPE_TIMEOUT = _DEFAULT_TIMEOUT,
        pool_timeout: int | None = None,
        release_conn: bool | None = None,
        chunked: bool = False,
        body_pos: _TYPE_BODY_POSITION | None = None,
        preload_content: bool = True,
        decode_content: bool = True,
        **response_kw: typing.Any,
    ) -> BaseHTTPResponse:
        """
        Get a connection from the pool and perform an HTTP request. This is the
        lowest level call for making a request, so you'll need to specify all
        the raw details.
    
        .. note::
    
           More commonly, it's appropriate to use a convenience method
           such as :meth:`request`.
    
        .. note::
    
           `release_conn` will only behave as expected if
           `preload_content=False` because we want to make
           `preload_content=False` the default behaviour someday soon without
           breaking backwards compatibility.
    
        :param method:
            HTTP request method (such as GET, POST, PUT, etc.)
    
        :param url:
            The URL to perform the request on.
    
        :param body:
            Data to send in the request body, either :class:`str`, :class:`bytes`,
            an iterable of :class:`str`/:class:`bytes`, or a file-like object.
    
        :param headers:
            Dictionary of custom headers to send, such as User-Agent,
            If-None-Match, etc. If None, pool headers are used. If provided,
            these headers completely replace any pool-specific headers.
    
        :param retries:
            Configure the number of retries to allow before raising a
            :class:`~urllib3.exceptions.MaxRetryError` exception.
    
            If ``None`` (default) will retry 3 times, see ``Retry.DEFAULT``. Pass a
            :class:`~urllib3.util.retry.Retry` object for fine-grained control
            over different types of retries.
            Pass an integer number to retry connection errors that many times,
            but no other types of errors. Pass zero to never retry.
    
            If ``False``, then retries are disabled and any exception is raised
            immediately. Also, instead of raising a MaxRetryError on redirects,
            the redirect response will be returned.
    
        :type retries: :class:`~urllib3.util.retry.Retry`, False, or an int.
    
        :param redirect:
            If True, automatically handle redirects (status codes 301, 302,
            303, 307, 308). Each redirect counts as a retry. Disabling retries
            will disable redirect, too.
    
        :param assert_same_host:
            If ``True``, will make sure that the host of the pool requests is
            consistent else will raise HostChangedError. When ``False``, you can
            use the pool on an HTTP proxy and request foreign hosts.
    
        :param timeout:
            If specified, overrides the default timeout for this one
            request. It may be a float (in seconds) or an instance of
            :class:`urllib3.util.Timeout`.
    
        :param pool_timeout:
            If set and the pool is set to block=True, then this method will
            block for ``pool_timeout`` seconds and raise EmptyPoolError if no
            connection is available within the time period.
    
        :param bool preload_content:
            If True, the response's body will be preloaded into memory.
    
        :param bool decode_content:
            If True, will attempt to decode the body based on the
            'content-encoding' header.
    
        :param release_conn:
            If False, then the urlopen call will not release the connection
            back into the pool once a response is received (but will release if
            you read the entire contents of the response such as when
            `preload_content=True`). This is useful if you're not preloading
            the response's content immediately. You will need to call
            ``r.release_conn()`` on the response ``r`` to return the connection
            back into the pool. If None, it takes the value of ``preload_content``
            which defaults to ``True``.
    
        :param bool chunked:
            If True, urllib3 will send the body using chunked transfer
            encoding. Otherwise, urllib3 will send the body using the standard
            content-length form. Defaults to False.
    
        :param int body_pos:
            Position to seek to in file-like body in the event of a retry or
            redirect. Typically this won't need to be set because urllib3 will
            auto-populate the value when needed.
        """
        # Ensure that the URL we're connecting to is properly encoded
        if url.startswith("/"):
            # URLs starting with / are inherently schemeless.
            url = to_str(_encode_target(url))
            destination_scheme = None
        else:
            parsed_url = parse_url(url)
            destination_scheme = parsed_url.scheme
            url = to_str(parsed_url.url)
    
        if headers is None:
            headers = self.headers
    
        if not isinstance(retries, Retry):
            retries = Retry.from_int(retries, redirect=redirect, default=self.retries)
    
        if release_conn is None:
            release_conn = preload_content
    
        # Check host
        if assert_same_host and not self.is_same_host(url):
            raise HostChangedError(self, url, retries)
    
        conn = None
    
        # Track whether `conn` needs to be released before
        # returning/raising/recursing. Update this variable if necessary, and
        # leave `release_conn` constant throughout the function. That way, if
        # the function recurses, the original value of `release_conn` will be
        # passed down into the recursive call, and its value will be respected.
        #
        # See issue #651 [1] for details.
        #
        # [1] <https://github.com/urllib3/urllib3/issues/651>
        release_this_conn = release_conn
    
        http_tunnel_required = connection_requires_http_tunnel(
            self.proxy, self.proxy_config, destination_scheme
        )
    
        # Merge the proxy headers. Only done when not using HTTP CONNECT. We
        # have to copy the headers dict so we can safely change it without those
        # changes being reflected in anyone else's copy.
        if not http_tunnel_required:
            headers = headers.copy()  # type: ignore[attr-defined]
            headers.update(self.proxy_headers)  # type: ignore[union-attr]
    
        # Must keep the exception bound to a separate variable or else Python 3
        # complains about UnboundLocalError.
        err = None
    
        # Keep track of whether we cleanly exited the except block. This
        # ensures we do proper cleanup in finally.
        clean_exit = False
    
        # Rewind body position, if needed. Record current position
        # for future rewinds in the event of a redirect/retry.
        body_pos = set_file_position(body, body_pos)
    
        try:
            # Request a connection from the queue.
            timeout_obj = self._get_timeout(timeout)
            conn = self._get_conn(timeout=pool_timeout)
    
            conn.timeout = timeout_obj.connect_timeout  # type: ignore[assignment]
    
            # Is this a closed/new connection that requires CONNECT tunnelling?
            if self.proxy is not None and http_tunnel_required and conn.is_closed:
                try:
                    self._prepare_proxy(conn)
                except (BaseSSLError, OSError, SocketTimeout) as e:
                    self._raise_timeout(
                        err=e, url=self.proxy.url, timeout_value=conn.timeout
                    )
                    raise
    
            # If we're going to release the connection in ``finally:``, then
            # the response doesn't need to know about the connection. Otherwise
            # it will also try to release it and we'll have a double-release
            # mess.
            response_conn = conn if not release_conn else None
    
            # Make the request on the HTTPConnection object
>           response = self._make_request(
                conn,
                method,
                url,
                timeout=timeout_obj,
                body=body,
                headers=headers,
                chunked=chunked,
                retries=retries,
                response_conn=response_conn,
                preload_content=preload_content,
                decode_content=decode_content,
                **response_kw,
            )

.venv/lib/python3.12/site-packages/urllib3/connectionpool.py:788: 
_ _ _ _ _ _ _ _ _ _ _ _ _ _ _ _ _ _ _ _ _ _ _ _ _ _ _ _ _ _ _ _ _ _ _ _ _ _ _ _ 
.venv/lib/python3.12/site-packages/urllib3/connectionpool.py:493: in _make_request
    conn.request(
.venv/lib/python3.12/site-packages/urllib3/connection.py:500: in request
    self.endheaders()
/Users/bagouze/.local/share/uv/python/cpython-3.12.13-macos-aarch64-none/lib/python3.12/http/client.py:1353: in endheaders
    self._send_output(message_body, encode_chunked=encode_chunked)
/Users/bagouze/.local/share/uv/python/cpython-3.12.13-macos-aarch64-none/lib/python3.12/http/client.py:1113: in _send_output
    self.send(msg)
/Users/bagouze/.local/share/uv/python/cpython-3.12.13-macos-aarch64-none/lib/python3.12/http/client.py:1057: in send
    self.connect()
.venv/lib/python3.12/site-packages/urllib3/connection.py:331: in connect
    self.sock = self._new_conn()
                ^^^^^^^^^^^^^^^^
_ _ _ _ _ _ _ _ _ _ _ _ _ _ _ _ _ _ _ _ _ _ _ _ _ _ _ _ _ _ _ _ _ _ _ _ _ _ _ _ 

self = <HTTPConnection(host='localhost', port=3210) at 0x108caa2a0>

    def _new_conn(self) -> socket.socket:
        """Establish a socket connection and set nodelay settings on it.
    
        :return: New socket connection.
        """
        try:
            sock = connection.create_connection(
                (self._dns_host, self.port),
                self.timeout,
                source_address=self.source_address,
                socket_options=self.socket_options,
            )
        except socket.gaierror as e:
            raise NameResolutionError(self.host, self, e) from e
        except SocketTimeout as e:
            raise ConnectTimeoutError(
                self,
                f"Connection to {self.host} timed out. (connect timeout={self.timeout})",
            ) from e
    
        except OSError as e:
>           raise NewConnectionError(
                self, f"Failed to establish a new connection: {e}"
            ) from e
E           urllib3.exceptions.NewConnectionError: HTTPConnection(host='localhost', port=3210): Failed to establish a new connection: [Errno 61] Connection refused

.venv/lib/python3.12/site-packages/urllib3/connection.py:219: NewConnectionError

The above exception was the direct cause of the following exception:

self = <requests.adapters.HTTPAdapter object at 0x108caa7b0>
request = <PreparedRequest [POST]>, stream = False, timeout = 15, verify = True
cert = None, proxies = OrderedDict()

    def send(
        self,
        request: PreparedRequest,
        stream: bool = False,
        timeout: _t.TimeoutType = None,
        verify: _t.VerifyType = True,
        cert: _t.CertType = None,
        proxies: dict[str, str] | None = None,
    ) -> Response:
        """Sends PreparedRequest object. Returns Response object.
    
        :param request: The :class:`PreparedRequest <PreparedRequest>` being sent.
        :param stream: (optional) Whether to stream the request content.
        :param timeout: (optional) How long to wait for the server to send
            data before giving up, as a float, or a :ref:`(connect timeout,
            read timeout) <timeouts>` tuple.
        :type timeout: float or tuple or urllib3 Timeout object
        :param verify: (optional) Either a boolean, in which case it controls whether
            we verify the server's TLS certificate, or a string, in which case it
            must be a path to a CA bundle to use
        :param cert: (optional) Any user-provided SSL certificate to be trusted.
        :param proxies: (optional) The proxies dictionary to apply to the request.
        :rtype: requests.Response
        """
    
        assert _is_prepared(request)
    
        try:
            conn = self.get_connection_with_tls_context(
                request, verify, proxies=proxies, cert=cert
            )
        except LocationValueError as e:
            raise InvalidURL(e, request=request)
    
        self.cert_verify(conn, request.url, verify, cert)
        url = self.request_url(request, proxies)
        self.add_headers(
            request,
            stream=stream,
            timeout=timeout,
            verify=verify,
            cert=cert,
            proxies=proxies,
        )
    
        chunked = not (request.body is None or "Content-Length" in request.headers)
    
        if isinstance(timeout, tuple):
            try:
                connect, read = timeout
                resolved_timeout = TimeoutSauce(connect=connect, read=read)
            except ValueError:
                raise ValueError(
                    f"Invalid timeout {timeout}. Pass a (connect, read) timeout tuple, "
                    f"or a single float to set both timeouts to the same value."
                )
        elif isinstance(timeout, TimeoutSauce):
            resolved_timeout = timeout
        else:
            resolved_timeout = TimeoutSauce(connect=timeout, read=timeout)
    
        try:
>           resp = conn.urlopen(
                method=request.method,
                url=url,
                body=request.body,  # type: ignore[arg-type]  # urllib3 stubs don't accept Iterable[bytes | str]
                headers=request.headers,  # type: ignore[arg-type]  # urllib3#3072
                redirect=False,
                assert_same_host=False,
                preload_content=False,
                decode_content=False,
                retries=self.max_retries,
                timeout=resolved_timeout,
                chunked=chunked,
            )

.venv/lib/python3.12/site-packages/requests/adapters.py:696: 
_ _ _ _ _ _ _ _ _ _ _ _ _ _ _ _ _ _ _ _ _ _ _ _ _ _ _ _ _ _ _ _ _ _ _ _ _ _ _ _ 
.venv/lib/python3.12/site-packages/urllib3/connectionpool.py:842: in urlopen
    retries = retries.increment(
_ _ _ _ _ _ _ _ _ _ _ _ _ _ _ _ _ _ _ _ _ _ _ _ _ _ _ _ _ _ _ _ _ _ _ _ _ _ _ _ 

self = Retry(total=0, connect=None, read=False, redirect=None, status=None)
method = 'POST', url = '/app/space/create', response = None
error = NewConnectionError("HTTPConnection(host='localhost', port=3210): Failed to establish a new connection: [Errno 61] Connection refused")
_pool = <urllib3.connectionpool.HTTPConnectionPool object at 0x108ca8ad0>
_stacktrace = <traceback object at 0x10950ae80>

    def increment(
        self,
        method: str | None = None,
        url: str | None = None,
        response: BaseHTTPResponse | None = None,
        error: Exception | None = None,
        _pool: ConnectionPool | None = None,
        _stacktrace: TracebackType | None = None,
    ) -> Self:
        """Return a new Retry object with incremented retry counters.
    
        :param response: A response object, or None, if the server did not
            return a response.
        :type response: :class:`~urllib3.response.BaseHTTPResponse`
        :param Exception error: An error encountered during the request, or
            None if the response was received successfully.
    
        :return: A new ``Retry`` object.
        """
        if self.total is False and error:
            # Disabled, indicate to re-raise the error.
            raise reraise(type(error), error, _stacktrace)
    
        total = self.total
        if total is not None:
            total -= 1
    
        connect = self.connect
        read = self.read
        redirect = self.redirect
        status_count = self.status
        other = self.other
        cause = "unknown"
        status = None
        redirect_location = None
    
        if error and self._is_connection_error(error):
            # Connect retry?
            if connect is False:
                raise reraise(type(error), error, _stacktrace)
            elif connect is not None:
                connect -= 1
    
        elif error and self._is_read_error(error):
            # Read retry?
            if read is False or method is None or not self._is_method_retryable(method):
                raise reraise(type(error), error, _stacktrace)
            elif read is not None:
                read -= 1
    
        elif error:
            # Other retry?
            if other is not None:
                other -= 1
    
        elif response and response.get_redirect_location():
            # Redirect retry?
            if redirect is not None:
                redirect -= 1
            cause = "too many redirects"
            response_redirect_location = response.get_redirect_location()
            if response_redirect_location:
                redirect_location = response_redirect_location
            status = response.status
    
        else:
            # Incrementing because of a server error like a 500 in
            # status_forcelist and the given method is in the allowed_methods
            cause = ResponseError.GENERIC_ERROR
            if response and response.status:
                if status_count is not None:
                    status_count -= 1
                cause = ResponseError.SPECIFIC_ERROR.format(status_code=response.status)
                status = response.status
    
        history = self.history + (
            RequestHistory(method, url, error, status, redirect_location),
        )
    
        new_retry = self.new(
            total=total,
            connect=connect,
            read=read,
            redirect=redirect,
            status=status_count,
            other=other,
            history=history,
        )
    
        if new_retry.is_exhausted():
            reason = error or ResponseError(cause)
>           raise MaxRetryError(_pool, url, reason) from reason  # type: ignore[arg-type]
            ^^^^^^^^^^^^^^^^^^^^^^^^^^^^^^^^^^^^^^^^^^^^^^^^^^^
E           urllib3.exceptions.MaxRetryError: HTTPConnectionPool(host='localhost', port=3210): Max retries exceeded with url: /app/space/create (Caused by NewConnectionError("HTTPConnection(host='localhost', port=3210): Failed to establish a new connection: [Errno 61] Connection refused"))

.venv/lib/python3.12/site-packages/urllib3/util/retry.py:543: MaxRetryError

During handling of the above exception, another exception occurred:

    @pytest.fixture(scope="module")
    def espace_jetable() -> str:
        """Un espace à deux membres : DevCoach administrateur, E2E Coach 01 membre.
    
        Les dix autres coachs semés en sont absents : ce sont les candidats.
        """
        nom = f"E2E AjoutDirect {time.time_ns()}"
>       r = requests.post(
            f"{BASE_URL}/app/space/create",
            data={"space_name": nom, "logo_url": LOGO},
            headers={"HX-Request": "true", "Content-Type": FORM_URLENCODED},
            timeout=15,
        )

test_space_admin_ajout_direct.py:45: 
_ _ _ _ _ _ _ _ _ _ _ _ _ _ _ _ _ _ _ _ _ _ _ _ _ _ _ _ _ _ _ _ _ _ _ _ _ _ _ _ 
.venv/lib/python3.12/site-packages/requests/api.py:134: in post
    return request("post", url, data=data, json=json, **kwargs)
           ^^^^^^^^^^^^^^^^^^^^^^^^^^^^^^^^^^^^^^^^^^^^^^^^^^^^
.venv/lib/python3.12/site-packages/requests/api.py:71: in request
    return session.request(method=method, url=url, **kwargs)
           ^^^^^^^^^^^^^^^^^^^^^^^^^^^^^^^^^^^^^^^^^^^^^^^^^
.venv/lib/python3.12/site-packages/requests/sessions.py:651: in request
    resp = self.send(prep, **send_kwargs)
           ^^^^^^^^^^^^^^^^^^^^^^^^^^^^^^
.venv/lib/python3.12/site-packages/requests/sessions.py:784: in send
    r = adapter.send(request, **kwargs)
        ^^^^^^^^^^^^^^^^^^^^^^^^^^^^^^^
_ _ _ _ _ _ _ _ _ _ _ _ _ _ _ _ _ _ _ _ _ _ _ _ _ _ _ _ _ _ _ _ _ _ _ _ _ _ _ _ 

self = <requests.adapters.HTTPAdapter object at 0x108caa7b0>
request = <PreparedRequest [POST]>, stream = False, timeout = 15, verify = True
cert = None, proxies = OrderedDict()

    def send(
        self,
        request: PreparedRequest,
        stream: bool = False,
        timeout: _t.TimeoutType = None,
        verify: _t.VerifyType = True,
        cert: _t.CertType = None,
        proxies: dict[str, str] | None = None,
    ) -> Response:
        """Sends PreparedRequest object. Returns Response object.
    
        :param request: The :class:`PreparedRequest <PreparedRequest>` being sent.
        :param stream: (optional) Whether to stream the request content.
        :param timeout: (optional) How long to wait for the server to send
            data before giving up, as a float, or a :ref:`(connect timeout,
            read timeout) <timeouts>` tuple.
        :type timeout: float or tuple or urllib3 Timeout object
        :param verify: (optional) Either a boolean, in which case it controls whether
            we verify the server's TLS certificate, or a string, in which case it
            must be a path to a CA bundle to use
        :param cert: (optional) Any user-provided SSL certificate to be trusted.
        :param proxies: (optional) The proxies dictionary to apply to the request.
        :rtype: requests.Response
        """
    
        assert _is_prepared(request)
    
        try:
            conn = self.get_connection_with_tls_context(
                request, verify, proxies=proxies, cert=cert
            )
        except LocationValueError as e:
            raise InvalidURL(e, request=request)
    
        self.cert_verify(conn, request.url, verify, cert)
        url = self.request_url(request, proxies)
        self.add_headers(
            request,
            stream=stream,
            timeout=timeout,
            verify=verify,
            cert=cert,
            proxies=proxies,
        )
    
        chunked = not (request.body is None or "Content-Length" in request.headers)
    
        if isinstance(timeout, tuple):
            try:
                connect, read = timeout
                resolved_timeout = TimeoutSauce(connect=connect, read=read)
            except ValueError:
                raise ValueError(
                    f"Invalid timeout {timeout}. Pass a (connect, read) timeout tuple, "
                    f"or a single float to set both timeouts to the same value."
                )
        elif isinstance(timeout, TimeoutSauce):
            resolved_timeout = timeout
        else:
            resolved_timeout = TimeoutSauce(connect=timeout, read=timeout)
    
        try:
            resp = conn.urlopen(
                method=request.method,
                url=url,
                body=request.body,  # type: ignore[arg-type]  # urllib3 stubs don't accept Iterable[bytes | str]
                headers=request.headers,  # type: ignore[arg-type]  # urllib3#3072
                redirect=False,
                assert_same_host=False,
                preload_content=False,
                decode_content=False,
                retries=self.max_retries,
                timeout=resolved_timeout,
                chunked=chunked,
            )
    
        except (ProtocolError, OSError) as err:
            raise ConnectionError(err, request=request)
    
        except MaxRetryError as e:
            if isinstance(e.reason, ConnectTimeoutError):
                # TODO: Remove this in 3.0.0: see #2811
                if not isinstance(e.reason, NewConnectionError):
                    raise ConnectTimeout(e, request=request)
    
            if isinstance(e.reason, ResponseError):
                raise RetryError(e, request=request)
    
            if isinstance(e.reason, _ProxyError):
                raise ProxyError(e, request=request)
    
            if isinstance(e.reason, _SSLError):
                # This branch is for urllib3 v1.22 and later.
                raise SSLError(e, request=request)
    
>           raise ConnectionError(e, request=request)
E           requests.exceptions.ConnectionError: HTTPConnectionPool(host='localhost', port=3210): Max retries exceeded with url: /app/space/create (Caused by NewConnectionError("HTTPConnection(host='localhost', port=3210): Failed to establish a new connection: [Errno 61] Connection refused"))

.venv/lib/python3.12/site-packages/requests/adapters.py:729: ConnectionError
_ ERROR at setup of test_creer_un_compte_et_ajouter_de_bout_en_bout[chromium] __

self = <HTTPConnection(host='localhost', port=3210) at 0x108caa2a0>

    def _new_conn(self) -> socket.socket:
        """Establish a socket connection and set nodelay settings on it.
    
        :return: New socket connection.
        """
        try:
>           sock = connection.create_connection(
                (self._dns_host, self.port),
                self.timeout,
                source_address=self.source_address,
                socket_options=self.socket_options,
            )

.venv/lib/python3.12/site-packages/urllib3/connection.py:204: 
_ _ _ _ _ _ _ _ _ _ _ _ _ _ _ _ _ _ _ _ _ _ _ _ _ _ _ _ _ _ _ _ _ _ _ _ _ _ _ _ 
.venv/lib/python3.12/site-packages/urllib3/util/connection.py:85: in create_connection
    raise err
_ _ _ _ _ _ _ _ _ _ _ _ _ _ _ _ _ _ _ _ _ _ _ _ _ _ _ _ _ _ _ _ _ _ _ _ _ _ _ _ 

address = ('localhost', 3210), timeout = 15, source_address = None
socket_options = [(6, 1, 1)]

    def create_connection(
        address: tuple[str, int],
        timeout: _TYPE_TIMEOUT = _DEFAULT_TIMEOUT,
        source_address: tuple[str, int] | None = None,
        socket_options: _TYPE_SOCKET_OPTIONS | None = None,
    ) -> socket.socket:
        """Connect to *address* and return the socket object.
    
        Convenience function.  Connect to *address* (a 2-tuple ``(host,
        port)``) and return the socket object.  Passing the optional
        *timeout* parameter will set the timeout on the socket instance
        before attempting to connect.  If no *timeout* is supplied, the
        global default timeout setting returned by :func:`socket.getdefaulttimeout`
        is used.  If *source_address* is set it must be a tuple of (host, port)
        for the socket to bind as a source address before making the connection.
        An host of '' or port 0 tells the OS to use the default.
        """
    
        host, port = address
        if host.startswith("["):
            host = host.strip("[]")
        err = None
    
        # Using the value from allowed_gai_family() in the context of getaddrinfo lets
        # us select whether to work with IPv4 DNS records, IPv6 records, or both.
        # The original create_connection function always returns all records.
        family = allowed_gai_family()
    
        try:
            host.encode("idna")
        except UnicodeError:
            raise LocationParseError(f"'{host}', label empty or too long") from None
    
        for res in socket.getaddrinfo(host, port, family, socket.SOCK_STREAM):
            af, socktype, proto, canonname, sa = res
            sock = None
            try:
                sock = socket.socket(af, socktype, proto)
    
                # If provided, set socket level options before connecting.
                _set_socket_options(sock, socket_options)
    
                if timeout is not _DEFAULT_TIMEOUT:
                    sock.settimeout(timeout)
                if source_address:
                    sock.bind(source_address)
>               sock.connect(sa)
E               ConnectionRefusedError: [Errno 61] Connection refused

.venv/lib/python3.12/site-packages/urllib3/util/connection.py:73: ConnectionRefusedError

The above exception was the direct cause of the following exception:

self = <urllib3.connectionpool.HTTPConnectionPool object at 0x108ca8ad0>
method = 'POST', url = '/app/space/create'
body = 'space_name=E2E+AjoutDirect+1789045327099950000&logo_url=https%3A%2F%2Fres.cloudinary.com%2Fdemo%2Fimage%2Fupload%2Fsample.jpg'
headers = {'User-Agent': 'python-requests/2.34.2', 'Accept-Encoding': 'gzip, deflate', 'Accept': '*/*', 'Connection': 'keep-alive', 'HX-Request': 'true', 'Content-Type': 'application/x-www-form-urlencoded', 'Content-Length': '125'}
retries = Retry(total=0, connect=None, read=False, redirect=None, status=None)
redirect = False, assert_same_host = False
timeout = Timeout(connect=15, read=15, total=None), pool_timeout = None
release_conn = False, chunked = False, body_pos = None, preload_content = False
decode_content = False, response_kw = {}

    def urlopen(  # type: ignore[override]
        self,
        method: str,
        url: str,
        body: _TYPE_BODY | None = None,
        headers: typing.Mapping[str, str] | None = None,
        retries: Retry | bool | int | None = None,
        redirect: bool = True,
        assert_same_host: bool = True,
        timeout: _TYPE_TIMEOUT = _DEFAULT_TIMEOUT,
        pool_timeout: int | None = None,
        release_conn: bool | None = None,
        chunked: bool = False,
        body_pos: _TYPE_BODY_POSITION | None = None,
        preload_content: bool = True,
        decode_content: bool = True,
        **response_kw: typing.Any,
    ) -> BaseHTTPResponse:
        """
        Get a connection from the pool and perform an HTTP request. This is the
        lowest level call for making a request, so you'll need to specify all
        the raw details.
    
        .. note::
    
           More commonly, it's appropriate to use a convenience method
           such as :meth:`request`.
    
        .. note::
    
           `release_conn` will only behave as expected if
           `preload_content=False` because we want to make
           `preload_content=False` the default behaviour someday soon without
           breaking backwards compatibility.
    
        :param method:
            HTTP request method (such as GET, POST, PUT, etc.)
    
        :param url:
            The URL to perform the request on.
    
        :param body:
            Data to send in the request body, either :class:`str`, :class:`bytes`,
            an iterable of :class:`str`/:class:`bytes`, or a file-like object.
    
        :param headers:
            Dictionary of custom headers to send, such as User-Agent,
            If-None-Match, etc. If None, pool headers are used. If provided,
            these headers completely replace any pool-specific headers.
    
        :param retries:
            Configure the number of retries to allow before raising a
            :class:`~urllib3.exceptions.MaxRetryError` exception.
    
            If ``None`` (default) will retry 3 times, see ``Retry.DEFAULT``. Pass a
            :class:`~urllib3.util.retry.Retry` object for fine-grained control
            over different types of retries.
            Pass an integer number to retry connection errors that many times,
            but no other types of errors. Pass zero to never retry.
    
            If ``False``, then retries are disabled and any exception is raised
            immediately. Also, instead of raising a MaxRetryError on redirects,
            the redirect response will be returned.
    
        :type retries: :class:`~urllib3.util.retry.Retry`, False, or an int.
    
        :param redirect:
            If True, automatically handle redirects (status codes 301, 302,
            303, 307, 308). Each redirect counts as a retry. Disabling retries
            will disable redirect, too.
    
        :param assert_same_host:
            If ``True``, will make sure that the host of the pool requests is
            consistent else will raise HostChangedError. When ``False``, you can
            use the pool on an HTTP proxy and request foreign hosts.
    
        :param timeout:
            If specified, overrides the default timeout for this one
            request. It may be a float (in seconds) or an instance of
            :class:`urllib3.util.Timeout`.
    
        :param pool_timeout:
            If set and the pool is set to block=True, then this method will
            block for ``pool_timeout`` seconds and raise EmptyPoolError if no
            connection is available within the time period.
    
        :param bool preload_content:
            If True, the response's body will be preloaded into memory.
    
        :param bool decode_content:
            If True, will attempt to decode the body based on the
            'content-encoding' header.
    
        :param release_conn:
            If False, then the urlopen call will not release the connection
            back into the pool once a response is received (but will release if
            you read the entire contents of the response such as when
            `preload_content=True`). This is useful if you're not preloading
            the response's content immediately. You will need to call
            ``r.release_conn()`` on the response ``r`` to return the connection
            back into the pool. If None, it takes the value of ``preload_content``
            which defaults to ``True``.
    
        :param bool chunked:
            If True, urllib3 will send the body using chunked transfer
            encoding. Otherwise, urllib3 will send the body using the standard
            content-length form. Defaults to False.
    
        :param int body_pos:
            Position to seek to in file-like body in the event of a retry or
            redirect. Typically this won't need to be set because urllib3 will
            auto-populate the value when needed.
        """
        # Ensure that the URL we're connecting to is properly encoded
        if url.startswith("/"):
            # URLs starting with / are inherently schemeless.
            url = to_str(_encode_target(url))
            destination_scheme = None
        else:
            parsed_url = parse_url(url)
            destination_scheme = parsed_url.scheme
            url = to_str(parsed_url.url)
    
        if headers is None:
            headers = self.headers
    
        if not isinstance(retries, Retry):
            retries = Retry.from_int(retries, redirect=redirect, default=self.retries)
    
        if release_conn is None:
            release_conn = preload_content
    
        # Check host
        if assert_same_host and not self.is_same_host(url):
            raise HostChangedError(self, url, retries)
    
        conn = None
    
        # Track whether `conn` needs to be released before
        # returning/raising/recursing. Update this variable if necessary, and
        # leave `release_conn` constant throughout the function. That way, if
        # the function recurses, the original value of `release_conn` will be
        # passed down into the recursive call, and its value will be respected.
        #
        # See issue #651 [1] for details.
        #
        # [1] <https://github.com/urllib3/urllib3/issues/651>
        release_this_conn = release_conn
    
        http_tunnel_required = connection_requires_http_tunnel(
            self.proxy, self.proxy_config, destination_scheme
        )
    
        # Merge the proxy headers. Only done when not using HTTP CONNECT. We
        # have to copy the headers dict so we can safely change it without those
        # changes being reflected in anyone else's copy.
        if not http_tunnel_required:
            headers = headers.copy()  # type: ignore[attr-defined]
            headers.update(self.proxy_headers)  # type: ignore[union-attr]
    
        # Must keep the exception bound to a separate variable or else Python 3
        # complains about UnboundLocalError.
        err = None
    
        # Keep track of whether we cleanly exited the except block. This
        # ensures we do proper cleanup in finally.
        clean_exit = False
    
        # Rewind body position, if needed. Record current position
        # for future rewinds in the event of a redirect/retry.
        body_pos = set_file_position(body, body_pos)
    
        try:
            # Request a connection from the queue.
            timeout_obj = self._get_timeout(timeout)
            conn = self._get_conn(timeout=pool_timeout)
    
            conn.timeout = timeout_obj.connect_timeout  # type: ignore[assignment]
    
            # Is this a closed/new connection that requires CONNECT tunnelling?
            if self.proxy is not None and http_tunnel_required and conn.is_closed:
                try:
                    self._prepare_proxy(conn)
                except (BaseSSLError, OSError, SocketTimeout) as e:
                    self._raise_timeout(
                        err=e, url=self.proxy.url, timeout_value=conn.timeout
                    )
                    raise
    
            # If we're going to release the connection in ``finally:``, then
            # the response doesn't need to know about the connection. Otherwise
            # it will also try to release it and we'll have a double-release
            # mess.
            response_conn = conn if not release_conn else None
    
            # Make the request on the HTTPConnection object
>           response = self._make_request(
                conn,
                method,
                url,
                timeout=timeout_obj,
                body=body,
                headers=headers,
                chunked=chunked,
                retries=retries,
                response_conn=response_conn,
                preload_content=preload_content,
                decode_content=decode_content,
                **response_kw,
            )

.venv/lib/python3.12/site-packages/urllib3/connectionpool.py:788: 
_ _ _ _ _ _ _ _ _ _ _ _ _ _ _ _ _ _ _ _ _ _ _ _ _ _ _ _ _ _ _ _ _ _ _ _ _ _ _ _ 
.venv/lib/python3.12/site-packages/urllib3/connectionpool.py:493: in _make_request
    conn.request(
.venv/lib/python3.12/site-packages/urllib3/connection.py:500: in request
    self.endheaders()
/Users/bagouze/.local/share/uv/python/cpython-3.12.13-macos-aarch64-none/lib/python3.12/http/client.py:1353: in endheaders
    self._send_output(message_body, encode_chunked=encode_chunked)
/Users/bagouze/.local/share/uv/python/cpython-3.12.13-macos-aarch64-none/lib/python3.12/http/client.py:1113: in _send_output
    self.send(msg)
/Users/bagouze/.local/share/uv/python/cpython-3.12.13-macos-aarch64-none/lib/python3.12/http/client.py:1057: in send
    self.connect()
.venv/lib/python3.12/site-packages/urllib3/connection.py:331: in connect
    self.sock = self._new_conn()
                ^^^^^^^^^^^^^^^^
_ _ _ _ _ _ _ _ _ _ _ _ _ _ _ _ _ _ _ _ _ _ _ _ _ _ _ _ _ _ _ _ _ _ _ _ _ _ _ _ 

self = <HTTPConnection(host='localhost', port=3210) at 0x108caa2a0>

    def _new_conn(self) -> socket.socket:
        """Establish a socket connection and set nodelay settings on it.
    
        :return: New socket connection.
        """
        try:
            sock = connection.create_connection(
                (self._dns_host, self.port),
                self.timeout,
                source_address=self.source_address,
                socket_options=self.socket_options,
            )
        except socket.gaierror as e:
            raise NameResolutionError(self.host, self, e) from e
        except SocketTimeout as e:
            raise ConnectTimeoutError(
                self,
                f"Connection to {self.host} timed out. (connect timeout={self.timeout})",
            ) from e
    
        except OSError as e:
>           raise NewConnectionError(
                self, f"Failed to establish a new connection: {e}"
            ) from e
E           urllib3.exceptions.NewConnectionError: HTTPConnection(host='localhost', port=3210): Failed to establish a new connection: [Errno 61] Connection refused

.venv/lib/python3.12/site-packages/urllib3/connection.py:219: NewConnectionError

The above exception was the direct cause of the following exception:

self = <requests.adapters.HTTPAdapter object at 0x108caa7b0>
request = <PreparedRequest [POST]>, stream = False, timeout = 15, verify = True
cert = None, proxies = OrderedDict()

    def send(
        self,
        request: PreparedRequest,
        stream: bool = False,
        timeout: _t.TimeoutType = None,
        verify: _t.VerifyType = True,
        cert: _t.CertType = None,
        proxies: dict[str, str] | None = None,
    ) -> Response:
        """Sends PreparedRequest object. Returns Response object.
    
        :param request: The :class:`PreparedRequest <PreparedRequest>` being sent.
        :param stream: (optional) Whether to stream the request content.
        :param timeout: (optional) How long to wait for the server to send
            data before giving up, as a float, or a :ref:`(connect timeout,
            read timeout) <timeouts>` tuple.
        :type timeout: float or tuple or urllib3 Timeout object
        :param verify: (optional) Either a boolean, in which case it controls whether
            we verify the server's TLS certificate, or a string, in which case it
            must be a path to a CA bundle to use
        :param cert: (optional) Any user-provided SSL certificate to be trusted.
        :param proxies: (optional) The proxies dictionary to apply to the request.
        :rtype: requests.Response
        """
    
        assert _is_prepared(request)
    
        try:
            conn = self.get_connection_with_tls_context(
                request, verify, proxies=proxies, cert=cert
            )
        except LocationValueError as e:
            raise InvalidURL(e, request=request)
    
        self.cert_verify(conn, request.url, verify, cert)
        url = self.request_url(request, proxies)
        self.add_headers(
            request,
            stream=stream,
            timeout=timeout,
            verify=verify,
            cert=cert,
            proxies=proxies,
        )
    
        chunked = not (request.body is None or "Content-Length" in request.headers)
    
        if isinstance(timeout, tuple):
            try:
                connect, read = timeout
                resolved_timeout = TimeoutSauce(connect=connect, read=read)
            except ValueError:
                raise ValueError(
                    f"Invalid timeout {timeout}. Pass a (connect, read) timeout tuple, "
                    f"or a single float to set both timeouts to the same value."
                )
        elif isinstance(timeout, TimeoutSauce):
            resolved_timeout = timeout
        else:
            resolved_timeout = TimeoutSauce(connect=timeout, read=timeout)
    
        try:
>           resp = conn.urlopen(
                method=request.method,
                url=url,
                body=request.body,  # type: ignore[arg-type]  # urllib3 stubs don't accept Iterable[bytes | str]
                headers=request.headers,  # type: ignore[arg-type]  # urllib3#3072
                redirect=False,
                assert_same_host=False,
                preload_content=False,
                decode_content=False,
                retries=self.max_retries,
                timeout=resolved_timeout,
                chunked=chunked,
            )

.venv/lib/python3.12/site-packages/requests/adapters.py:696: 
_ _ _ _ _ _ _ _ _ _ _ _ _ _ _ _ _ _ _ _ _ _ _ _ _ _ _ _ _ _ _ _ _ _ _ _ _ _ _ _ 
.venv/lib/python3.12/site-packages/urllib3/connectionpool.py:842: in urlopen
    retries = retries.increment(
_ _ _ _ _ _ _ _ _ _ _ _ _ _ _ _ _ _ _ _ _ _ _ _ _ _ _ _ _ _ _ _ _ _ _ _ _ _ _ _ 

self = Retry(total=0, connect=None, read=False, redirect=None, status=None)
method = 'POST', url = '/app/space/create', response = None
error = NewConnectionError("HTTPConnection(host='localhost', port=3210): Failed to establish a new connection: [Errno 61] Connection refused")
_pool = <urllib3.connectionpool.HTTPConnectionPool object at 0x108ca8ad0>
_stacktrace = <traceback object at 0x10950ae80>

    def increment(
        self,
        method: str | None = None,
        url: str | None = None,
        response: BaseHTTPResponse | None = None,
        error: Exception | None = None,
        _pool: ConnectionPool | None = None,
        _stacktrace: TracebackType | None = None,
    ) -> Self:
        """Return a new Retry object with incremented retry counters.
    
        :param response: A response object, or None, if the server did not
            return a response.
        :type response: :class:`~urllib3.response.BaseHTTPResponse`
        :param Exception error: An error encountered during the request, or
            None if the response was received successfully.
    
        :return: A new ``Retry`` object.
        """
        if self.total is False and error:
            # Disabled, indicate to re-raise the error.
            raise reraise(type(error), error, _stacktrace)
    
        total = self.total
        if total is not None:
            total -= 1
    
        connect = self.connect
        read = self.read
        redirect = self.redirect
        status_count = self.status
        other = self.other
        cause = "unknown"
        status = None
        redirect_location = None
    
        if error and self._is_connection_error(error):
            # Connect retry?
            if connect is False:
                raise reraise(type(error), error, _stacktrace)
            elif connect is not None:
                connect -= 1
    
        elif error and self._is_read_error(error):
            # Read retry?
            if read is False or method is None or not self._is_method_retryable(method):
                raise reraise(type(error), error, _stacktrace)
            elif read is not None:
                read -= 1
    
        elif error:
            # Other retry?
            if other is not None:
                other -= 1
    
        elif response and response.get_redirect_location():
            # Redirect retry?
            if redirect is not None:
                redirect -= 1
            cause = "too many redirects"
            response_redirect_location = response.get_redirect_location()
            if response_redirect_location:
                redirect_location = response_redirect_location
            status = response.status
    
        else:
            # Incrementing because of a server error like a 500 in
            # status_forcelist and the given method is in the allowed_methods
            cause = ResponseError.GENERIC_ERROR
            if response and response.status:
                if status_count is not None:
                    status_count -= 1
                cause = ResponseError.SPECIFIC_ERROR.format(status_code=response.status)
                status = response.status
    
        history = self.history + (
            RequestHistory(method, url, error, status, redirect_location),
        )
    
        new_retry = self.new(
            total=total,
            connect=connect,
            read=read,
            redirect=redirect,
            status=status_count,
            other=other,
            history=history,
        )
    
        if new_retry.is_exhausted():
            reason = error or ResponseError(cause)
>           raise MaxRetryError(_pool, url, reason) from reason  # type: ignore[arg-type]
            ^^^^^^^^^^^^^^^^^^^^^^^^^^^^^^^^^^^^^^^^^^^^^^^^^^^
E           urllib3.exceptions.MaxRetryError: HTTPConnectionPool(host='localhost', port=3210): Max retries exceeded with url: /app/space/create (Caused by NewConnectionError("HTTPConnection(host='localhost', port=3210): Failed to establish a new connection: [Errno 61] Connection refused"))

.venv/lib/python3.12/site-packages/urllib3/util/retry.py:543: MaxRetryError

During handling of the above exception, another exception occurred:

    @pytest.fixture(scope="module")
    def espace_jetable() -> str:
        """Un espace à deux membres : DevCoach administrateur, E2E Coach 01 membre.
    
        Les dix autres coachs semés en sont absents : ce sont les candidats.
        """
        nom = f"E2E AjoutDirect {time.time_ns()}"
>       r = requests.post(
            f"{BASE_URL}/app/space/create",
            data={"space_name": nom, "logo_url": LOGO},
            headers={"HX-Request": "true", "Content-Type": FORM_URLENCODED},
            timeout=15,
        )

test_space_admin_ajout_direct.py:45: 
_ _ _ _ _ _ _ _ _ _ _ _ _ _ _ _ _ _ _ _ _ _ _ _ _ _ _ _ _ _ _ _ _ _ _ _ _ _ _ _ 
.venv/lib/python3.12/site-packages/requests/api.py:134: in post
    return request("post", url, data=data, json=json, **kwargs)
           ^^^^^^^^^^^^^^^^^^^^^^^^^^^^^^^^^^^^^^^^^^^^^^^^^^^^
.venv/lib/python3.12/site-packages/requests/api.py:71: in request
    return session.request(method=method, url=url, **kwargs)
           ^^^^^^^^^^^^^^^^^^^^^^^^^^^^^^^^^^^^^^^^^^^^^^^^^
.venv/lib/python3.12/site-packages/requests/sessions.py:651: in request
    resp = self.send(prep, **send_kwargs)
           ^^^^^^^^^^^^^^^^^^^^^^^^^^^^^^
.venv/lib/python3.12/site-packages/requests/sessions.py:784: in send
    r = adapter.send(request, **kwargs)
        ^^^^^^^^^^^^^^^^^^^^^^^^^^^^^^^
_ _ _ _ _ _ _ _ _ _ _ _ _ _ _ _ _ _ _ _ _ _ _ _ _ _ _ _ _ _ _ _ _ _ _ _ _ _ _ _ 

self = <requests.adapters.HTTPAdapter object at 0x108caa7b0>
request = <PreparedRequest [POST]>, stream = False, timeout = 15, verify = True
cert = None, proxies = OrderedDict()

    def send(
        self,
        request: PreparedRequest,
        stream: bool = False,
        timeout: _t.TimeoutType = None,
        verify: _t.VerifyType = True,
        cert: _t.CertType = None,
        proxies: dict[str, str] | None = None,
    ) -> Response:
        """Sends PreparedRequest object. Returns Response object.
    
        :param request: The :class:`PreparedRequest <PreparedRequest>` being sent.
        :param stream: (optional) Whether to stream the request content.
        :param timeout: (optional) How long to wait for the server to send
            data before giving up, as a float, or a :ref:`(connect timeout,
            read timeout) <timeouts>` tuple.
        :type timeout: float or tuple or urllib3 Timeout object
        :param verify: (optional) Either a boolean, in which case it controls whether
            we verify the server's TLS certificate, or a string, in which case it
            must be a path to a CA bundle to use
        :param cert: (optional) Any user-provided SSL certificate to be trusted.
        :param proxies: (optional) The proxies dictionary to apply to the request.
        :rtype: requests.Response
        """
    
        assert _is_prepared(request)
    
        try:
            conn = self.get_connection_with_tls_context(
                request, verify, proxies=proxies, cert=cert
            )
        except LocationValueError as e:
            raise InvalidURL(e, request=request)
    
        self.cert_verify(conn, request.url, verify, cert)
        url = self.request_url(request, proxies)
        self.add_headers(
            request,
            stream=stream,
            timeout=timeout,
            verify=verify,
            cert=cert,
            proxies=proxies,
        )
    
        chunked = not (request.body is None or "Content-Length" in request.headers)
    
        if isinstance(timeout, tuple):
            try:
                connect, read = timeout
                resolved_timeout = TimeoutSauce(connect=connect, read=read)
            except ValueError:
                raise ValueError(
                    f"Invalid timeout {timeout}. Pass a (connect, read) timeout tuple, "
                    f"or a single float to set both timeouts to the same value."
                )
        elif isinstance(timeout, TimeoutSauce):
            resolved_timeout = timeout
        else:
            resolved_timeout = TimeoutSauce(connect=timeout, read=timeout)
    
        try:
            resp = conn.urlopen(
                method=request.method,
                url=url,
                body=request.body,  # type: ignore[arg-type]  # urllib3 stubs don't accept Iterable[bytes | str]
                headers=request.headers,  # type: ignore[arg-type]  # urllib3#3072
                redirect=False,
                assert_same_host=False,
                preload_content=False,
                decode_content=False,
                retries=self.max_retries,
                timeout=resolved_timeout,
                chunked=chunked,
            )
    
        except (ProtocolError, OSError) as err:
            raise ConnectionError(err, request=request)
    
        except MaxRetryError as e:
            if isinstance(e.reason, ConnectTimeoutError):
                # TODO: Remove this in 3.0.0: see #2811
                if not isinstance(e.reason, NewConnectionError):
                    raise ConnectTimeout(e, request=request)
    
            if isinstance(e.reason, ResponseError):
                raise RetryError(e, request=request)
    
            if isinstance(e.reason, _ProxyError):
                raise ProxyError(e, request=request)
    
            if isinstance(e.reason, _SSLError):
                # This branch is for urllib3 v1.22 and later.
                raise SSLError(e, request=request)
    
>           raise ConnectionError(e, request=request)
E           requests.exceptions.ConnectionError: HTTPConnectionPool(host='localhost', port=3210): Max retries exceeded with url: /app/space/create (Caused by NewConnectionError("HTTPConnection(host='localhost', port=3210): Failed to establish a new connection: [Errno 61] Connection refused"))

.venv/lib/python3.12/site-packages/requests/adapters.py:729: ConnectionError
_ ERROR at setup of test_un_membre_simple_ne_peut_pas_ouvrir_l_onglet[chromium] _

self = <HTTPConnection(host='localhost', port=3210) at 0x108caa2a0>

    def _new_conn(self) -> socket.socket:
        """Establish a socket connection and set nodelay settings on it.
    
        :return: New socket connection.
        """
        try:
>           sock = connection.create_connection(
                (self._dns_host, self.port),
                self.timeout,
                source_address=self.source_address,
                socket_options=self.socket_options,
            )

.venv/lib/python3.12/site-packages/urllib3/connection.py:204: 
_ _ _ _ _ _ _ _ _ _ _ _ _ _ _ _ _ _ _ _ _ _ _ _ _ _ _ _ _ _ _ _ _ _ _ _ _ _ _ _ 
.venv/lib/python3.12/site-packages/urllib3/util/connection.py:85: in create_connection
    raise err
_ _ _ _ _ _ _ _ _ _ _ _ _ _ _ _ _ _ _ _ _ _ _ _ _ _ _ _ _ _ _ _ _ _ _ _ _ _ _ _ 

address = ('localhost', 3210), timeout = 15, source_address = None
socket_options = [(6, 1, 1)]

    def create_connection(
        address: tuple[str, int],
        timeout: _TYPE_TIMEOUT = _DEFAULT_TIMEOUT,
        source_address: tuple[str, int] | None = None,
        socket_options: _TYPE_SOCKET_OPTIONS | None = None,
    ) -> socket.socket:
        """Connect to *address* and return the socket object.
    
        Convenience function.  Connect to *address* (a 2-tuple ``(host,
        port)``) and return the socket object.  Passing the optional
        *timeout* parameter will set the timeout on the socket instance
        before attempting to connect.  If no *timeout* is supplied, the
        global default timeout setting returned by :func:`socket.getdefaulttimeout`
        is used.  If *source_address* is set it must be a tuple of (host, port)
        for the socket to bind as a source address before making the connection.
        An host of '' or port 0 tells the OS to use the default.
        """
    
        host, port = address
        if host.startswith("["):
            host = host.strip("[]")
        err = None
    
        # Using the value from allowed_gai_family() in the context of getaddrinfo lets
        # us select whether to work with IPv4 DNS records, IPv6 records, or both.
        # The original create_connection function always returns all records.
        family = allowed_gai_family()
    
        try:
            host.encode("idna")
        except UnicodeError:
            raise LocationParseError(f"'{host}', label empty or too long") from None
    
        for res in socket.getaddrinfo(host, port, family, socket.SOCK_STREAM):
            af, socktype, proto, canonname, sa = res
            sock = None
            try:
                sock = socket.socket(af, socktype, proto)
    
                # If provided, set socket level options before connecting.
                _set_socket_options(sock, socket_options)
    
                if timeout is not _DEFAULT_TIMEOUT:
                    sock.settimeout(timeout)
                if source_address:
                    sock.bind(source_address)
>               sock.connect(sa)
E               ConnectionRefusedError: [Errno 61] Connection refused

.venv/lib/python3.12/site-packages/urllib3/util/connection.py:73: ConnectionRefusedError

The above exception was the direct cause of the following exception:

self = <urllib3.connectionpool.HTTPConnectionPool object at 0x108ca8ad0>
method = 'POST', url = '/app/space/create'
body = 'space_name=E2E+AjoutDirect+1789045327099950000&logo_url=https%3A%2F%2Fres.cloudinary.com%2Fdemo%2Fimage%2Fupload%2Fsample.jpg'
headers = {'User-Agent': 'python-requests/2.34.2', 'Accept-Encoding': 'gzip, deflate', 'Accept': '*/*', 'Connection': 'keep-alive', 'HX-Request': 'true', 'Content-Type': 'application/x-www-form-urlencoded', 'Content-Length': '125'}
retries = Retry(total=0, connect=None, read=False, redirect=None, status=None)
redirect = False, assert_same_host = False
timeout = Timeout(connect=15, read=15, total=None), pool_timeout = None
release_conn = False, chunked = False, body_pos = None, preload_content = False
decode_content = False, response_kw = {}

    def urlopen(  # type: ignore[override]
        self,
        method: str,
        url: str,
        body: _TYPE_BODY | None = None,
        headers: typing.Mapping[str, str] | None = None,
        retries: Retry | bool | int | None = None,
        redirect: bool = True,
        assert_same_host: bool = True,
        timeout: _TYPE_TIMEOUT = _DEFAULT_TIMEOUT,
        pool_timeout: int | None = None,
        release_conn: bool | None = None,
        chunked: bool = False,
        body_pos: _TYPE_BODY_POSITION | None = None,
        preload_content: bool = True,
        decode_content: bool = True,
        **response_kw: typing.Any,
    ) -> BaseHTTPResponse:
        """
        Get a connection from the pool and perform an HTTP request. This is the
        lowest level call for making a request, so you'll need to specify all
        the raw details.
    
        .. note::
    
           More commonly, it's appropriate to use a convenience method
           such as :meth:`request`.
    
        .. note::
    
           `release_conn` will only behave as expected if
           `preload_content=False` because we want to make
           `preload_content=False` the default behaviour someday soon without
           breaking backwards compatibility.
    
        :param method:
            HTTP request method (such as GET, POST, PUT, etc.)
    
        :param url:
            The URL to perform the request on.
    
        :param body:
            Data to send in the request body, either :class:`str`, :class:`bytes`,
            an iterable of :class:`str`/:class:`bytes`, or a file-like object.
    
        :param headers:
            Dictionary of custom headers to send, such as User-Agent,
            If-None-Match, etc. If None, pool headers are used. If provided,
            these headers completely replace any pool-specific headers.
    
        :param retries:
            Configure the number of retries to allow before raising a
            :class:`~urllib3.exceptions.MaxRetryError` exception.
    
            If ``None`` (default) will retry 3 times, see ``Retry.DEFAULT``. Pass a
            :class:`~urllib3.util.retry.Retry` object for fine-grained control
            over different types of retries.
            Pass an integer number to retry connection errors that many times,
            but no other types of errors. Pass zero to never retry.
    
            If ``False``, then retries are disabled and any exception is raised
            immediately. Also, instead of raising a MaxRetryError on redirects,
            the redirect response will be returned.
    
        :type retries: :class:`~urllib3.util.retry.Retry`, False, or an int.
    
        :param redirect:
            If True, automatically handle redirects (status codes 301, 302,
            303, 307, 308). Each redirect counts as a retry. Disabling retries
            will disable redirect, too.
    
        :param assert_same_host:
            If ``True``, will make sure that the host of the pool requests is
            consistent else will raise HostChangedError. When ``False``, you can
            use the pool on an HTTP proxy and request foreign hosts.
    
        :param timeout:
            If specified, overrides the default timeout for this one
            request. It may be a float (in seconds) or an instance of
            :class:`urllib3.util.Timeout`.
    
        :param pool_timeout:
            If set and the pool is set to block=True, then this method will
            block for ``pool_timeout`` seconds and raise EmptyPoolError if no
            connection is available within the time period.
    
        :param bool preload_content:
            If True, the response's body will be preloaded into memory.
    
        :param bool decode_content:
            If True, will attempt to decode the body based on the
            'content-encoding' header.
    
        :param release_conn:
            If False, then the urlopen call will not release the connection
            back into the pool once a response is received (but will release if
            you read the entire contents of the response such as when
            `preload_content=True`). This is useful if you're not preloading
            the response's content immediately. You will need to call
            ``r.release_conn()`` on the response ``r`` to return the connection
            back into the pool. If None, it takes the value of ``preload_content``
            which defaults to ``True``.
    
        :param bool chunked:
            If True, urllib3 will send the body using chunked transfer
            encoding. Otherwise, urllib3 will send the body using the standard
            content-length form. Defaults to False.
    
        :param int body_pos:
            Position to seek to in file-like body in the event of a retry or
            redirect. Typically this won't need to be set because urllib3 will
            auto-populate the value when needed.
        """
        # Ensure that the URL we're connecting to is properly encoded
        if url.startswith("/"):
            # URLs starting with / are inherently schemeless.
            url = to_str(_encode_target(url))
            destination_scheme = None
        else:
            parsed_url = parse_url(url)
            destination_scheme = parsed_url.scheme
            url = to_str(parsed_url.url)
    
        if headers is None:
            headers = self.headers
    
        if not isinstance(retries, Retry):
            retries = Retry.from_int(retries, redirect=redirect, default=self.retries)
    
        if release_conn is None:
            release_conn = preload_content
    
        # Check host
        if assert_same_host and not self.is_same_host(url):
            raise HostChangedError(self, url, retries)
    
        conn = None
    
        # Track whether `conn` needs to be released before
        # returning/raising/recursing. Update this variable if necessary, and
        # leave `release_conn` constant throughout the function. That way, if
        # the function recurses, the original value of `release_conn` will be
        # passed down into the recursive call, and its value will be respected.
        #
        # See issue #651 [1] for details.
        #
        # [1] <https://github.com/urllib3/urllib3/issues/651>
        release_this_conn = release_conn
    
        http_tunnel_required = connection_requires_http_tunnel(
            self.proxy, self.proxy_config, destination_scheme
        )
    
        # Merge the proxy headers. Only done when not using HTTP CONNECT. We
        # have to copy the headers dict so we can safely change it without those
        # changes being reflected in anyone else's copy.
        if not http_tunnel_required:
            headers = headers.copy()  # type: ignore[attr-defined]
            headers.update(self.proxy_headers)  # type: ignore[union-attr]
    
        # Must keep the exception bound to a separate variable or else Python 3
        # complains about UnboundLocalError.
        err = None
    
        # Keep track of whether we cleanly exited the except block. This
        # ensures we do proper cleanup in finally.
        clean_exit = False
    
        # Rewind body position, if needed. Record current position
        # for future rewinds in the event of a redirect/retry.
        body_pos = set_file_position(body, body_pos)
    
        try:
            # Request a connection from the queue.
            timeout_obj = self._get_timeout(timeout)
            conn = self._get_conn(timeout=pool_timeout)
    
            conn.timeout = timeout_obj.connect_timeout  # type: ignore[assignment]
    
            # Is this a closed/new connection that requires CONNECT tunnelling?
            if self.proxy is not None and http_tunnel_required and conn.is_closed:
                try:
                    self._prepare_proxy(conn)
                except (BaseSSLError, OSError, SocketTimeout) as e:
                    self._raise_timeout(
                        err=e, url=self.proxy.url, timeout_value=conn.timeout
                    )
                    raise
    
            # If we're going to release the connection in ``finally:``, then
            # the response doesn't need to know about the connection. Otherwise
            # it will also try to release it and we'll have a double-release
            # mess.
            response_conn = conn if not release_conn else None
    
            # Make the request on the HTTPConnection object
>           response = self._make_request(
                conn,
                method,
                url,
                timeout=timeout_obj,
                body=body,
                headers=headers,
                chunked=chunked,
                retries=retries,
                response_conn=response_conn,
                preload_content=preload_content,
                decode_content=decode_content,
                **response_kw,
            )

.venv/lib/python3.12/site-packages/urllib3/connectionpool.py:788: 
_ _ _ _ _ _ _ _ _ _ _ _ _ _ _ _ _ _ _ _ _ _ _ _ _ _ _ _ _ _ _ _ _ _ _ _ _ _ _ _ 
.venv/lib/python3.12/site-packages/urllib3/connectionpool.py:493: in _make_request
    conn.request(
.venv/lib/python3.12/site-packages/urllib3/connection.py:500: in request
    self.endheaders()
/Users/bagouze/.local/share/uv/python/cpython-3.12.13-macos-aarch64-none/lib/python3.12/http/client.py:1353: in endheaders
    self._send_output(message_body, encode_chunked=encode_chunked)
/Users/bagouze/.local/share/uv/python/cpython-3.12.13-macos-aarch64-none/lib/python3.12/http/client.py:1113: in _send_output
    self.send(msg)
/Users/bagouze/.local/share/uv/python/cpython-3.12.13-macos-aarch64-none/lib/python3.12/http/client.py:1057: in send
    self.connect()
.venv/lib/python3.12/site-packages/urllib3/connection.py:331: in connect
    self.sock = self._new_conn()
                ^^^^^^^^^^^^^^^^
_ _ _ _ _ _ _ _ _ _ _ _ _ _ _ _ _ _ _ _ _ _ _ _ _ _ _ _ _ _ _ _ _ _ _ _ _ _ _ _ 

self = <HTTPConnection(host='localhost', port=3210) at 0x108caa2a0>

    def _new_conn(self) -> socket.socket:
        """Establish a socket connection and set nodelay settings on it.
    
        :return: New socket connection.
        """
        try:
            sock = connection.create_connection(
                (self._dns_host, self.port),
                self.timeout,
                source_address=self.source_address,
                socket_options=self.socket_options,
            )
        except socket.gaierror as e:
            raise NameResolutionError(self.host, self, e) from e
        except SocketTimeout as e:
            raise ConnectTimeoutError(
                self,
                f"Connection to {self.host} timed out. (connect timeout={self.timeout})",
            ) from e
    
        except OSError as e:
>           raise NewConnectionError(
                self, f"Failed to establish a new connection: {e}"
            ) from e
E           urllib3.exceptions.NewConnectionError: HTTPConnection(host='localhost', port=3210): Failed to establish a new connection: [Errno 61] Connection refused

.venv/lib/python3.12/site-packages/urllib3/connection.py:219: NewConnectionError

The above exception was the direct cause of the following exception:

self = <requests.adapters.HTTPAdapter object at 0x108caa7b0>
request = <PreparedRequest [POST]>, stream = False, timeout = 15, verify = True
cert = None, proxies = OrderedDict()

    def send(
        self,
        request: PreparedRequest,
        stream: bool = False,
        timeout: _t.TimeoutType = None,
        verify: _t.VerifyType = True,
        cert: _t.CertType = None,
        proxies: dict[str, str] | None = None,
    ) -> Response:
        """Sends PreparedRequest object. Returns Response object.
    
        :param request: The :class:`PreparedRequest <PreparedRequest>` being sent.
        :param stream: (optional) Whether to stream the request content.
        :param timeout: (optional) How long to wait for the server to send
            data before giving up, as a float, or a :ref:`(connect timeout,
            read timeout) <timeouts>` tuple.
        :type timeout: float or tuple or urllib3 Timeout object
        :param verify: (optional) Either a boolean, in which case it controls whether
            we verify the server's TLS certificate, or a string, in which case it
            must be a path to a CA bundle to use
        :param cert: (optional) Any user-provided SSL certificate to be trusted.
        :param proxies: (optional) The proxies dictionary to apply to the request.
        :rtype: requests.Response
        """
    
        assert _is_prepared(request)
    
        try:
            conn = self.get_connection_with_tls_context(
                request, verify, proxies=proxies, cert=cert
            )
        except LocationValueError as e:
            raise InvalidURL(e, request=request)
    
        self.cert_verify(conn, request.url, verify, cert)
        url = self.request_url(request, proxies)
        self.add_headers(
            request,
            stream=stream,
            timeout=timeout,
            verify=verify,
            cert=cert,
            proxies=proxies,
        )
    
        chunked = not (request.body is None or "Content-Length" in request.headers)
    
        if isinstance(timeout, tuple):
            try:
                connect, read = timeout
                resolved_timeout = TimeoutSauce(connect=connect, read=read)
            except ValueError:
                raise ValueError(
                    f"Invalid timeout {timeout}. Pass a (connect, read) timeout tuple, "
                    f"or a single float to set both timeouts to the same value."
                )
        elif isinstance(timeout, TimeoutSauce):
            resolved_timeout = timeout
        else:
            resolved_timeout = TimeoutSauce(connect=timeout, read=timeout)
    
        try:
>           resp = conn.urlopen(
                method=request.method,
                url=url,
                body=request.body,  # type: ignore[arg-type]  # urllib3 stubs don't accept Iterable[bytes | str]
                headers=request.headers,  # type: ignore[arg-type]  # urllib3#3072
                redirect=False,
                assert_same_host=False,
                preload_content=False,
                decode_content=False,
                retries=self.max_retries,
                timeout=resolved_timeout,
                chunked=chunked,
            )

.venv/lib/python3.12/site-packages/requests/adapters.py:696: 
_ _ _ _ _ _ _ _ _ _ _ _ _ _ _ _ _ _ _ _ _ _ _ _ _ _ _ _ _ _ _ _ _ _ _ _ _ _ _ _ 
.venv/lib/python3.12/site-packages/urllib3/connectionpool.py:842: in urlopen
    retries = retries.increment(
_ _ _ _ _ _ _ _ _ _ _ _ _ _ _ _ _ _ _ _ _ _ _ _ _ _ _ _ _ _ _ _ _ _ _ _ _ _ _ _ 

self = Retry(total=0, connect=None, read=False, redirect=None, status=None)
method = 'POST', url = '/app/space/create', response = None
error = NewConnectionError("HTTPConnection(host='localhost', port=3210): Failed to establish a new connection: [Errno 61] Connection refused")
_pool = <urllib3.connectionpool.HTTPConnectionPool object at 0x108ca8ad0>
_stacktrace = <traceback object at 0x10950ae80>

    def increment(
        self,
        method: str | None = None,
        url: str | None = None,
        response: BaseHTTPResponse | None = None,
        error: Exception | None = None,
        _pool: ConnectionPool | None = None,
        _stacktrace: TracebackType | None = None,
    ) -> Self:
        """Return a new Retry object with incremented retry counters.
    
        :param response: A response object, or None, if the server did not
            return a response.
        :type response: :class:`~urllib3.response.BaseHTTPResponse`
        :param Exception error: An error encountered during the request, or
            None if the response was received successfully.
    
        :return: A new ``Retry`` object.
        """
        if self.total is False and error:
            # Disabled, indicate to re-raise the error.
            raise reraise(type(error), error, _stacktrace)
    
        total = self.total
        if total is not None:
            total -= 1
    
        connect = self.connect
        read = self.read
        redirect = self.redirect
        status_count = self.status
        other = self.other
        cause = "unknown"
        status = None
        redirect_location = None
    
        if error and self._is_connection_error(error):
            # Connect retry?
            if connect is False:
                raise reraise(type(error), error, _stacktrace)
            elif connect is not None:
                connect -= 1
    
        elif error and self._is_read_error(error):
            # Read retry?
            if read is False or method is None or not self._is_method_retryable(method):
                raise reraise(type(error), error, _stacktrace)
            elif read is not None:
                read -= 1
    
        elif error:
            # Other retry?
            if other is not None:
                other -= 1
    
        elif response and response.get_redirect_location():
            # Redirect retry?
            if redirect is not None:
                redirect -= 1
            cause = "too many redirects"
            response_redirect_location = response.get_redirect_location()
            if response_redirect_location:
                redirect_location = response_redirect_location
            status = response.status
    
        else:
            # Incrementing because of a server error like a 500 in
            # status_forcelist and the given method is in the allowed_methods
            cause = ResponseError.GENERIC_ERROR
            if response and response.status:
                if status_count is not None:
                    status_count -= 1
                cause = ResponseError.SPECIFIC_ERROR.format(status_code=response.status)
                status = response.status
    
        history = self.history + (
            RequestHistory(method, url, error, status, redirect_location),
        )
    
        new_retry = self.new(
            total=total,
            connect=connect,
            read=read,
            redirect=redirect,
            status=status_count,
            other=other,
            history=history,
        )
    
        if new_retry.is_exhausted():
            reason = error or ResponseError(cause)
>           raise MaxRetryError(_pool, url, reason) from reason  # type: ignore[arg-type]
            ^^^^^^^^^^^^^^^^^^^^^^^^^^^^^^^^^^^^^^^^^^^^^^^^^^^
E           urllib3.exceptions.MaxRetryError: HTTPConnectionPool(host='localhost', port=3210): Max retries exceeded with url: /app/space/create (Caused by NewConnectionError("HTTPConnection(host='localhost', port=3210): Failed to establish a new connection: [Errno 61] Connection refused"))

.venv/lib/python3.12/site-packages/urllib3/util/retry.py:543: MaxRetryError

During handling of the above exception, another exception occurred:

    @pytest.fixture(scope="module")
    def espace_jetable() -> str:
        """Un espace à deux membres : DevCoach administrateur, E2E Coach 01 membre.
    
        Les dix autres coachs semés en sont absents : ce sont les candidats.
        """
        nom = f"E2E AjoutDirect {time.time_ns()}"
>       r = requests.post(
            f"{BASE_URL}/app/space/create",
            data={"space_name": nom, "logo_url": LOGO},
            headers={"HX-Request": "true", "Content-Type": FORM_URLENCODED},
            timeout=15,
        )

test_space_admin_ajout_direct.py:45: 
_ _ _ _ _ _ _ _ _ _ _ _ _ _ _ _ _ _ _ _ _ _ _ _ _ _ _ _ _ _ _ _ _ _ _ _ _ _ _ _ 
.venv/lib/python3.12/site-packages/requests/api.py:134: in post
    return request("post", url, data=data, json=json, **kwargs)
           ^^^^^^^^^^^^^^^^^^^^^^^^^^^^^^^^^^^^^^^^^^^^^^^^^^^^
.venv/lib/python3.12/site-packages/requests/api.py:71: in request
    return session.request(method=method, url=url, **kwargs)
           ^^^^^^^^^^^^^^^^^^^^^^^^^^^^^^^^^^^^^^^^^^^^^^^^^
.venv/lib/python3.12/site-packages/requests/sessions.py:651: in request
    resp = self.send(prep, **send_kwargs)
           ^^^^^^^^^^^^^^^^^^^^^^^^^^^^^^
.venv/lib/python3.12/site-packages/requests/sessions.py:784: in send
    r = adapter.send(request, **kwargs)
        ^^^^^^^^^^^^^^^^^^^^^^^^^^^^^^^
_ _ _ _ _ _ _ _ _ _ _ _ _ _ _ _ _ _ _ _ _ _ _ _ _ _ _ _ _ _ _ _ _ _ _ _ _ _ _ _ 

self = <requests.adapters.HTTPAdapter object at 0x108caa7b0>
request = <PreparedRequest [POST]>, stream = False, timeout = 15, verify = True
cert = None, proxies = OrderedDict()

    def send(
        self,
        request: PreparedRequest,
        stream: bool = False,
        timeout: _t.TimeoutType = None,
        verify: _t.VerifyType = True,
        cert: _t.CertType = None,
        proxies: dict[str, str] | None = None,
    ) -> Response:
        """Sends PreparedRequest object. Returns Response object.
    
        :param request: The :class:`PreparedRequest <PreparedRequest>` being sent.
        :param stream: (optional) Whether to stream the request content.
        :param timeout: (optional) How long to wait for the server to send
            data before giving up, as a float, or a :ref:`(connect timeout,
            read timeout) <timeouts>` tuple.
        :type timeout: float or tuple or urllib3 Timeout object
        :param verify: (optional) Either a boolean, in which case it controls whether
            we verify the server's TLS certificate, or a string, in which case it
            must be a path to a CA bundle to use
        :param cert: (optional) Any user-provided SSL certificate to be trusted.
        :param proxies: (optional) The proxies dictionary to apply to the request.
        :rtype: requests.Response
        """
    
        assert _is_prepared(request)
    
        try:
            conn = self.get_connection_with_tls_context(
                request, verify, proxies=proxies, cert=cert
            )
        except LocationValueError as e:
            raise InvalidURL(e, request=request)
    
        self.cert_verify(conn, request.url, verify, cert)
        url = self.request_url(request, proxies)
        self.add_headers(
            request,
            stream=stream,
            timeout=timeout,
            verify=verify,
            cert=cert,
            proxies=proxies,
        )
    
        chunked = not (request.body is None or "Content-Length" in request.headers)
    
        if isinstance(timeout, tuple):
            try:
                connect, read = timeout
                resolved_timeout = TimeoutSauce(connect=connect, read=read)
            except ValueError:
                raise ValueError(
                    f"Invalid timeout {timeout}. Pass a (connect, read) timeout tuple, "
                    f"or a single float to set both timeouts to the same value."
                )
        elif isinstance(timeout, TimeoutSauce):
            resolved_timeout = timeout
        else:
            resolved_timeout = TimeoutSauce(connect=timeout, read=timeout)
    
        try:
            resp = conn.urlopen(
                method=request.method,
                url=url,
                body=request.body,  # type: ignore[arg-type]  # urllib3 stubs don't accept Iterable[bytes | str]
                headers=request.headers,  # type: ignore[arg-type]  # urllib3#3072
                redirect=False,
                assert_same_host=False,
                preload_content=False,
                decode_content=False,
                retries=self.max_retries,
                timeout=resolved_timeout,
                chunked=chunked,
            )
    
        except (ProtocolError, OSError) as err:
            raise ConnectionError(err, request=request)
    
        except MaxRetryError as e:
            if isinstance(e.reason, ConnectTimeoutError):
                # TODO: Remove this in 3.0.0: see #2811
                if not isinstance(e.reason, NewConnectionError):
                    raise ConnectTimeout(e, request=request)
    
            if isinstance(e.reason, ResponseError):
                raise RetryError(e, request=request)
    
            if isinstance(e.reason, _ProxyError):
                raise ProxyError(e, request=request)
    
            if isinstance(e.reason, _SSLError):
                # This branch is for urllib3 v1.22 and later.
                raise SSLError(e, request=request)
    
>           raise ConnectionError(e, request=request)
E           requests.exceptions.ConnectionError: HTTPConnectionPool(host='localhost', port=3210): Max retries exceeded with url: /app/space/create (Caused by NewConnectionError("HTTPConnection(host='localhost', port=3210): Failed to establish a new connection: [Errno 61] Connection refused"))

.venv/lib/python3.12/site-packages/requests/adapters.py:729: ConnectionError
_____ ERROR at setup of test_la_page_presente_ses_trois_onglets[chromium] ______

self = <HTTPConnection(host='localhost', port=3210) at 0x108bb47a0>

    def _new_conn(self) -> socket.socket:
        """Establish a socket connection and set nodelay settings on it.
    
        :return: New socket connection.
        """
        try:
>           sock = connection.create_connection(
                (self._dns_host, self.port),
                self.timeout,
                source_address=self.source_address,
                socket_options=self.socket_options,
            )

.venv/lib/python3.12/site-packages/urllib3/connection.py:204: 
_ _ _ _ _ _ _ _ _ _ _ _ _ _ _ _ _ _ _ _ _ _ _ _ _ _ _ _ _ _ _ _ _ _ _ _ _ _ _ _ 
.venv/lib/python3.12/site-packages/urllib3/util/connection.py:85: in create_connection
    raise err
_ _ _ _ _ _ _ _ _ _ _ _ _ _ _ _ _ _ _ _ _ _ _ _ _ _ _ _ _ _ _ _ _ _ _ _ _ _ _ _ 

address = ('localhost', 3210), timeout = 15, source_address = None
socket_options = [(6, 1, 1)]

    def create_connection(
        address: tuple[str, int],
        timeout: _TYPE_TIMEOUT = _DEFAULT_TIMEOUT,
        source_address: tuple[str, int] | None = None,
        socket_options: _TYPE_SOCKET_OPTIONS | None = None,
    ) -> socket.socket:
        """Connect to *address* and return the socket object.
    
        Convenience function.  Connect to *address* (a 2-tuple ``(host,
        port)``) and return the socket object.  Passing the optional
        *timeout* parameter will set the timeout on the socket instance
        before attempting to connect.  If no *timeout* is supplied, the
        global default timeout setting returned by :func:`socket.getdefaulttimeout`
        is used.  If *source_address* is set it must be a tuple of (host, port)
        for the socket to bind as a source address before making the connection.
        An host of '' or port 0 tells the OS to use the default.
        """
    
        host, port = address
        if host.startswith("["):
            host = host.strip("[]")
        err = None
    
        # Using the value from allowed_gai_family() in the context of getaddrinfo lets
        # us select whether to work with IPv4 DNS records, IPv6 records, or both.
        # The original create_connection function always returns all records.
        family = allowed_gai_family()
    
        try:
            host.encode("idna")
        except UnicodeError:
            raise LocationParseError(f"'{host}', label empty or too long") from None
    
        for res in socket.getaddrinfo(host, port, family, socket.SOCK_STREAM):
            af, socktype, proto, canonname, sa = res
            sock = None
            try:
                sock = socket.socket(af, socktype, proto)
    
                # If provided, set socket level options before connecting.
                _set_socket_options(sock, socket_options)
    
                if timeout is not _DEFAULT_TIMEOUT:
                    sock.settimeout(timeout)
                if source_address:
                    sock.bind(source_address)
>               sock.connect(sa)
E               ConnectionRefusedError: [Errno 61] Connection refused

.venv/lib/python3.12/site-packages/urllib3/util/connection.py:73: ConnectionRefusedError

The above exception was the direct cause of the following exception:

self = <urllib3.connectionpool.HTTPConnectionPool object at 0x108746e40>
method = 'POST', url = '/app/space/create'
body = 'space_name=E2E+Admin+1789045327420674000&logo_url=https%3A%2F%2Fres.cloudinary.com%2Fdemo%2Fimage%2Fupload%2Fsample.jpg'
headers = {'User-Agent': 'python-requests/2.34.2', 'Accept-Encoding': 'gzip, deflate', 'Accept': '*/*', 'Connection': 'keep-alive', 'HX-Request': 'true', 'Content-Type': 'application/x-www-form-urlencoded', 'Content-Length': '119'}
retries = Retry(total=0, connect=None, read=False, redirect=None, status=None)
redirect = False, assert_same_host = False
timeout = Timeout(connect=15, read=15, total=None), pool_timeout = None
release_conn = False, chunked = False, body_pos = None, preload_content = False
decode_content = False, response_kw = {}

    def urlopen(  # type: ignore[override]
        self,
        method: str,
        url: str,
        body: _TYPE_BODY | None = None,
        headers: typing.Mapping[str, str] | None = None,
        retries: Retry | bool | int | None = None,
        redirect: bool = True,
        assert_same_host: bool = True,
        timeout: _TYPE_TIMEOUT = _DEFAULT_TIMEOUT,
        pool_timeout: int | None = None,
        release_conn: bool | None = None,
        chunked: bool = False,
        body_pos: _TYPE_BODY_POSITION | None = None,
        preload_content: bool = True,
        decode_content: bool = True,
        **response_kw: typing.Any,
    ) -> BaseHTTPResponse:
        """
        Get a connection from the pool and perform an HTTP request. This is the
        lowest level call for making a request, so you'll need to specify all
        the raw details.
    
        .. note::
    
           More commonly, it's appropriate to use a convenience method
           such as :meth:`request`.
    
        .. note::
    
           `release_conn` will only behave as expected if
           `preload_content=False` because we want to make
           `preload_content=False` the default behaviour someday soon without
           breaking backwards compatibility.
    
        :param method:
            HTTP request method (such as GET, POST, PUT, etc.)
    
        :param url:
            The URL to perform the request on.
    
        :param body:
            Data to send in the request body, either :class:`str`, :class:`bytes`,
            an iterable of :class:`str`/:class:`bytes`, or a file-like object.
    
        :param headers:
            Dictionary of custom headers to send, such as User-Agent,
            If-None-Match, etc. If None, pool headers are used. If provided,
            these headers completely replace any pool-specific headers.
    
        :param retries:
            Configure the number of retries to allow before raising a
            :class:`~urllib3.exceptions.MaxRetryError` exception.
    
            If ``None`` (default) will retry 3 times, see ``Retry.DEFAULT``. Pass a
            :class:`~urllib3.util.retry.Retry` object for fine-grained control
            over different types of retries.
            Pass an integer number to retry connection errors that many times,
            but no other types of errors. Pass zero to never retry.
    
            If ``False``, then retries are disabled and any exception is raised
            immediately. Also, instead of raising a MaxRetryError on redirects,
            the redirect response will be returned.
    
        :type retries: :class:`~urllib3.util.retry.Retry`, False, or an int.
    
        :param redirect:
            If True, automatically handle redirects (status codes 301, 302,
            303, 307, 308). Each redirect counts as a retry. Disabling retries
            will disable redirect, too.
    
        :param assert_same_host:
            If ``True``, will make sure that the host of the pool requests is
            consistent else will raise HostChangedError. When ``False``, you can
            use the pool on an HTTP proxy and request foreign hosts.
    
        :param timeout:
            If specified, overrides the default timeout for this one
            request. It may be a float (in seconds) or an instance of
            :class:`urllib3.util.Timeout`.
    
        :param pool_timeout:
            If set and the pool is set to block=True, then this method will
            block for ``pool_timeout`` seconds and raise EmptyPoolError if no
            connection is available within the time period.
    
        :param bool preload_content:
            If True, the response's body will be preloaded into memory.
    
        :param bool decode_content:
            If True, will attempt to decode the body based on the
            'content-encoding' header.
    
        :param release_conn:
            If False, then the urlopen call will not release the connection
            back into the pool once a response is received (but will release if
            you read the entire contents of the response such as when
            `preload_content=True`). This is useful if you're not preloading
            the response's content immediately. You will need to call
            ``r.release_conn()`` on the response ``r`` to return the connection
            back into the pool. If None, it takes the value of ``preload_content``
            which defaults to ``True``.
    
        :param bool chunked:
            If True, urllib3 will send the body using chunked transfer
            encoding. Otherwise, urllib3 will send the body using the standard
            content-length form. Defaults to False.
    
        :param int body_pos:
            Position to seek to in file-like body in the event of a retry or
            redirect. Typically this won't need to be set because urllib3 will
            auto-populate the value when needed.
        """
        # Ensure that the URL we're connecting to is properly encoded
        if url.startswith("/"):
            # URLs starting with / are inherently schemeless.
            url = to_str(_encode_target(url))
            destination_scheme = None
        else:
            parsed_url = parse_url(url)
            destination_scheme = parsed_url.scheme
            url = to_str(parsed_url.url)
    
        if headers is None:
            headers = self.headers
    
        if not isinstance(retries, Retry):
            retries = Retry.from_int(retries, redirect=redirect, default=self.retries)
    
        if release_conn is None:
            release_conn = preload_content
    
        # Check host
        if assert_same_host and not self.is_same_host(url):
            raise HostChangedError(self, url, retries)
    
        conn = None
    
        # Track whether `conn` needs to be released before
        # returning/raising/recursing. Update this variable if necessary, and
        # leave `release_conn` constant throughout the function. That way, if
        # the function recurses, the original value of `release_conn` will be
        # passed down into the recursive call, and its value will be respected.
        #
        # See issue #651 [1] for details.
        #
        # [1] <https://github.com/urllib3/urllib3/issues/651>
        release_this_conn = release_conn
    
        http_tunnel_required = connection_requires_http_tunnel(
            self.proxy, self.proxy_config, destination_scheme
        )
    
        # Merge the proxy headers. Only done when not using HTTP CONNECT. We
        # have to copy the headers dict so we can safely change it without those
        # changes being reflected in anyone else's copy.
        if not http_tunnel_required:
            headers = headers.copy()  # type: ignore[attr-defined]
            headers.update(self.proxy_headers)  # type: ignore[union-attr]
    
        # Must keep the exception bound to a separate variable or else Python 3
        # complains about UnboundLocalError.
        err = None
    
        # Keep track of whether we cleanly exited the except block. This
        # ensures we do proper cleanup in finally.
        clean_exit = False
    
        # Rewind body position, if needed. Record current position
        # for future rewinds in the event of a redirect/retry.
        body_pos = set_file_position(body, body_pos)
    
        try:
            # Request a connection from the queue.
            timeout_obj = self._get_timeout(timeout)
            conn = self._get_conn(timeout=pool_timeout)
    
            conn.timeout = timeout_obj.connect_timeout  # type: ignore[assignment]
    
            # Is this a closed/new connection that requires CONNECT tunnelling?
            if self.proxy is not None and http_tunnel_required and conn.is_closed:
                try:
                    self._prepare_proxy(conn)
                except (BaseSSLError, OSError, SocketTimeout) as e:
                    self._raise_timeout(
                        err=e, url=self.proxy.url, timeout_value=conn.timeout
                    )
                    raise
    
            # If we're going to release the connection in ``finally:``, then
            # the response doesn't need to know about the connection. Otherwise
            # it will also try to release it and we'll have a double-release
            # mess.
            response_conn = conn if not release_conn else None
    
            # Make the request on the HTTPConnection object
>           response = self._make_request(
                conn,
                method,
                url,
                timeout=timeout_obj,
                body=body,
                headers=headers,
                chunked=chunked,
                retries=retries,
                response_conn=response_conn,
                preload_content=preload_content,
                decode_content=decode_content,
                **response_kw,
            )

.venv/lib/python3.12/site-packages/urllib3/connectionpool.py:788: 
_ _ _ _ _ _ _ _ _ _ _ _ _ _ _ _ _ _ _ _ _ _ _ _ _ _ _ _ _ _ _ _ _ _ _ _ _ _ _ _ 
.venv/lib/python3.12/site-packages/urllib3/connectionpool.py:493: in _make_request
    conn.request(
.venv/lib/python3.12/site-packages/urllib3/connection.py:500: in request
    self.endheaders()
/Users/bagouze/.local/share/uv/python/cpython-3.12.13-macos-aarch64-none/lib/python3.12/http/client.py:1353: in endheaders
    self._send_output(message_body, encode_chunked=encode_chunked)
/Users/bagouze/.local/share/uv/python/cpython-3.12.13-macos-aarch64-none/lib/python3.12/http/client.py:1113: in _send_output
    self.send(msg)
/Users/bagouze/.local/share/uv/python/cpython-3.12.13-macos-aarch64-none/lib/python3.12/http/client.py:1057: in send
    self.connect()
.venv/lib/python3.12/site-packages/urllib3/connection.py:331: in connect
    self.sock = self._new_conn()
                ^^^^^^^^^^^^^^^^
_ _ _ _ _ _ _ _ _ _ _ _ _ _ _ _ _ _ _ _ _ _ _ _ _ _ _ _ _ _ _ _ _ _ _ _ _ _ _ _ 

self = <HTTPConnection(host='localhost', port=3210) at 0x108bb47a0>

    def _new_conn(self) -> socket.socket:
        """Establish a socket connection and set nodelay settings on it.
    
        :return: New socket connection.
        """
        try:
            sock = connection.create_connection(
                (self._dns_host, self.port),
                self.timeout,
                source_address=self.source_address,
                socket_options=self.socket_options,
            )
        except socket.gaierror as e:
            raise NameResolutionError(self.host, self, e) from e
        except SocketTimeout as e:
            raise ConnectTimeoutError(
                self,
                f"Connection to {self.host} timed out. (connect timeout={self.timeout})",
            ) from e
    
        except OSError as e:
>           raise NewConnectionError(
                self, f"Failed to establish a new connection: {e}"
            ) from e
E           urllib3.exceptions.NewConnectionError: HTTPConnection(host='localhost', port=3210): Failed to establish a new connection: [Errno 61] Connection refused

.venv/lib/python3.12/site-packages/urllib3/connection.py:219: NewConnectionError

The above exception was the direct cause of the following exception:

self = <requests.adapters.HTTPAdapter object at 0x108745ac0>
request = <PreparedRequest [POST]>, stream = False, timeout = 15, verify = True
cert = None, proxies = OrderedDict()

    def send(
        self,
        request: PreparedRequest,
        stream: bool = False,
        timeout: _t.TimeoutType = None,
        verify: _t.VerifyType = True,
        cert: _t.CertType = None,
        proxies: dict[str, str] | None = None,
    ) -> Response:
        """Sends PreparedRequest object. Returns Response object.
    
        :param request: The :class:`PreparedRequest <PreparedRequest>` being sent.
        :param stream: (optional) Whether to stream the request content.
        :param timeout: (optional) How long to wait for the server to send
            data before giving up, as a float, or a :ref:`(connect timeout,
            read timeout) <timeouts>` tuple.
        :type timeout: float or tuple or urllib3 Timeout object
        :param verify: (optional) Either a boolean, in which case it controls whether
            we verify the server's TLS certificate, or a string, in which case it
            must be a path to a CA bundle to use
        :param cert: (optional) Any user-provided SSL certificate to be trusted.
        :param proxies: (optional) The proxies dictionary to apply to the request.
        :rtype: requests.Response
        """
    
        assert _is_prepared(request)
    
        try:
            conn = self.get_connection_with_tls_context(
                request, verify, proxies=proxies, cert=cert
            )
        except LocationValueError as e:
            raise InvalidURL(e, request=request)
    
        self.cert_verify(conn, request.url, verify, cert)
        url = self.request_url(request, proxies)
        self.add_headers(
            request,
            stream=stream,
            timeout=timeout,
            verify=verify,
            cert=cert,
            proxies=proxies,
        )
    
        chunked = not (request.body is None or "Content-Length" in request.headers)
    
        if isinstance(timeout, tuple):
            try:
                connect, read = timeout
                resolved_timeout = TimeoutSauce(connect=connect, read=read)
            except ValueError:
                raise ValueError(
                    f"Invalid timeout {timeout}. Pass a (connect, read) timeout tuple, "
                    f"or a single float to set both timeouts to the same value."
                )
        elif isinstance(timeout, TimeoutSauce):
            resolved_timeout = timeout
        else:
            resolved_timeout = TimeoutSauce(connect=timeout, read=timeout)
    
        try:
>           resp = conn.urlopen(
                method=request.method,
                url=url,
                body=request.body,  # type: ignore[arg-type]  # urllib3 stubs don't accept Iterable[bytes | str]
                headers=request.headers,  # type: ignore[arg-type]  # urllib3#3072
                redirect=False,
                assert_same_host=False,
                preload_content=False,
                decode_content=False,
                retries=self.max_retries,
                timeout=resolved_timeout,
                chunked=chunked,
            )

.venv/lib/python3.12/site-packages/requests/adapters.py:696: 
_ _ _ _ _ _ _ _ _ _ _ _ _ _ _ _ _ _ _ _ _ _ _ _ _ _ _ _ _ _ _ _ _ _ _ _ _ _ _ _ 
.venv/lib/python3.12/site-packages/urllib3/connectionpool.py:842: in urlopen
    retries = retries.increment(
_ _ _ _ _ _ _ _ _ _ _ _ _ _ _ _ _ _ _ _ _ _ _ _ _ _ _ _ _ _ _ _ _ _ _ _ _ _ _ _ 

self = Retry(total=0, connect=None, read=False, redirect=None, status=None)
method = 'POST', url = '/app/space/create', response = None
error = NewConnectionError("HTTPConnection(host='localhost', port=3210): Failed to establish a new connection: [Errno 61] Connection refused")
_pool = <urllib3.connectionpool.HTTPConnectionPool object at 0x108746e40>
_stacktrace = <traceback object at 0x1099ae440>

    def increment(
        self,
        method: str | None = None,
        url: str | None = None,
        response: BaseHTTPResponse | None = None,
        error: Exception | None = None,
        _pool: ConnectionPool | None = None,
        _stacktrace: TracebackType | None = None,
    ) -> Self:
        """Return a new Retry object with incremented retry counters.
    
        :param response: A response object, or None, if the server did not
            return a response.
        :type response: :class:`~urllib3.response.BaseHTTPResponse`
        :param Exception error: An error encountered during the request, or
            None if the response was received successfully.
    
        :return: A new ``Retry`` object.
        """
        if self.total is False and error:
            # Disabled, indicate to re-raise the error.
            raise reraise(type(error), error, _stacktrace)
    
        total = self.total
        if total is not None:
            total -= 1
    
        connect = self.connect
        read = self.read
        redirect = self.redirect
        status_count = self.status
        other = self.other
        cause = "unknown"
        status = None
        redirect_location = None
    
        if error and self._is_connection_error(error):
            # Connect retry?
            if connect is False:
                raise reraise(type(error), error, _stacktrace)
            elif connect is not None:
                connect -= 1
    
        elif error and self._is_read_error(error):
            # Read retry?
            if read is False or method is None or not self._is_method_retryable(method):
                raise reraise(type(error), error, _stacktrace)
            elif read is not None:
                read -= 1
    
        elif error:
            # Other retry?
            if other is not None:
                other -= 1
    
        elif response and response.get_redirect_location():
            # Redirect retry?
            if redirect is not None:
                redirect -= 1
            cause = "too many redirects"
            response_redirect_location = response.get_redirect_location()
            if response_redirect_location:
                redirect_location = response_redirect_location
            status = response.status
    
        else:
            # Incrementing because of a server error like a 500 in
            # status_forcelist and the given method is in the allowed_methods
            cause = ResponseError.GENERIC_ERROR
            if response and response.status:
                if status_count is not None:
                    status_count -= 1
                cause = ResponseError.SPECIFIC_ERROR.format(status_code=response.status)
                status = response.status
    
        history = self.history + (
            RequestHistory(method, url, error, status, redirect_location),
        )
    
        new_retry = self.new(
            total=total,
            connect=connect,
            read=read,
            redirect=redirect,
            status=status_count,
            other=other,
            history=history,
        )
    
        if new_retry.is_exhausted():
            reason = error or ResponseError(cause)
>           raise MaxRetryError(_pool, url, reason) from reason  # type: ignore[arg-type]
            ^^^^^^^^^^^^^^^^^^^^^^^^^^^^^^^^^^^^^^^^^^^^^^^^^^^
E           urllib3.exceptions.MaxRetryError: HTTPConnectionPool(host='localhost', port=3210): Max retries exceeded with url: /app/space/create (Caused by NewConnectionError("HTTPConnection(host='localhost', port=3210): Failed to establish a new connection: [Errno 61] Connection refused"))

.venv/lib/python3.12/site-packages/urllib3/util/retry.py:543: MaxRetryError

During handling of the above exception, another exception occurred:

    @pytest.fixture(scope="module")
    def espace_jetable() -> str:
        """Un espace à deux membres : DevCoach administrateur, E2E Coach 01 membre.
    
        Créé en pilotant les vraies routes — créer un espace en fait son
        administrateur, et rejoindre y entre comme membre simple. Aucune fabrication
        SQL : c'est le chemin que suivrait un utilisateur.
        """
        nom = f"E2E Admin {time.time_ns()}"
>       r = requests.post(
            f"{BASE_URL}/app/space/create",
            data={"space_name": nom, "logo_url": LOGO},
            headers={"HX-Request": "true", "Content-Type": FORM_URLENCODED},
            timeout=15,
        )

test_space_admin_membres.py:46: 
_ _ _ _ _ _ _ _ _ _ _ _ _ _ _ _ _ _ _ _ _ _ _ _ _ _ _ _ _ _ _ _ _ _ _ _ _ _ _ _ 
.venv/lib/python3.12/site-packages/requests/api.py:134: in post
    return request("post", url, data=data, json=json, **kwargs)
           ^^^^^^^^^^^^^^^^^^^^^^^^^^^^^^^^^^^^^^^^^^^^^^^^^^^^
.venv/lib/python3.12/site-packages/requests/api.py:71: in request
    return session.request(method=method, url=url, **kwargs)
           ^^^^^^^^^^^^^^^^^^^^^^^^^^^^^^^^^^^^^^^^^^^^^^^^^
.venv/lib/python3.12/site-packages/requests/sessions.py:651: in request
    resp = self.send(prep, **send_kwargs)
           ^^^^^^^^^^^^^^^^^^^^^^^^^^^^^^
.venv/lib/python3.12/site-packages/requests/sessions.py:784: in send
    r = adapter.send(request, **kwargs)
        ^^^^^^^^^^^^^^^^^^^^^^^^^^^^^^^
_ _ _ _ _ _ _ _ _ _ _ _ _ _ _ _ _ _ _ _ _ _ _ _ _ _ _ _ _ _ _ _ _ _ _ _ _ _ _ _ 

self = <requests.adapters.HTTPAdapter object at 0x108745ac0>
request = <PreparedRequest [POST]>, stream = False, timeout = 15, verify = True
cert = None, proxies = OrderedDict()

    def send(
        self,
        request: PreparedRequest,
        stream: bool = False,
        timeout: _t.TimeoutType = None,
        verify: _t.VerifyType = True,
        cert: _t.CertType = None,
        proxies: dict[str, str] | None = None,
    ) -> Response:
        """Sends PreparedRequest object. Returns Response object.
    
        :param request: The :class:`PreparedRequest <PreparedRequest>` being sent.
        :param stream: (optional) Whether to stream the request content.
        :param timeout: (optional) How long to wait for the server to send
            data before giving up, as a float, or a :ref:`(connect timeout,
            read timeout) <timeouts>` tuple.
        :type timeout: float or tuple or urllib3 Timeout object
        :param verify: (optional) Either a boolean, in which case it controls whether
            we verify the server's TLS certificate, or a string, in which case it
            must be a path to a CA bundle to use
        :param cert: (optional) Any user-provided SSL certificate to be trusted.
        :param proxies: (optional) The proxies dictionary to apply to the request.
        :rtype: requests.Response
        """
    
        assert _is_prepared(request)
    
        try:
            conn = self.get_connection_with_tls_context(
                request, verify, proxies=proxies, cert=cert
            )
        except LocationValueError as e:
            raise InvalidURL(e, request=request)
    
        self.cert_verify(conn, request.url, verify, cert)
        url = self.request_url(request, proxies)
        self.add_headers(
            request,
            stream=stream,
            timeout=timeout,
            verify=verify,
            cert=cert,
            proxies=proxies,
        )
    
        chunked = not (request.body is None or "Content-Length" in request.headers)
    
        if isinstance(timeout, tuple):
            try:
                connect, read = timeout
                resolved_timeout = TimeoutSauce(connect=connect, read=read)
            except ValueError:
                raise ValueError(
                    f"Invalid timeout {timeout}. Pass a (connect, read) timeout tuple, "
                    f"or a single float to set both timeouts to the same value."
                )
        elif isinstance(timeout, TimeoutSauce):
            resolved_timeout = timeout
        else:
            resolved_timeout = TimeoutSauce(connect=timeout, read=timeout)
    
        try:
            resp = conn.urlopen(
                method=request.method,
                url=url,
                body=request.body,  # type: ignore[arg-type]  # urllib3 stubs don't accept Iterable[bytes | str]
                headers=request.headers,  # type: ignore[arg-type]  # urllib3#3072
                redirect=False,
                assert_same_host=False,
                preload_content=False,
                decode_content=False,
                retries=self.max_retries,
                timeout=resolved_timeout,
                chunked=chunked,
            )
    
        except (ProtocolError, OSError) as err:
            raise ConnectionError(err, request=request)
    
        except MaxRetryError as e:
            if isinstance(e.reason, ConnectTimeoutError):
                # TODO: Remove this in 3.0.0: see #2811
                if not isinstance(e.reason, NewConnectionError):
                    raise ConnectTimeout(e, request=request)
    
            if isinstance(e.reason, ResponseError):
                raise RetryError(e, request=request)
    
            if isinstance(e.reason, _ProxyError):
                raise ProxyError(e, request=request)
    
            if isinstance(e.reason, _SSLError):
                # This branch is for urllib3 v1.22 and later.
                raise SSLError(e, request=request)
    
>           raise ConnectionError(e, request=request)
E           requests.exceptions.ConnectionError: HTTPConnectionPool(host='localhost', port=3210): Max retries exceeded with url: /app/space/create (Caused by NewConnectionError("HTTPConnection(host='localhost', port=3210): Failed to establish a new connection: [Errno 61] Connection refused"))

.venv/lib/python3.12/site-packages/requests/adapters.py:729: ConnectionError
_ ERROR at setup of test_la_liste_affiche_pseudo_email_masque_et_role[chromium] _

self = <HTTPConnection(host='localhost', port=3210) at 0x108bb47a0>

    def _new_conn(self) -> socket.socket:
        """Establish a socket connection and set nodelay settings on it.
    
        :return: New socket connection.
        """
        try:
>           sock = connection.create_connection(
                (self._dns_host, self.port),
                self.timeout,
                source_address=self.source_address,
                socket_options=self.socket_options,
            )

.venv/lib/python3.12/site-packages/urllib3/connection.py:204: 
_ _ _ _ _ _ _ _ _ _ _ _ _ _ _ _ _ _ _ _ _ _ _ _ _ _ _ _ _ _ _ _ _ _ _ _ _ _ _ _ 
.venv/lib/python3.12/site-packages/urllib3/util/connection.py:85: in create_connection
    raise err
_ _ _ _ _ _ _ _ _ _ _ _ _ _ _ _ _ _ _ _ _ _ _ _ _ _ _ _ _ _ _ _ _ _ _ _ _ _ _ _ 

address = ('localhost', 3210), timeout = 15, source_address = None
socket_options = [(6, 1, 1)]

    def create_connection(
        address: tuple[str, int],
        timeout: _TYPE_TIMEOUT = _DEFAULT_TIMEOUT,
        source_address: tuple[str, int] | None = None,
        socket_options: _TYPE_SOCKET_OPTIONS | None = None,
    ) -> socket.socket:
        """Connect to *address* and return the socket object.
    
        Convenience function.  Connect to *address* (a 2-tuple ``(host,
        port)``) and return the socket object.  Passing the optional
        *timeout* parameter will set the timeout on the socket instance
        before attempting to connect.  If no *timeout* is supplied, the
        global default timeout setting returned by :func:`socket.getdefaulttimeout`
        is used.  If *source_address* is set it must be a tuple of (host, port)
        for the socket to bind as a source address before making the connection.
        An host of '' or port 0 tells the OS to use the default.
        """
    
        host, port = address
        if host.startswith("["):
            host = host.strip("[]")
        err = None
    
        # Using the value from allowed_gai_family() in the context of getaddrinfo lets
        # us select whether to work with IPv4 DNS records, IPv6 records, or both.
        # The original create_connection function always returns all records.
        family = allowed_gai_family()
    
        try:
            host.encode("idna")
        except UnicodeError:
            raise LocationParseError(f"'{host}', label empty or too long") from None
    
        for res in socket.getaddrinfo(host, port, family, socket.SOCK_STREAM):
            af, socktype, proto, canonname, sa = res
            sock = None
            try:
                sock = socket.socket(af, socktype, proto)
    
                # If provided, set socket level options before connecting.
                _set_socket_options(sock, socket_options)
    
                if timeout is not _DEFAULT_TIMEOUT:
                    sock.settimeout(timeout)
                if source_address:
                    sock.bind(source_address)
>               sock.connect(sa)
E               ConnectionRefusedError: [Errno 61] Connection refused

.venv/lib/python3.12/site-packages/urllib3/util/connection.py:73: ConnectionRefusedError

The above exception was the direct cause of the following exception:

self = <urllib3.connectionpool.HTTPConnectionPool object at 0x108746e40>
method = 'POST', url = '/app/space/create'
body = 'space_name=E2E+Admin+1789045327420674000&logo_url=https%3A%2F%2Fres.cloudinary.com%2Fdemo%2Fimage%2Fupload%2Fsample.jpg'
headers = {'User-Agent': 'python-requests/2.34.2', 'Accept-Encoding': 'gzip, deflate', 'Accept': '*/*', 'Connection': 'keep-alive', 'HX-Request': 'true', 'Content-Type': 'application/x-www-form-urlencoded', 'Content-Length': '119'}
retries = Retry(total=0, connect=None, read=False, redirect=None, status=None)
redirect = False, assert_same_host = False
timeout = Timeout(connect=15, read=15, total=None), pool_timeout = None
release_conn = False, chunked = False, body_pos = None, preload_content = False
decode_content = False, response_kw = {}

    def urlopen(  # type: ignore[override]
        self,
        method: str,
        url: str,
        body: _TYPE_BODY | None = None,
        headers: typing.Mapping[str, str] | None = None,
        retries: Retry | bool | int | None = None,
        redirect: bool = True,
        assert_same_host: bool = True,
        timeout: _TYPE_TIMEOUT = _DEFAULT_TIMEOUT,
        pool_timeout: int | None = None,
        release_conn: bool | None = None,
        chunked: bool = False,
        body_pos: _TYPE_BODY_POSITION | None = None,
        preload_content: bool = True,
        decode_content: bool = True,
        **response_kw: typing.Any,
    ) -> BaseHTTPResponse:
        """
        Get a connection from the pool and perform an HTTP request. This is the
        lowest level call for making a request, so you'll need to specify all
        the raw details.
    
        .. note::
    
           More commonly, it's appropriate to use a convenience method
           such as :meth:`request`.
    
        .. note::
    
           `release_conn` will only behave as expected if
           `preload_content=False` because we want to make
           `preload_content=False` the default behaviour someday soon without
           breaking backwards compatibility.
    
        :param method:
            HTTP request method (such as GET, POST, PUT, etc.)
    
        :param url:
            The URL to perform the request on.
    
        :param body:
            Data to send in the request body, either :class:`str`, :class:`bytes`,
            an iterable of :class:`str`/:class:`bytes`, or a file-like object.
    
        :param headers:
            Dictionary of custom headers to send, such as User-Agent,
            If-None-Match, etc. If None, pool headers are used. If provided,
            these headers completely replace any pool-specific headers.
    
        :param retries:
            Configure the number of retries to allow before raising a
            :class:`~urllib3.exceptions.MaxRetryError` exception.
    
            If ``None`` (default) will retry 3 times, see ``Retry.DEFAULT``. Pass a
            :class:`~urllib3.util.retry.Retry` object for fine-grained control
            over different types of retries.
            Pass an integer number to retry connection errors that many times,
            but no other types of errors. Pass zero to never retry.
    
            If ``False``, then retries are disabled and any exception is raised
            immediately. Also, instead of raising a MaxRetryError on redirects,
            the redirect response will be returned.
    
        :type retries: :class:`~urllib3.util.retry.Retry`, False, or an int.
    
        :param redirect:
            If True, automatically handle redirects (status codes 301, 302,
            303, 307, 308). Each redirect counts as a retry. Disabling retries
            will disable redirect, too.
    
        :param assert_same_host:
            If ``True``, will make sure that the host of the pool requests is
            consistent else will raise HostChangedError. When ``False``, you can
            use the pool on an HTTP proxy and request foreign hosts.
    
        :param timeout:
            If specified, overrides the default timeout for this one
            request. It may be a float (in seconds) or an instance of
            :class:`urllib3.util.Timeout`.
    
        :param pool_timeout:
            If set and the pool is set to block=True, then this method will
            block for ``pool_timeout`` seconds and raise EmptyPoolError if no
            connection is available within the time period.
    
        :param bool preload_content:
            If True, the response's body will be preloaded into memory.
    
        :param bool decode_content:
            If True, will attempt to decode the body based on the
            'content-encoding' header.
    
        :param release_conn:
            If False, then the urlopen call will not release the connection
            back into the pool once a response is received (but will release if
            you read the entire contents of the response such as when
            `preload_content=True`). This is useful if you're not preloading
            the response's content immediately. You will need to call
            ``r.release_conn()`` on the response ``r`` to return the connection
            back into the pool. If None, it takes the value of ``preload_content``
            which defaults to ``True``.
    
        :param bool chunked:
            If True, urllib3 will send the body using chunked transfer
            encoding. Otherwise, urllib3 will send the body using the standard
            content-length form. Defaults to False.
    
        :param int body_pos:
            Position to seek to in file-like body in the event of a retry or
            redirect. Typically this won't need to be set because urllib3 will
            auto-populate the value when needed.
        """
        # Ensure that the URL we're connecting to is properly encoded
        if url.startswith("/"):
            # URLs starting with / are inherently schemeless.
            url = to_str(_encode_target(url))
            destination_scheme = None
        else:
            parsed_url = parse_url(url)
            destination_scheme = parsed_url.scheme
            url = to_str(parsed_url.url)
    
        if headers is None:
            headers = self.headers
    
        if not isinstance(retries, Retry):
            retries = Retry.from_int(retries, redirect=redirect, default=self.retries)
    
        if release_conn is None:
            release_conn = preload_content
    
        # Check host
        if assert_same_host and not self.is_same_host(url):
            raise HostChangedError(self, url, retries)
    
        conn = None
    
        # Track whether `conn` needs to be released before
        # returning/raising/recursing. Update this variable if necessary, and
        # leave `release_conn` constant throughout the function. That way, if
        # the function recurses, the original value of `release_conn` will be
        # passed down into the recursive call, and its value will be respected.
        #
        # See issue #651 [1] for details.
        #
        # [1] <https://github.com/urllib3/urllib3/issues/651>
        release_this_conn = release_conn
    
        http_tunnel_required = connection_requires_http_tunnel(
            self.proxy, self.proxy_config, destination_scheme
        )
    
        # Merge the proxy headers. Only done when not using HTTP CONNECT. We
        # have to copy the headers dict so we can safely change it without those
        # changes being reflected in anyone else's copy.
        if not http_tunnel_required:
            headers = headers.copy()  # type: ignore[attr-defined]
            headers.update(self.proxy_headers)  # type: ignore[union-attr]
    
        # Must keep the exception bound to a separate variable or else Python 3
        # complains about UnboundLocalError.
        err = None
    
        # Keep track of whether we cleanly exited the except block. This
        # ensures we do proper cleanup in finally.
        clean_exit = False
    
        # Rewind body position, if needed. Record current position
        # for future rewinds in the event of a redirect/retry.
        body_pos = set_file_position(body, body_pos)
    
        try:
            # Request a connection from the queue.
            timeout_obj = self._get_timeout(timeout)
            conn = self._get_conn(timeout=pool_timeout)
    
            conn.timeout = timeout_obj.connect_timeout  # type: ignore[assignment]
    
            # Is this a closed/new connection that requires CONNECT tunnelling?
            if self.proxy is not None and http_tunnel_required and conn.is_closed:
                try:
                    self._prepare_proxy(conn)
                except (BaseSSLError, OSError, SocketTimeout) as e:
                    self._raise_timeout(
                        err=e, url=self.proxy.url, timeout_value=conn.timeout
                    )
                    raise
    
            # If we're going to release the connection in ``finally:``, then
            # the response doesn't need to know about the connection. Otherwise
            # it will also try to release it and we'll have a double-release
            # mess.
            response_conn = conn if not release_conn else None
    
            # Make the request on the HTTPConnection object
>           response = self._make_request(
                conn,
                method,
                url,
                timeout=timeout_obj,
                body=body,
                headers=headers,
                chunked=chunked,
                retries=retries,
                response_conn=response_conn,
                preload_content=preload_content,
                decode_content=decode_content,
                **response_kw,
            )

.venv/lib/python3.12/site-packages/urllib3/connectionpool.py:788: 
_ _ _ _ _ _ _ _ _ _ _ _ _ _ _ _ _ _ _ _ _ _ _ _ _ _ _ _ _ _ _ _ _ _ _ _ _ _ _ _ 
.venv/lib/python3.12/site-packages/urllib3/connectionpool.py:493: in _make_request
    conn.request(
.venv/lib/python3.12/site-packages/urllib3/connection.py:500: in request
    self.endheaders()
/Users/bagouze/.local/share/uv/python/cpython-3.12.13-macos-aarch64-none/lib/python3.12/http/client.py:1353: in endheaders
    self._send_output(message_body, encode_chunked=encode_chunked)
/Users/bagouze/.local/share/uv/python/cpython-3.12.13-macos-aarch64-none/lib/python3.12/http/client.py:1113: in _send_output
    self.send(msg)
/Users/bagouze/.local/share/uv/python/cpython-3.12.13-macos-aarch64-none/lib/python3.12/http/client.py:1057: in send
    self.connect()
.venv/lib/python3.12/site-packages/urllib3/connection.py:331: in connect
    self.sock = self._new_conn()
                ^^^^^^^^^^^^^^^^
_ _ _ _ _ _ _ _ _ _ _ _ _ _ _ _ _ _ _ _ _ _ _ _ _ _ _ _ _ _ _ _ _ _ _ _ _ _ _ _ 

self = <HTTPConnection(host='localhost', port=3210) at 0x108bb47a0>

    def _new_conn(self) -> socket.socket:
        """Establish a socket connection and set nodelay settings on it.
    
        :return: New socket connection.
        """
        try:
            sock = connection.create_connection(
                (self._dns_host, self.port),
                self.timeout,
                source_address=self.source_address,
                socket_options=self.socket_options,
            )
        except socket.gaierror as e:
            raise NameResolutionError(self.host, self, e) from e
        except SocketTimeout as e:
            raise ConnectTimeoutError(
                self,
                f"Connection to {self.host} timed out. (connect timeout={self.timeout})",
            ) from e
    
        except OSError as e:
>           raise NewConnectionError(
                self, f"Failed to establish a new connection: {e}"
            ) from e
E           urllib3.exceptions.NewConnectionError: HTTPConnection(host='localhost', port=3210): Failed to establish a new connection: [Errno 61] Connection refused

.venv/lib/python3.12/site-packages/urllib3/connection.py:219: NewConnectionError

The above exception was the direct cause of the following exception:

self = <requests.adapters.HTTPAdapter object at 0x108745ac0>
request = <PreparedRequest [POST]>, stream = False, timeout = 15, verify = True
cert = None, proxies = OrderedDict()

    def send(
        self,
        request: PreparedRequest,
        stream: bool = False,
        timeout: _t.TimeoutType = None,
        verify: _t.VerifyType = True,
        cert: _t.CertType = None,
        proxies: dict[str, str] | None = None,
    ) -> Response:
        """Sends PreparedRequest object. Returns Response object.
    
        :param request: The :class:`PreparedRequest <PreparedRequest>` being sent.
        :param stream: (optional) Whether to stream the request content.
        :param timeout: (optional) How long to wait for the server to send
            data before giving up, as a float, or a :ref:`(connect timeout,
            read timeout) <timeouts>` tuple.
        :type timeout: float or tuple or urllib3 Timeout object
        :param verify: (optional) Either a boolean, in which case it controls whether
            we verify the server's TLS certificate, or a string, in which case it
            must be a path to a CA bundle to use
        :param cert: (optional) Any user-provided SSL certificate to be trusted.
        :param proxies: (optional) The proxies dictionary to apply to the request.
        :rtype: requests.Response
        """
    
        assert _is_prepared(request)
    
        try:
            conn = self.get_connection_with_tls_context(
                request, verify, proxies=proxies, cert=cert
            )
        except LocationValueError as e:
            raise InvalidURL(e, request=request)
    
        self.cert_verify(conn, request.url, verify, cert)
        url = self.request_url(request, proxies)
        self.add_headers(
            request,
            stream=stream,
            timeout=timeout,
            verify=verify,
            cert=cert,
            proxies=proxies,
        )
    
        chunked = not (request.body is None or "Content-Length" in request.headers)
    
        if isinstance(timeout, tuple):
            try:
                connect, read = timeout
                resolved_timeout = TimeoutSauce(connect=connect, read=read)
            except ValueError:
                raise ValueError(
                    f"Invalid timeout {timeout}. Pass a (connect, read) timeout tuple, "
                    f"or a single float to set both timeouts to the same value."
                )
        elif isinstance(timeout, TimeoutSauce):
            resolved_timeout = timeout
        else:
            resolved_timeout = TimeoutSauce(connect=timeout, read=timeout)
    
        try:
>           resp = conn.urlopen(
                method=request.method,
                url=url,
                body=request.body,  # type: ignore[arg-type]  # urllib3 stubs don't accept Iterable[bytes | str]
                headers=request.headers,  # type: ignore[arg-type]  # urllib3#3072
                redirect=False,
                assert_same_host=False,
                preload_content=False,
                decode_content=False,
                retries=self.max_retries,
                timeout=resolved_timeout,
                chunked=chunked,
            )

.venv/lib/python3.12/site-packages/requests/adapters.py:696: 
_ _ _ _ _ _ _ _ _ _ _ _ _ _ _ _ _ _ _ _ _ _ _ _ _ _ _ _ _ _ _ _ _ _ _ _ _ _ _ _ 
.venv/lib/python3.12/site-packages/urllib3/connectionpool.py:842: in urlopen
    retries = retries.increment(
_ _ _ _ _ _ _ _ _ _ _ _ _ _ _ _ _ _ _ _ _ _ _ _ _ _ _ _ _ _ _ _ _ _ _ _ _ _ _ _ 

self = Retry(total=0, connect=None, read=False, redirect=None, status=None)
method = 'POST', url = '/app/space/create', response = None
error = NewConnectionError("HTTPConnection(host='localhost', port=3210): Failed to establish a new connection: [Errno 61] Connection refused")
_pool = <urllib3.connectionpool.HTTPConnectionPool object at 0x108746e40>
_stacktrace = <traceback object at 0x1099ae440>

    def increment(
        self,
        method: str | None = None,
        url: str | None = None,
        response: BaseHTTPResponse | None = None,
        error: Exception | None = None,
        _pool: ConnectionPool | None = None,
        _stacktrace: TracebackType | None = None,
    ) -> Self:
        """Return a new Retry object with incremented retry counters.
    
        :param response: A response object, or None, if the server did not
            return a response.
        :type response: :class:`~urllib3.response.BaseHTTPResponse`
        :param Exception error: An error encountered during the request, or
            None if the response was received successfully.
    
        :return: A new ``Retry`` object.
        """
        if self.total is False and error:
            # Disabled, indicate to re-raise the error.
            raise reraise(type(error), error, _stacktrace)
    
        total = self.total
        if total is not None:
            total -= 1
    
        connect = self.connect
        read = self.read
        redirect = self.redirect
        status_count = self.status
        other = self.other
        cause = "unknown"
        status = None
        redirect_location = None
    
        if error and self._is_connection_error(error):
            # Connect retry?
            if connect is False:
                raise reraise(type(error), error, _stacktrace)
            elif connect is not None:
                connect -= 1
    
        elif error and self._is_read_error(error):
            # Read retry?
            if read is False or method is None or not self._is_method_retryable(method):
                raise reraise(type(error), error, _stacktrace)
            elif read is not None:
                read -= 1
    
        elif error:
            # Other retry?
            if other is not None:
                other -= 1
    
        elif response and response.get_redirect_location():
            # Redirect retry?
            if redirect is not None:
                redirect -= 1
            cause = "too many redirects"
            response_redirect_location = response.get_redirect_location()
            if response_redirect_location:
                redirect_location = response_redirect_location
            status = response.status
    
        else:
            # Incrementing because of a server error like a 500 in
            # status_forcelist and the given method is in the allowed_methods
            cause = ResponseError.GENERIC_ERROR
            if response and response.status:
                if status_count is not None:
                    status_count -= 1
                cause = ResponseError.SPECIFIC_ERROR.format(status_code=response.status)
                status = response.status
    
        history = self.history + (
            RequestHistory(method, url, error, status, redirect_location),
        )
    
        new_retry = self.new(
            total=total,
            connect=connect,
            read=read,
            redirect=redirect,
            status=status_count,
            other=other,
            history=history,
        )
    
        if new_retry.is_exhausted():
            reason = error or ResponseError(cause)
>           raise MaxRetryError(_pool, url, reason) from reason  # type: ignore[arg-type]
            ^^^^^^^^^^^^^^^^^^^^^^^^^^^^^^^^^^^^^^^^^^^^^^^^^^^
E           urllib3.exceptions.MaxRetryError: HTTPConnectionPool(host='localhost', port=3210): Max retries exceeded with url: /app/space/create (Caused by NewConnectionError("HTTPConnection(host='localhost', port=3210): Failed to establish a new connection: [Errno 61] Connection refused"))

.venv/lib/python3.12/site-packages/urllib3/util/retry.py:543: MaxRetryError

During handling of the above exception, another exception occurred:

    @pytest.fixture(scope="module")
    def espace_jetable() -> str:
        """Un espace à deux membres : DevCoach administrateur, E2E Coach 01 membre.
    
        Créé en pilotant les vraies routes — créer un espace en fait son
        administrateur, et rejoindre y entre comme membre simple. Aucune fabrication
        SQL : c'est le chemin que suivrait un utilisateur.
        """
        nom = f"E2E Admin {time.time_ns()}"
>       r = requests.post(
            f"{BASE_URL}/app/space/create",
            data={"space_name": nom, "logo_url": LOGO},
            headers={"HX-Request": "true", "Content-Type": FORM_URLENCODED},
            timeout=15,
        )

test_space_admin_membres.py:46: 
_ _ _ _ _ _ _ _ _ _ _ _ _ _ _ _ _ _ _ _ _ _ _ _ _ _ _ _ _ _ _ _ _ _ _ _ _ _ _ _ 
.venv/lib/python3.12/site-packages/requests/api.py:134: in post
    return request("post", url, data=data, json=json, **kwargs)
           ^^^^^^^^^^^^^^^^^^^^^^^^^^^^^^^^^^^^^^^^^^^^^^^^^^^^
.venv/lib/python3.12/site-packages/requests/api.py:71: in request
    return session.request(method=method, url=url, **kwargs)
           ^^^^^^^^^^^^^^^^^^^^^^^^^^^^^^^^^^^^^^^^^^^^^^^^^
.venv/lib/python3.12/site-packages/requests/sessions.py:651: in request
    resp = self.send(prep, **send_kwargs)
           ^^^^^^^^^^^^^^^^^^^^^^^^^^^^^^
.venv/lib/python3.12/site-packages/requests/sessions.py:784: in send
    r = adapter.send(request, **kwargs)
        ^^^^^^^^^^^^^^^^^^^^^^^^^^^^^^^
_ _ _ _ _ _ _ _ _ _ _ _ _ _ _ _ _ _ _ _ _ _ _ _ _ _ _ _ _ _ _ _ _ _ _ _ _ _ _ _ 

self = <requests.adapters.HTTPAdapter object at 0x108745ac0>
request = <PreparedRequest [POST]>, stream = False, timeout = 15, verify = True
cert = None, proxies = OrderedDict()

    def send(
        self,
        request: PreparedRequest,
        stream: bool = False,
        timeout: _t.TimeoutType = None,
        verify: _t.VerifyType = True,
        cert: _t.CertType = None,
        proxies: dict[str, str] | None = None,
    ) -> Response:
        """Sends PreparedRequest object. Returns Response object.
    
        :param request: The :class:`PreparedRequest <PreparedRequest>` being sent.
        :param stream: (optional) Whether to stream the request content.
        :param timeout: (optional) How long to wait for the server to send
            data before giving up, as a float, or a :ref:`(connect timeout,
            read timeout) <timeouts>` tuple.
        :type timeout: float or tuple or urllib3 Timeout object
        :param verify: (optional) Either a boolean, in which case it controls whether
            we verify the server's TLS certificate, or a string, in which case it
            must be a path to a CA bundle to use
        :param cert: (optional) Any user-provided SSL certificate to be trusted.
        :param proxies: (optional) The proxies dictionary to apply to the request.
        :rtype: requests.Response
        """
    
        assert _is_prepared(request)
    
        try:
            conn = self.get_connection_with_tls_context(
                request, verify, proxies=proxies, cert=cert
            )
        except LocationValueError as e:
            raise InvalidURL(e, request=request)
    
        self.cert_verify(conn, request.url, verify, cert)
        url = self.request_url(request, proxies)
        self.add_headers(
            request,
            stream=stream,
            timeout=timeout,
            verify=verify,
            cert=cert,
            proxies=proxies,
        )
    
        chunked = not (request.body is None or "Content-Length" in request.headers)
    
        if isinstance(timeout, tuple):
            try:
                connect, read = timeout
                resolved_timeout = TimeoutSauce(connect=connect, read=read)
            except ValueError:
                raise ValueError(
                    f"Invalid timeout {timeout}. Pass a (connect, read) timeout tuple, "
                    f"or a single float to set both timeouts to the same value."
                )
        elif isinstance(timeout, TimeoutSauce):
            resolved_timeout = timeout
        else:
            resolved_timeout = TimeoutSauce(connect=timeout, read=timeout)
    
        try:
            resp = conn.urlopen(
                method=request.method,
                url=url,
                body=request.body,  # type: ignore[arg-type]  # urllib3 stubs don't accept Iterable[bytes | str]
                headers=request.headers,  # type: ignore[arg-type]  # urllib3#3072
                redirect=False,
                assert_same_host=False,
                preload_content=False,
                decode_content=False,
                retries=self.max_retries,
                timeout=resolved_timeout,
                chunked=chunked,
            )
    
        except (ProtocolError, OSError) as err:
            raise ConnectionError(err, request=request)
    
        except MaxRetryError as e:
            if isinstance(e.reason, ConnectTimeoutError):
                # TODO: Remove this in 3.0.0: see #2811
                if not isinstance(e.reason, NewConnectionError):
                    raise ConnectTimeout(e, request=request)
    
            if isinstance(e.reason, ResponseError):
                raise RetryError(e, request=request)
    
            if isinstance(e.reason, _ProxyError):
                raise ProxyError(e, request=request)
    
            if isinstance(e.reason, _SSLError):
                # This branch is for urllib3 v1.22 and later.
                raise SSLError(e, request=request)
    
>           raise ConnectionError(e, request=request)
E           requests.exceptions.ConnectionError: HTTPConnectionPool(host='localhost', port=3210): Max retries exceeded with url: /app/space/create (Caused by NewConnectionError("HTTPConnection(host='localhost', port=3210): Failed to establish a new connection: [Errno 61] Connection refused"))

.venv/lib/python3.12/site-packages/requests/adapters.py:729: ConnectionError
_ ERROR at setup of test_sa_propre_ligne_n_est_ni_modifiable_ni_retirable[chromium] _

self = <HTTPConnection(host='localhost', port=3210) at 0x108bb47a0>

    def _new_conn(self) -> socket.socket:
        """Establish a socket connection and set nodelay settings on it.
    
        :return: New socket connection.
        """
        try:
>           sock = connection.create_connection(
                (self._dns_host, self.port),
                self.timeout,
                source_address=self.source_address,
                socket_options=self.socket_options,
            )

.venv/lib/python3.12/site-packages/urllib3/connection.py:204: 
_ _ _ _ _ _ _ _ _ _ _ _ _ _ _ _ _ _ _ _ _ _ _ _ _ _ _ _ _ _ _ _ _ _ _ _ _ _ _ _ 
.venv/lib/python3.12/site-packages/urllib3/util/connection.py:85: in create_connection
    raise err
_ _ _ _ _ _ _ _ _ _ _ _ _ _ _ _ _ _ _ _ _ _ _ _ _ _ _ _ _ _ _ _ _ _ _ _ _ _ _ _ 

address = ('localhost', 3210), timeout = 15, source_address = None
socket_options = [(6, 1, 1)]

    def create_connection(
        address: tuple[str, int],
        timeout: _TYPE_TIMEOUT = _DEFAULT_TIMEOUT,
        source_address: tuple[str, int] | None = None,
        socket_options: _TYPE_SOCKET_OPTIONS | None = None,
    ) -> socket.socket:
        """Connect to *address* and return the socket object.
    
        Convenience function.  Connect to *address* (a 2-tuple ``(host,
        port)``) and return the socket object.  Passing the optional
        *timeout* parameter will set the timeout on the socket instance
        before attempting to connect.  If no *timeout* is supplied, the
        global default timeout setting returned by :func:`socket.getdefaulttimeout`
        is used.  If *source_address* is set it must be a tuple of (host, port)
        for the socket to bind as a source address before making the connection.
        An host of '' or port 0 tells the OS to use the default.
        """
    
        host, port = address
        if host.startswith("["):
            host = host.strip("[]")
        err = None
    
        # Using the value from allowed_gai_family() in the context of getaddrinfo lets
        # us select whether to work with IPv4 DNS records, IPv6 records, or both.
        # The original create_connection function always returns all records.
        family = allowed_gai_family()
    
        try:
            host.encode("idna")
        except UnicodeError:
            raise LocationParseError(f"'{host}', label empty or too long") from None
    
        for res in socket.getaddrinfo(host, port, family, socket.SOCK_STREAM):
            af, socktype, proto, canonname, sa = res
            sock = None
            try:
                sock = socket.socket(af, socktype, proto)
    
                # If provided, set socket level options before connecting.
                _set_socket_options(sock, socket_options)
    
                if timeout is not _DEFAULT_TIMEOUT:
                    sock.settimeout(timeout)
                if source_address:
                    sock.bind(source_address)
>               sock.connect(sa)
E               ConnectionRefusedError: [Errno 61] Connection refused

.venv/lib/python3.12/site-packages/urllib3/util/connection.py:73: ConnectionRefusedError

The above exception was the direct cause of the following exception:

self = <urllib3.connectionpool.HTTPConnectionPool object at 0x108746e40>
method = 'POST', url = '/app/space/create'
body = 'space_name=E2E+Admin+1789045327420674000&logo_url=https%3A%2F%2Fres.cloudinary.com%2Fdemo%2Fimage%2Fupload%2Fsample.jpg'
headers = {'User-Agent': 'python-requests/2.34.2', 'Accept-Encoding': 'gzip, deflate', 'Accept': '*/*', 'Connection': 'keep-alive', 'HX-Request': 'true', 'Content-Type': 'application/x-www-form-urlencoded', 'Content-Length': '119'}
retries = Retry(total=0, connect=None, read=False, redirect=None, status=None)
redirect = False, assert_same_host = False
timeout = Timeout(connect=15, read=15, total=None), pool_timeout = None
release_conn = False, chunked = False, body_pos = None, preload_content = False
decode_content = False, response_kw = {}

    def urlopen(  # type: ignore[override]
        self,
        method: str,
        url: str,
        body: _TYPE_BODY | None = None,
        headers: typing.Mapping[str, str] | None = None,
        retries: Retry | bool | int | None = None,
        redirect: bool = True,
        assert_same_host: bool = True,
        timeout: _TYPE_TIMEOUT = _DEFAULT_TIMEOUT,
        pool_timeout: int | None = None,
        release_conn: bool | None = None,
        chunked: bool = False,
        body_pos: _TYPE_BODY_POSITION | None = None,
        preload_content: bool = True,
        decode_content: bool = True,
        **response_kw: typing.Any,
    ) -> BaseHTTPResponse:
        """
        Get a connection from the pool and perform an HTTP request. This is the
        lowest level call for making a request, so you'll need to specify all
        the raw details.
    
        .. note::
    
           More commonly, it's appropriate to use a convenience method
           such as :meth:`request`.
    
        .. note::
    
           `release_conn` will only behave as expected if
           `preload_content=False` because we want to make
           `preload_content=False` the default behaviour someday soon without
           breaking backwards compatibility.
    
        :param method:
            HTTP request method (such as GET, POST, PUT, etc.)
    
        :param url:
            The URL to perform the request on.
    
        :param body:
            Data to send in the request body, either :class:`str`, :class:`bytes`,
            an iterable of :class:`str`/:class:`bytes`, or a file-like object.
    
        :param headers:
            Dictionary of custom headers to send, such as User-Agent,
            If-None-Match, etc. If None, pool headers are used. If provided,
            these headers completely replace any pool-specific headers.
    
        :param retries:
            Configure the number of retries to allow before raising a
            :class:`~urllib3.exceptions.MaxRetryError` exception.
    
            If ``None`` (default) will retry 3 times, see ``Retry.DEFAULT``. Pass a
            :class:`~urllib3.util.retry.Retry` object for fine-grained control
            over different types of retries.
            Pass an integer number to retry connection errors that many times,
            but no other types of errors. Pass zero to never retry.
    
            If ``False``, then retries are disabled and any exception is raised
            immediately. Also, instead of raising a MaxRetryError on redirects,
            the redirect response will be returned.
    
        :type retries: :class:`~urllib3.util.retry.Retry`, False, or an int.
    
        :param redirect:
            If True, automatically handle redirects (status codes 301, 302,
            303, 307, 308). Each redirect counts as a retry. Disabling retries
            will disable redirect, too.
    
        :param assert_same_host:
            If ``True``, will make sure that the host of the pool requests is
            consistent else will raise HostChangedError. When ``False``, you can
            use the pool on an HTTP proxy and request foreign hosts.
    
        :param timeout:
            If specified, overrides the default timeout for this one
            request. It may be a float (in seconds) or an instance of
            :class:`urllib3.util.Timeout`.
    
        :param pool_timeout:
            If set and the pool is set to block=True, then this method will
            block for ``pool_timeout`` seconds and raise EmptyPoolError if no
            connection is available within the time period.
    
        :param bool preload_content:
            If True, the response's body will be preloaded into memory.
    
        :param bool decode_content:
            If True, will attempt to decode the body based on the
            'content-encoding' header.
    
        :param release_conn:
            If False, then the urlopen call will not release the connection
            back into the pool once a response is received (but will release if
            you read the entire contents of the response such as when
            `preload_content=True`). This is useful if you're not preloading
            the response's content immediately. You will need to call
            ``r.release_conn()`` on the response ``r`` to return the connection
            back into the pool. If None, it takes the value of ``preload_content``
            which defaults to ``True``.
    
        :param bool chunked:
            If True, urllib3 will send the body using chunked transfer
            encoding. Otherwise, urllib3 will send the body using the standard
            content-length form. Defaults to False.
    
        :param int body_pos:
            Position to seek to in file-like body in the event of a retry or
            redirect. Typically this won't need to be set because urllib3 will
            auto-populate the value when needed.
        """
        # Ensure that the URL we're connecting to is properly encoded
        if url.startswith("/"):
            # URLs starting with / are inherently schemeless.
            url = to_str(_encode_target(url))
            destination_scheme = None
        else:
            parsed_url = parse_url(url)
            destination_scheme = parsed_url.scheme
            url = to_str(parsed_url.url)
    
        if headers is None:
            headers = self.headers
    
        if not isinstance(retries, Retry):
            retries = Retry.from_int(retries, redirect=redirect, default=self.retries)
    
        if release_conn is None:
            release_conn = preload_content
    
        # Check host
        if assert_same_host and not self.is_same_host(url):
            raise HostChangedError(self, url, retries)
    
        conn = None
    
        # Track whether `conn` needs to be released before
        # returning/raising/recursing. Update this variable if necessary, and
        # leave `release_conn` constant throughout the function. That way, if
        # the function recurses, the original value of `release_conn` will be
        # passed down into the recursive call, and its value will be respected.
        #
        # See issue #651 [1] for details.
        #
        # [1] <https://github.com/urllib3/urllib3/issues/651>
        release_this_conn = release_conn
    
        http_tunnel_required = connection_requires_http_tunnel(
            self.proxy, self.proxy_config, destination_scheme
        )
    
        # Merge the proxy headers. Only done when not using HTTP CONNECT. We
        # have to copy the headers dict so we can safely change it without those
        # changes being reflected in anyone else's copy.
        if not http_tunnel_required:
            headers = headers.copy()  # type: ignore[attr-defined]
            headers.update(self.proxy_headers)  # type: ignore[union-attr]
    
        # Must keep the exception bound to a separate variable or else Python 3
        # complains about UnboundLocalError.
        err = None
    
        # Keep track of whether we cleanly exited the except block. This
        # ensures we do proper cleanup in finally.
        clean_exit = False
    
        # Rewind body position, if needed. Record current position
        # for future rewinds in the event of a redirect/retry.
        body_pos = set_file_position(body, body_pos)
    
        try:
            # Request a connection from the queue.
            timeout_obj = self._get_timeout(timeout)
            conn = self._get_conn(timeout=pool_timeout)
    
            conn.timeout = timeout_obj.connect_timeout  # type: ignore[assignment]
    
            # Is this a closed/new connection that requires CONNECT tunnelling?
            if self.proxy is not None and http_tunnel_required and conn.is_closed:
                try:
                    self._prepare_proxy(conn)
                except (BaseSSLError, OSError, SocketTimeout) as e:
                    self._raise_timeout(
                        err=e, url=self.proxy.url, timeout_value=conn.timeout
                    )
                    raise
    
            # If we're going to release the connection in ``finally:``, then
            # the response doesn't need to know about the connection. Otherwise
            # it will also try to release it and we'll have a double-release
            # mess.
            response_conn = conn if not release_conn else None
    
            # Make the request on the HTTPConnection object
>           response = self._make_request(
                conn,
                method,
                url,
                timeout=timeout_obj,
                body=body,
                headers=headers,
                chunked=chunked,
                retries=retries,
                response_conn=response_conn,
                preload_content=preload_content,
                decode_content=decode_content,
                **response_kw,
            )

.venv/lib/python3.12/site-packages/urllib3/connectionpool.py:788: 
_ _ _ _ _ _ _ _ _ _ _ _ _ _ _ _ _ _ _ _ _ _ _ _ _ _ _ _ _ _ _ _ _ _ _ _ _ _ _ _ 
.venv/lib/python3.12/site-packages/urllib3/connectionpool.py:493: in _make_request
    conn.request(
.venv/lib/python3.12/site-packages/urllib3/connection.py:500: in request
    self.endheaders()
/Users/bagouze/.local/share/uv/python/cpython-3.12.13-macos-aarch64-none/lib/python3.12/http/client.py:1353: in endheaders
    self._send_output(message_body, encode_chunked=encode_chunked)
/Users/bagouze/.local/share/uv/python/cpython-3.12.13-macos-aarch64-none/lib/python3.12/http/client.py:1113: in _send_output
    self.send(msg)
/Users/bagouze/.local/share/uv/python/cpython-3.12.13-macos-aarch64-none/lib/python3.12/http/client.py:1057: in send
    self.connect()
.venv/lib/python3.12/site-packages/urllib3/connection.py:331: in connect
    self.sock = self._new_conn()
                ^^^^^^^^^^^^^^^^
_ _ _ _ _ _ _ _ _ _ _ _ _ _ _ _ _ _ _ _ _ _ _ _ _ _ _ _ _ _ _ _ _ _ _ _ _ _ _ _ 

self = <HTTPConnection(host='localhost', port=3210) at 0x108bb47a0>

    def _new_conn(self) -> socket.socket:
        """Establish a socket connection and set nodelay settings on it.
    
        :return: New socket connection.
        """
        try:
            sock = connection.create_connection(
                (self._dns_host, self.port),
                self.timeout,
                source_address=self.source_address,
                socket_options=self.socket_options,
            )
        except socket.gaierror as e:
            raise NameResolutionError(self.host, self, e) from e
        except SocketTimeout as e:
            raise ConnectTimeoutError(
                self,
                f"Connection to {self.host} timed out. (connect timeout={self.timeout})",
            ) from e
    
        except OSError as e:
>           raise NewConnectionError(
                self, f"Failed to establish a new connection: {e}"
            ) from e
E           urllib3.exceptions.NewConnectionError: HTTPConnection(host='localhost', port=3210): Failed to establish a new connection: [Errno 61] Connection refused

.venv/lib/python3.12/site-packages/urllib3/connection.py:219: NewConnectionError

The above exception was the direct cause of the following exception:

self = <requests.adapters.HTTPAdapter object at 0x108745ac0>
request = <PreparedRequest [POST]>, stream = False, timeout = 15, verify = True
cert = None, proxies = OrderedDict()

    def send(
        self,
        request: PreparedRequest,
        stream: bool = False,
        timeout: _t.TimeoutType = None,
        verify: _t.VerifyType = True,
        cert: _t.CertType = None,
        proxies: dict[str, str] | None = None,
    ) -> Response:
        """Sends PreparedRequest object. Returns Response object.
    
        :param request: The :class:`PreparedRequest <PreparedRequest>` being sent.
        :param stream: (optional) Whether to stream the request content.
        :param timeout: (optional) How long to wait for the server to send
            data before giving up, as a float, or a :ref:`(connect timeout,
            read timeout) <timeouts>` tuple.
        :type timeout: float or tuple or urllib3 Timeout object
        :param verify: (optional) Either a boolean, in which case it controls whether
            we verify the server's TLS certificate, or a string, in which case it
            must be a path to a CA bundle to use
        :param cert: (optional) Any user-provided SSL certificate to be trusted.
        :param proxies: (optional) The proxies dictionary to apply to the request.
        :rtype: requests.Response
        """
    
        assert _is_prepared(request)
    
        try:
            conn = self.get_connection_with_tls_context(
                request, verify, proxies=proxies, cert=cert
            )
        except LocationValueError as e:
            raise InvalidURL(e, request=request)
    
        self.cert_verify(conn, request.url, verify, cert)
        url = self.request_url(request, proxies)
        self.add_headers(
            request,
            stream=stream,
            timeout=timeout,
            verify=verify,
            cert=cert,
            proxies=proxies,
        )
    
        chunked = not (request.body is None or "Content-Length" in request.headers)
    
        if isinstance(timeout, tuple):
            try:
                connect, read = timeout
                resolved_timeout = TimeoutSauce(connect=connect, read=read)
            except ValueError:
                raise ValueError(
                    f"Invalid timeout {timeout}. Pass a (connect, read) timeout tuple, "
                    f"or a single float to set both timeouts to the same value."
                )
        elif isinstance(timeout, TimeoutSauce):
            resolved_timeout = timeout
        else:
            resolved_timeout = TimeoutSauce(connect=timeout, read=timeout)
    
        try:
>           resp = conn.urlopen(
                method=request.method,
                url=url,
                body=request.body,  # type: ignore[arg-type]  # urllib3 stubs don't accept Iterable[bytes | str]
                headers=request.headers,  # type: ignore[arg-type]  # urllib3#3072
                redirect=False,
                assert_same_host=False,
                preload_content=False,
                decode_content=False,
                retries=self.max_retries,
                timeout=resolved_timeout,
                chunked=chunked,
            )

.venv/lib/python3.12/site-packages/requests/adapters.py:696: 
_ _ _ _ _ _ _ _ _ _ _ _ _ _ _ _ _ _ _ _ _ _ _ _ _ _ _ _ _ _ _ _ _ _ _ _ _ _ _ _ 
.venv/lib/python3.12/site-packages/urllib3/connectionpool.py:842: in urlopen
    retries = retries.increment(
_ _ _ _ _ _ _ _ _ _ _ _ _ _ _ _ _ _ _ _ _ _ _ _ _ _ _ _ _ _ _ _ _ _ _ _ _ _ _ _ 

self = Retry(total=0, connect=None, read=False, redirect=None, status=None)
method = 'POST', url = '/app/space/create', response = None
error = NewConnectionError("HTTPConnection(host='localhost', port=3210): Failed to establish a new connection: [Errno 61] Connection refused")
_pool = <urllib3.connectionpool.HTTPConnectionPool object at 0x108746e40>
_stacktrace = <traceback object at 0x1099ae440>

    def increment(
        self,
        method: str | None = None,
        url: str | None = None,
        response: BaseHTTPResponse | None = None,
        error: Exception | None = None,
        _pool: ConnectionPool | None = None,
        _stacktrace: TracebackType | None = None,
    ) -> Self:
        """Return a new Retry object with incremented retry counters.
    
        :param response: A response object, or None, if the server did not
            return a response.
        :type response: :class:`~urllib3.response.BaseHTTPResponse`
        :param Exception error: An error encountered during the request, or
            None if the response was received successfully.
    
        :return: A new ``Retry`` object.
        """
        if self.total is False and error:
            # Disabled, indicate to re-raise the error.
            raise reraise(type(error), error, _stacktrace)
    
        total = self.total
        if total is not None:
            total -= 1
    
        connect = self.connect
        read = self.read
        redirect = self.redirect
        status_count = self.status
        other = self.other
        cause = "unknown"
        status = None
        redirect_location = None
    
        if error and self._is_connection_error(error):
            # Connect retry?
            if connect is False:
                raise reraise(type(error), error, _stacktrace)
            elif connect is not None:
                connect -= 1
    
        elif error and self._is_read_error(error):
            # Read retry?
            if read is False or method is None or not self._is_method_retryable(method):
                raise reraise(type(error), error, _stacktrace)
            elif read is not None:
                read -= 1
    
        elif error:
            # Other retry?
            if other is not None:
                other -= 1
    
        elif response and response.get_redirect_location():
            # Redirect retry?
            if redirect is not None:
                redirect -= 1
            cause = "too many redirects"
            response_redirect_location = response.get_redirect_location()
            if response_redirect_location:
                redirect_location = response_redirect_location
            status = response.status
    
        else:
            # Incrementing because of a server error like a 500 in
            # status_forcelist and the given method is in the allowed_methods
            cause = ResponseError.GENERIC_ERROR
            if response and response.status:
                if status_count is not None:
                    status_count -= 1
                cause = ResponseError.SPECIFIC_ERROR.format(status_code=response.status)
                status = response.status
    
        history = self.history + (
            RequestHistory(method, url, error, status, redirect_location),
        )
    
        new_retry = self.new(
            total=total,
            connect=connect,
            read=read,
            redirect=redirect,
            status=status_count,
            other=other,
            history=history,
        )
    
        if new_retry.is_exhausted():
            reason = error or ResponseError(cause)
>           raise MaxRetryError(_pool, url, reason) from reason  # type: ignore[arg-type]
            ^^^^^^^^^^^^^^^^^^^^^^^^^^^^^^^^^^^^^^^^^^^^^^^^^^^
E           urllib3.exceptions.MaxRetryError: HTTPConnectionPool(host='localhost', port=3210): Max retries exceeded with url: /app/space/create (Caused by NewConnectionError("HTTPConnection(host='localhost', port=3210): Failed to establish a new connection: [Errno 61] Connection refused"))

.venv/lib/python3.12/site-packages/urllib3/util/retry.py:543: MaxRetryError

During handling of the above exception, another exception occurred:

    @pytest.fixture(scope="module")
    def espace_jetable() -> str:
        """Un espace à deux membres : DevCoach administrateur, E2E Coach 01 membre.
    
        Créé en pilotant les vraies routes — créer un espace en fait son
        administrateur, et rejoindre y entre comme membre simple. Aucune fabrication
        SQL : c'est le chemin que suivrait un utilisateur.
        """
        nom = f"E2E Admin {time.time_ns()}"
>       r = requests.post(
            f"{BASE_URL}/app/space/create",
            data={"space_name": nom, "logo_url": LOGO},
            headers={"HX-Request": "true", "Content-Type": FORM_URLENCODED},
            timeout=15,
        )

test_space_admin_membres.py:46: 
_ _ _ _ _ _ _ _ _ _ _ _ _ _ _ _ _ _ _ _ _ _ _ _ _ _ _ _ _ _ _ _ _ _ _ _ _ _ _ _ 
.venv/lib/python3.12/site-packages/requests/api.py:134: in post
    return request("post", url, data=data, json=json, **kwargs)
           ^^^^^^^^^^^^^^^^^^^^^^^^^^^^^^^^^^^^^^^^^^^^^^^^^^^^
.venv/lib/python3.12/site-packages/requests/api.py:71: in request
    return session.request(method=method, url=url, **kwargs)
           ^^^^^^^^^^^^^^^^^^^^^^^^^^^^^^^^^^^^^^^^^^^^^^^^^
.venv/lib/python3.12/site-packages/requests/sessions.py:651: in request
    resp = self.send(prep, **send_kwargs)
           ^^^^^^^^^^^^^^^^^^^^^^^^^^^^^^
.venv/lib/python3.12/site-packages/requests/sessions.py:784: in send
    r = adapter.send(request, **kwargs)
        ^^^^^^^^^^^^^^^^^^^^^^^^^^^^^^^
_ _ _ _ _ _ _ _ _ _ _ _ _ _ _ _ _ _ _ _ _ _ _ _ _ _ _ _ _ _ _ _ _ _ _ _ _ _ _ _ 

self = <requests.adapters.HTTPAdapter object at 0x108745ac0>
request = <PreparedRequest [POST]>, stream = False, timeout = 15, verify = True
cert = None, proxies = OrderedDict()

    def send(
        self,
        request: PreparedRequest,
        stream: bool = False,
        timeout: _t.TimeoutType = None,
        verify: _t.VerifyType = True,
        cert: _t.CertType = None,
        proxies: dict[str, str] | None = None,
    ) -> Response:
        """Sends PreparedRequest object. Returns Response object.
    
        :param request: The :class:`PreparedRequest <PreparedRequest>` being sent.
        :param stream: (optional) Whether to stream the request content.
        :param timeout: (optional) How long to wait for the server to send
            data before giving up, as a float, or a :ref:`(connect timeout,
            read timeout) <timeouts>` tuple.
        :type timeout: float or tuple or urllib3 Timeout object
        :param verify: (optional) Either a boolean, in which case it controls whether
            we verify the server's TLS certificate, or a string, in which case it
            must be a path to a CA bundle to use
        :param cert: (optional) Any user-provided SSL certificate to be trusted.
        :param proxies: (optional) The proxies dictionary to apply to the request.
        :rtype: requests.Response
        """
    
        assert _is_prepared(request)
    
        try:
            conn = self.get_connection_with_tls_context(
                request, verify, proxies=proxies, cert=cert
            )
        except LocationValueError as e:
            raise InvalidURL(e, request=request)
    
        self.cert_verify(conn, request.url, verify, cert)
        url = self.request_url(request, proxies)
        self.add_headers(
            request,
            stream=stream,
            timeout=timeout,
            verify=verify,
            cert=cert,
            proxies=proxies,
        )
    
        chunked = not (request.body is None or "Content-Length" in request.headers)
    
        if isinstance(timeout, tuple):
            try:
                connect, read = timeout
                resolved_timeout = TimeoutSauce(connect=connect, read=read)
            except ValueError:
                raise ValueError(
                    f"Invalid timeout {timeout}. Pass a (connect, read) timeout tuple, "
                    f"or a single float to set both timeouts to the same value."
                )
        elif isinstance(timeout, TimeoutSauce):
            resolved_timeout = timeout
        else:
            resolved_timeout = TimeoutSauce(connect=timeout, read=timeout)
    
        try:
            resp = conn.urlopen(
                method=request.method,
                url=url,
                body=request.body,  # type: ignore[arg-type]  # urllib3 stubs don't accept Iterable[bytes | str]
                headers=request.headers,  # type: ignore[arg-type]  # urllib3#3072
                redirect=False,
                assert_same_host=False,
                preload_content=False,
                decode_content=False,
                retries=self.max_retries,
                timeout=resolved_timeout,
                chunked=chunked,
            )
    
        except (ProtocolError, OSError) as err:
            raise ConnectionError(err, request=request)
    
        except MaxRetryError as e:
            if isinstance(e.reason, ConnectTimeoutError):
                # TODO: Remove this in 3.0.0: see #2811
                if not isinstance(e.reason, NewConnectionError):
                    raise ConnectTimeout(e, request=request)
    
            if isinstance(e.reason, ResponseError):
                raise RetryError(e, request=request)
    
            if isinstance(e.reason, _ProxyError):
                raise ProxyError(e, request=request)
    
            if isinstance(e.reason, _SSLError):
                # This branch is for urllib3 v1.22 and later.
                raise SSLError(e, request=request)
    
>           raise ConnectionError(e, request=request)
E           requests.exceptions.ConnectionError: HTTPConnectionPool(host='localhost', port=3210): Max retries exceeded with url: /app/space/create (Caused by NewConnectionError("HTTPConnection(host='localhost', port=3210): Failed to establish a new connection: [Errno 61] Connection refused"))

.venv/lib/python3.12/site-packages/requests/adapters.py:729: ConnectionError
______ ERROR at setup of test_la_recherche_filtre_sans_requete[chromium] _______

self = <HTTPConnection(host='localhost', port=3210) at 0x108bb47a0>

    def _new_conn(self) -> socket.socket:
        """Establish a socket connection and set nodelay settings on it.
    
        :return: New socket connection.
        """
        try:
>           sock = connection.create_connection(
                (self._dns_host, self.port),
                self.timeout,
                source_address=self.source_address,
                socket_options=self.socket_options,
            )

.venv/lib/python3.12/site-packages/urllib3/connection.py:204: 
_ _ _ _ _ _ _ _ _ _ _ _ _ _ _ _ _ _ _ _ _ _ _ _ _ _ _ _ _ _ _ _ _ _ _ _ _ _ _ _ 
.venv/lib/python3.12/site-packages/urllib3/util/connection.py:85: in create_connection
    raise err
_ _ _ _ _ _ _ _ _ _ _ _ _ _ _ _ _ _ _ _ _ _ _ _ _ _ _ _ _ _ _ _ _ _ _ _ _ _ _ _ 

address = ('localhost', 3210), timeout = 15, source_address = None
socket_options = [(6, 1, 1)]

    def create_connection(
        address: tuple[str, int],
        timeout: _TYPE_TIMEOUT = _DEFAULT_TIMEOUT,
        source_address: tuple[str, int] | None = None,
        socket_options: _TYPE_SOCKET_OPTIONS | None = None,
    ) -> socket.socket:
        """Connect to *address* and return the socket object.
    
        Convenience function.  Connect to *address* (a 2-tuple ``(host,
        port)``) and return the socket object.  Passing the optional
        *timeout* parameter will set the timeout on the socket instance
        before attempting to connect.  If no *timeout* is supplied, the
        global default timeout setting returned by :func:`socket.getdefaulttimeout`
        is used.  If *source_address* is set it must be a tuple of (host, port)
        for the socket to bind as a source address before making the connection.
        An host of '' or port 0 tells the OS to use the default.
        """
    
        host, port = address
        if host.startswith("["):
            host = host.strip("[]")
        err = None
    
        # Using the value from allowed_gai_family() in the context of getaddrinfo lets
        # us select whether to work with IPv4 DNS records, IPv6 records, or both.
        # The original create_connection function always returns all records.
        family = allowed_gai_family()
    
        try:
            host.encode("idna")
        except UnicodeError:
            raise LocationParseError(f"'{host}', label empty or too long") from None
    
        for res in socket.getaddrinfo(host, port, family, socket.SOCK_STREAM):
            af, socktype, proto, canonname, sa = res
            sock = None
            try:
                sock = socket.socket(af, socktype, proto)
    
                # If provided, set socket level options before connecting.
                _set_socket_options(sock, socket_options)
    
                if timeout is not _DEFAULT_TIMEOUT:
                    sock.settimeout(timeout)
                if source_address:
                    sock.bind(source_address)
>               sock.connect(sa)
E               ConnectionRefusedError: [Errno 61] Connection refused

.venv/lib/python3.12/site-packages/urllib3/util/connection.py:73: ConnectionRefusedError

The above exception was the direct cause of the following exception:

self = <urllib3.connectionpool.HTTPConnectionPool object at 0x108746e40>
method = 'POST', url = '/app/space/create'
body = 'space_name=E2E+Admin+1789045327420674000&logo_url=https%3A%2F%2Fres.cloudinary.com%2Fdemo%2Fimage%2Fupload%2Fsample.jpg'
headers = {'User-Agent': 'python-requests/2.34.2', 'Accept-Encoding': 'gzip, deflate', 'Accept': '*/*', 'Connection': 'keep-alive', 'HX-Request': 'true', 'Content-Type': 'application/x-www-form-urlencoded', 'Content-Length': '119'}
retries = Retry(total=0, connect=None, read=False, redirect=None, status=None)
redirect = False, assert_same_host = False
timeout = Timeout(connect=15, read=15, total=None), pool_timeout = None
release_conn = False, chunked = False, body_pos = None, preload_content = False
decode_content = False, response_kw = {}

    def urlopen(  # type: ignore[override]
        self,
        method: str,
        url: str,
        body: _TYPE_BODY | None = None,
        headers: typing.Mapping[str, str] | None = None,
        retries: Retry | bool | int | None = None,
        redirect: bool = True,
        assert_same_host: bool = True,
        timeout: _TYPE_TIMEOUT = _DEFAULT_TIMEOUT,
        pool_timeout: int | None = None,
        release_conn: bool | None = None,
        chunked: bool = False,
        body_pos: _TYPE_BODY_POSITION | None = None,
        preload_content: bool = True,
        decode_content: bool = True,
        **response_kw: typing.Any,
    ) -> BaseHTTPResponse:
        """
        Get a connection from the pool and perform an HTTP request. This is the
        lowest level call for making a request, so you'll need to specify all
        the raw details.
    
        .. note::
    
           More commonly, it's appropriate to use a convenience method
           such as :meth:`request`.
    
        .. note::
    
           `release_conn` will only behave as expected if
           `preload_content=False` because we want to make
           `preload_content=False` the default behaviour someday soon without
           breaking backwards compatibility.
    
        :param method:
            HTTP request method (such as GET, POST, PUT, etc.)
    
        :param url:
            The URL to perform the request on.
    
        :param body:
            Data to send in the request body, either :class:`str`, :class:`bytes`,
            an iterable of :class:`str`/:class:`bytes`, or a file-like object.
    
        :param headers:
            Dictionary of custom headers to send, such as User-Agent,
            If-None-Match, etc. If None, pool headers are used. If provided,
            these headers completely replace any pool-specific headers.
    
        :param retries:
            Configure the number of retries to allow before raising a
            :class:`~urllib3.exceptions.MaxRetryError` exception.
    
            If ``None`` (default) will retry 3 times, see ``Retry.DEFAULT``. Pass a
            :class:`~urllib3.util.retry.Retry` object for fine-grained control
            over different types of retries.
            Pass an integer number to retry connection errors that many times,
            but no other types of errors. Pass zero to never retry.
    
            If ``False``, then retries are disabled and any exception is raised
            immediately. Also, instead of raising a MaxRetryError on redirects,
            the redirect response will be returned.
    
        :type retries: :class:`~urllib3.util.retry.Retry`, False, or an int.
    
        :param redirect:
            If True, automatically handle redirects (status codes 301, 302,
            303, 307, 308). Each redirect counts as a retry. Disabling retries
            will disable redirect, too.
    
        :param assert_same_host:
            If ``True``, will make sure that the host of the pool requests is
            consistent else will raise HostChangedError. When ``False``, you can
            use the pool on an HTTP proxy and request foreign hosts.
    
        :param timeout:
            If specified, overrides the default timeout for this one
            request. It may be a float (in seconds) or an instance of
            :class:`urllib3.util.Timeout`.
    
        :param pool_timeout:
            If set and the pool is set to block=True, then this method will
            block for ``pool_timeout`` seconds and raise EmptyPoolError if no
            connection is available within the time period.
    
        :param bool preload_content:
            If True, the response's body will be preloaded into memory.
    
        :param bool decode_content:
            If True, will attempt to decode the body based on the
            'content-encoding' header.
    
        :param release_conn:
            If False, then the urlopen call will not release the connection
            back into the pool once a response is received (but will release if
            you read the entire contents of the response such as when
            `preload_content=True`). This is useful if you're not preloading
            the response's content immediately. You will need to call
            ``r.release_conn()`` on the response ``r`` to return the connection
            back into the pool. If None, it takes the value of ``preload_content``
            which defaults to ``True``.
    
        :param bool chunked:
            If True, urllib3 will send the body using chunked transfer
            encoding. Otherwise, urllib3 will send the body using the standard
            content-length form. Defaults to False.
    
        :param int body_pos:
            Position to seek to in file-like body in the event of a retry or
            redirect. Typically this won't need to be set because urllib3 will
            auto-populate the value when needed.
        """
        # Ensure that the URL we're connecting to is properly encoded
        if url.startswith("/"):
            # URLs starting with / are inherently schemeless.
            url = to_str(_encode_target(url))
            destination_scheme = None
        else:
            parsed_url = parse_url(url)
            destination_scheme = parsed_url.scheme
            url = to_str(parsed_url.url)
    
        if headers is None:
            headers = self.headers
    
        if not isinstance(retries, Retry):
            retries = Retry.from_int(retries, redirect=redirect, default=self.retries)
    
        if release_conn is None:
            release_conn = preload_content
    
        # Check host
        if assert_same_host and not self.is_same_host(url):
            raise HostChangedError(self, url, retries)
    
        conn = None
    
        # Track whether `conn` needs to be released before
        # returning/raising/recursing. Update this variable if necessary, and
        # leave `release_conn` constant throughout the function. That way, if
        # the function recurses, the original value of `release_conn` will be
        # passed down into the recursive call, and its value will be respected.
        #
        # See issue #651 [1] for details.
        #
        # [1] <https://github.com/urllib3/urllib3/issues/651>
        release_this_conn = release_conn
    
        http_tunnel_required = connection_requires_http_tunnel(
            self.proxy, self.proxy_config, destination_scheme
        )
    
        # Merge the proxy headers. Only done when not using HTTP CONNECT. We
        # have to copy the headers dict so we can safely change it without those
        # changes being reflected in anyone else's copy.
        if not http_tunnel_required:
            headers = headers.copy()  # type: ignore[attr-defined]
            headers.update(self.proxy_headers)  # type: ignore[union-attr]
    
        # Must keep the exception bound to a separate variable or else Python 3
        # complains about UnboundLocalError.
        err = None
    
        # Keep track of whether we cleanly exited the except block. This
        # ensures we do proper cleanup in finally.
        clean_exit = False
    
        # Rewind body position, if needed. Record current position
        # for future rewinds in the event of a redirect/retry.
        body_pos = set_file_position(body, body_pos)
    
        try:
            # Request a connection from the queue.
            timeout_obj = self._get_timeout(timeout)
            conn = self._get_conn(timeout=pool_timeout)
    
            conn.timeout = timeout_obj.connect_timeout  # type: ignore[assignment]
    
            # Is this a closed/new connection that requires CONNECT tunnelling?
            if self.proxy is not None and http_tunnel_required and conn.is_closed:
                try:
                    self._prepare_proxy(conn)
                except (BaseSSLError, OSError, SocketTimeout) as e:
                    self._raise_timeout(
                        err=e, url=self.proxy.url, timeout_value=conn.timeout
                    )
                    raise
    
            # If we're going to release the connection in ``finally:``, then
            # the response doesn't need to know about the connection. Otherwise
            # it will also try to release it and we'll have a double-release
            # mess.
            response_conn = conn if not release_conn else None
    
            # Make the request on the HTTPConnection object
>           response = self._make_request(
                conn,
                method,
                url,
                timeout=timeout_obj,
                body=body,
                headers=headers,
                chunked=chunked,
                retries=retries,
                response_conn=response_conn,
                preload_content=preload_content,
                decode_content=decode_content,
                **response_kw,
            )

.venv/lib/python3.12/site-packages/urllib3/connectionpool.py:788: 
_ _ _ _ _ _ _ _ _ _ _ _ _ _ _ _ _ _ _ _ _ _ _ _ _ _ _ _ _ _ _ _ _ _ _ _ _ _ _ _ 
.venv/lib/python3.12/site-packages/urllib3/connectionpool.py:493: in _make_request
    conn.request(
.venv/lib/python3.12/site-packages/urllib3/connection.py:500: in request
    self.endheaders()
/Users/bagouze/.local/share/uv/python/cpython-3.12.13-macos-aarch64-none/lib/python3.12/http/client.py:1353: in endheaders
    self._send_output(message_body, encode_chunked=encode_chunked)
/Users/bagouze/.local/share/uv/python/cpython-3.12.13-macos-aarch64-none/lib/python3.12/http/client.py:1113: in _send_output
    self.send(msg)
/Users/bagouze/.local/share/uv/python/cpython-3.12.13-macos-aarch64-none/lib/python3.12/http/client.py:1057: in send
    self.connect()
.venv/lib/python3.12/site-packages/urllib3/connection.py:331: in connect
    self.sock = self._new_conn()
                ^^^^^^^^^^^^^^^^
_ _ _ _ _ _ _ _ _ _ _ _ _ _ _ _ _ _ _ _ _ _ _ _ _ _ _ _ _ _ _ _ _ _ _ _ _ _ _ _ 

self = <HTTPConnection(host='localhost', port=3210) at 0x108bb47a0>

    def _new_conn(self) -> socket.socket:
        """Establish a socket connection and set nodelay settings on it.
    
        :return: New socket connection.
        """
        try:
            sock = connection.create_connection(
                (self._dns_host, self.port),
                self.timeout,
                source_address=self.source_address,
                socket_options=self.socket_options,
            )
        except socket.gaierror as e:
            raise NameResolutionError(self.host, self, e) from e
        except SocketTimeout as e:
            raise ConnectTimeoutError(
                self,
                f"Connection to {self.host} timed out. (connect timeout={self.timeout})",
            ) from e
    
        except OSError as e:
>           raise NewConnectionError(
                self, f"Failed to establish a new connection: {e}"
            ) from e
E           urllib3.exceptions.NewConnectionError: HTTPConnection(host='localhost', port=3210): Failed to establish a new connection: [Errno 61] Connection refused

.venv/lib/python3.12/site-packages/urllib3/connection.py:219: NewConnectionError

The above exception was the direct cause of the following exception:

self = <requests.adapters.HTTPAdapter object at 0x108745ac0>
request = <PreparedRequest [POST]>, stream = False, timeout = 15, verify = True
cert = None, proxies = OrderedDict()

    def send(
        self,
        request: PreparedRequest,
        stream: bool = False,
        timeout: _t.TimeoutType = None,
        verify: _t.VerifyType = True,
        cert: _t.CertType = None,
        proxies: dict[str, str] | None = None,
    ) -> Response:
        """Sends PreparedRequest object. Returns Response object.
    
        :param request: The :class:`PreparedRequest <PreparedRequest>` being sent.
        :param stream: (optional) Whether to stream the request content.
        :param timeout: (optional) How long to wait for the server to send
            data before giving up, as a float, or a :ref:`(connect timeout,
            read timeout) <timeouts>` tuple.
        :type timeout: float or tuple or urllib3 Timeout object
        :param verify: (optional) Either a boolean, in which case it controls whether
            we verify the server's TLS certificate, or a string, in which case it
            must be a path to a CA bundle to use
        :param cert: (optional) Any user-provided SSL certificate to be trusted.
        :param proxies: (optional) The proxies dictionary to apply to the request.
        :rtype: requests.Response
        """
    
        assert _is_prepared(request)
    
        try:
            conn = self.get_connection_with_tls_context(
                request, verify, proxies=proxies, cert=cert
            )
        except LocationValueError as e:
            raise InvalidURL(e, request=request)
    
        self.cert_verify(conn, request.url, verify, cert)
        url = self.request_url(request, proxies)
        self.add_headers(
            request,
            stream=stream,
            timeout=timeout,
            verify=verify,
            cert=cert,
            proxies=proxies,
        )
    
        chunked = not (request.body is None or "Content-Length" in request.headers)
    
        if isinstance(timeout, tuple):
            try:
                connect, read = timeout
                resolved_timeout = TimeoutSauce(connect=connect, read=read)
            except ValueError:
                raise ValueError(
                    f"Invalid timeout {timeout}. Pass a (connect, read) timeout tuple, "
                    f"or a single float to set both timeouts to the same value."
                )
        elif isinstance(timeout, TimeoutSauce):
            resolved_timeout = timeout
        else:
            resolved_timeout = TimeoutSauce(connect=timeout, read=timeout)
    
        try:
>           resp = conn.urlopen(
                method=request.method,
                url=url,
                body=request.body,  # type: ignore[arg-type]  # urllib3 stubs don't accept Iterable[bytes | str]
                headers=request.headers,  # type: ignore[arg-type]  # urllib3#3072
                redirect=False,
                assert_same_host=False,
                preload_content=False,
                decode_content=False,
                retries=self.max_retries,
                timeout=resolved_timeout,
                chunked=chunked,
            )

.venv/lib/python3.12/site-packages/requests/adapters.py:696: 
_ _ _ _ _ _ _ _ _ _ _ _ _ _ _ _ _ _ _ _ _ _ _ _ _ _ _ _ _ _ _ _ _ _ _ _ _ _ _ _ 
.venv/lib/python3.12/site-packages/urllib3/connectionpool.py:842: in urlopen
    retries = retries.increment(
_ _ _ _ _ _ _ _ _ _ _ _ _ _ _ _ _ _ _ _ _ _ _ _ _ _ _ _ _ _ _ _ _ _ _ _ _ _ _ _ 

self = Retry(total=0, connect=None, read=False, redirect=None, status=None)
method = 'POST', url = '/app/space/create', response = None
error = NewConnectionError("HTTPConnection(host='localhost', port=3210): Failed to establish a new connection: [Errno 61] Connection refused")
_pool = <urllib3.connectionpool.HTTPConnectionPool object at 0x108746e40>
_stacktrace = <traceback object at 0x1099ae440>

    def increment(
        self,
        method: str | None = None,
        url: str | None = None,
        response: BaseHTTPResponse | None = None,
        error: Exception | None = None,
        _pool: ConnectionPool | None = None,
        _stacktrace: TracebackType | None = None,
    ) -> Self:
        """Return a new Retry object with incremented retry counters.
    
        :param response: A response object, or None, if the server did not
            return a response.
        :type response: :class:`~urllib3.response.BaseHTTPResponse`
        :param Exception error: An error encountered during the request, or
            None if the response was received successfully.
    
        :return: A new ``Retry`` object.
        """
        if self.total is False and error:
            # Disabled, indicate to re-raise the error.
            raise reraise(type(error), error, _stacktrace)
    
        total = self.total
        if total is not None:
            total -= 1
    
        connect = self.connect
        read = self.read
        redirect = self.redirect
        status_count = self.status
        other = self.other
        cause = "unknown"
        status = None
        redirect_location = None
    
        if error and self._is_connection_error(error):
            # Connect retry?
            if connect is False:
                raise reraise(type(error), error, _stacktrace)
            elif connect is not None:
                connect -= 1
    
        elif error and self._is_read_error(error):
            # Read retry?
            if read is False or method is None or not self._is_method_retryable(method):
                raise reraise(type(error), error, _stacktrace)
            elif read is not None:
                read -= 1
    
        elif error:
            # Other retry?
            if other is not None:
                other -= 1
    
        elif response and response.get_redirect_location():
            # Redirect retry?
            if redirect is not None:
                redirect -= 1
            cause = "too many redirects"
            response_redirect_location = response.get_redirect_location()
            if response_redirect_location:
                redirect_location = response_redirect_location
            status = response.status
    
        else:
            # Incrementing because of a server error like a 500 in
            # status_forcelist and the given method is in the allowed_methods
            cause = ResponseError.GENERIC_ERROR
            if response and response.status:
                if status_count is not None:
                    status_count -= 1
                cause = ResponseError.SPECIFIC_ERROR.format(status_code=response.status)
                status = response.status
    
        history = self.history + (
            RequestHistory(method, url, error, status, redirect_location),
        )
    
        new_retry = self.new(
            total=total,
            connect=connect,
            read=read,
            redirect=redirect,
            status=status_count,
            other=other,
            history=history,
        )
    
        if new_retry.is_exhausted():
            reason = error or ResponseError(cause)
>           raise MaxRetryError(_pool, url, reason) from reason  # type: ignore[arg-type]
            ^^^^^^^^^^^^^^^^^^^^^^^^^^^^^^^^^^^^^^^^^^^^^^^^^^^
E           urllib3.exceptions.MaxRetryError: HTTPConnectionPool(host='localhost', port=3210): Max retries exceeded with url: /app/space/create (Caused by NewConnectionError("HTTPConnection(host='localhost', port=3210): Failed to establish a new connection: [Errno 61] Connection refused"))

.venv/lib/python3.12/site-packages/urllib3/util/retry.py:543: MaxRetryError

During handling of the above exception, another exception occurred:

    @pytest.fixture(scope="module")
    def espace_jetable() -> str:
        """Un espace à deux membres : DevCoach administrateur, E2E Coach 01 membre.
    
        Créé en pilotant les vraies routes — créer un espace en fait son
        administrateur, et rejoindre y entre comme membre simple. Aucune fabrication
        SQL : c'est le chemin que suivrait un utilisateur.
        """
        nom = f"E2E Admin {time.time_ns()}"
>       r = requests.post(
            f"{BASE_URL}/app/space/create",
            data={"space_name": nom, "logo_url": LOGO},
            headers={"HX-Request": "true", "Content-Type": FORM_URLENCODED},
            timeout=15,
        )

test_space_admin_membres.py:46: 
_ _ _ _ _ _ _ _ _ _ _ _ _ _ _ _ _ _ _ _ _ _ _ _ _ _ _ _ _ _ _ _ _ _ _ _ _ _ _ _ 
.venv/lib/python3.12/site-packages/requests/api.py:134: in post
    return request("post", url, data=data, json=json, **kwargs)
           ^^^^^^^^^^^^^^^^^^^^^^^^^^^^^^^^^^^^^^^^^^^^^^^^^^^^
.venv/lib/python3.12/site-packages/requests/api.py:71: in request
    return session.request(method=method, url=url, **kwargs)
           ^^^^^^^^^^^^^^^^^^^^^^^^^^^^^^^^^^^^^^^^^^^^^^^^^
.venv/lib/python3.12/site-packages/requests/sessions.py:651: in request
    resp = self.send(prep, **send_kwargs)
           ^^^^^^^^^^^^^^^^^^^^^^^^^^^^^^
.venv/lib/python3.12/site-packages/requests/sessions.py:784: in send
    r = adapter.send(request, **kwargs)
        ^^^^^^^^^^^^^^^^^^^^^^^^^^^^^^^
_ _ _ _ _ _ _ _ _ _ _ _ _ _ _ _ _ _ _ _ _ _ _ _ _ _ _ _ _ _ _ _ _ _ _ _ _ _ _ _ 

self = <requests.adapters.HTTPAdapter object at 0x108745ac0>
request = <PreparedRequest [POST]>, stream = False, timeout = 15, verify = True
cert = None, proxies = OrderedDict()

    def send(
        self,
        request: PreparedRequest,
        stream: bool = False,
        timeout: _t.TimeoutType = None,
        verify: _t.VerifyType = True,
        cert: _t.CertType = None,
        proxies: dict[str, str] | None = None,
    ) -> Response:
        """Sends PreparedRequest object. Returns Response object.
    
        :param request: The :class:`PreparedRequest <PreparedRequest>` being sent.
        :param stream: (optional) Whether to stream the request content.
        :param timeout: (optional) How long to wait for the server to send
            data before giving up, as a float, or a :ref:`(connect timeout,
            read timeout) <timeouts>` tuple.
        :type timeout: float or tuple or urllib3 Timeout object
        :param verify: (optional) Either a boolean, in which case it controls whether
            we verify the server's TLS certificate, or a string, in which case it
            must be a path to a CA bundle to use
        :param cert: (optional) Any user-provided SSL certificate to be trusted.
        :param proxies: (optional) The proxies dictionary to apply to the request.
        :rtype: requests.Response
        """
    
        assert _is_prepared(request)
    
        try:
            conn = self.get_connection_with_tls_context(
                request, verify, proxies=proxies, cert=cert
            )
        except LocationValueError as e:
            raise InvalidURL(e, request=request)
    
        self.cert_verify(conn, request.url, verify, cert)
        url = self.request_url(request, proxies)
        self.add_headers(
            request,
            stream=stream,
            timeout=timeout,
            verify=verify,
            cert=cert,
            proxies=proxies,
        )
    
        chunked = not (request.body is None or "Content-Length" in request.headers)
    
        if isinstance(timeout, tuple):
            try:
                connect, read = timeout
                resolved_timeout = TimeoutSauce(connect=connect, read=read)
            except ValueError:
                raise ValueError(
                    f"Invalid timeout {timeout}. Pass a (connect, read) timeout tuple, "
                    f"or a single float to set both timeouts to the same value."
                )
        elif isinstance(timeout, TimeoutSauce):
            resolved_timeout = timeout
        else:
            resolved_timeout = TimeoutSauce(connect=timeout, read=timeout)
    
        try:
            resp = conn.urlopen(
                method=request.method,
                url=url,
                body=request.body,  # type: ignore[arg-type]  # urllib3 stubs don't accept Iterable[bytes | str]
                headers=request.headers,  # type: ignore[arg-type]  # urllib3#3072
                redirect=False,
                assert_same_host=False,
                preload_content=False,
                decode_content=False,
                retries=self.max_retries,
                timeout=resolved_timeout,
                chunked=chunked,
            )
    
        except (ProtocolError, OSError) as err:
            raise ConnectionError(err, request=request)
    
        except MaxRetryError as e:
            if isinstance(e.reason, ConnectTimeoutError):
                # TODO: Remove this in 3.0.0: see #2811
                if not isinstance(e.reason, NewConnectionError):
                    raise ConnectTimeout(e, request=request)
    
            if isinstance(e.reason, ResponseError):
                raise RetryError(e, request=request)
    
            if isinstance(e.reason, _ProxyError):
                raise ProxyError(e, request=request)
    
            if isinstance(e.reason, _SSLError):
                # This branch is for urllib3 v1.22 and later.
                raise SSLError(e, request=request)
    
>           raise ConnectionError(e, request=request)
E           requests.exceptions.ConnectionError: HTTPConnectionPool(host='localhost', port=3210): Max retries exceeded with url: /app/space/create (Caused by NewConnectionError("HTTPConnection(host='localhost', port=3210): Failed to establish a new connection: [Errno 61] Connection refused"))

.venv/lib/python3.12/site-packages/requests/adapters.py:729: ConnectionError
____ ERROR at setup of test_promouvoir_un_membre_rerend_sa_ligne[chromium] _____

self = <HTTPConnection(host='localhost', port=3210) at 0x108bb47a0>

    def _new_conn(self) -> socket.socket:
        """Establish a socket connection and set nodelay settings on it.
    
        :return: New socket connection.
        """
        try:
>           sock = connection.create_connection(
                (self._dns_host, self.port),
                self.timeout,
                source_address=self.source_address,
                socket_options=self.socket_options,
            )

.venv/lib/python3.12/site-packages/urllib3/connection.py:204: 
_ _ _ _ _ _ _ _ _ _ _ _ _ _ _ _ _ _ _ _ _ _ _ _ _ _ _ _ _ _ _ _ _ _ _ _ _ _ _ _ 
.venv/lib/python3.12/site-packages/urllib3/util/connection.py:85: in create_connection
    raise err
_ _ _ _ _ _ _ _ _ _ _ _ _ _ _ _ _ _ _ _ _ _ _ _ _ _ _ _ _ _ _ _ _ _ _ _ _ _ _ _ 

address = ('localhost', 3210), timeout = 15, source_address = None
socket_options = [(6, 1, 1)]

    def create_connection(
        address: tuple[str, int],
        timeout: _TYPE_TIMEOUT = _DEFAULT_TIMEOUT,
        source_address: tuple[str, int] | None = None,
        socket_options: _TYPE_SOCKET_OPTIONS | None = None,
    ) -> socket.socket:
        """Connect to *address* and return the socket object.
    
        Convenience function.  Connect to *address* (a 2-tuple ``(host,
        port)``) and return the socket object.  Passing the optional
        *timeout* parameter will set the timeout on the socket instance
        before attempting to connect.  If no *timeout* is supplied, the
        global default timeout setting returned by :func:`socket.getdefaulttimeout`
        is used.  If *source_address* is set it must be a tuple of (host, port)
        for the socket to bind as a source address before making the connection.
        An host of '' or port 0 tells the OS to use the default.
        """
    
        host, port = address
        if host.startswith("["):
            host = host.strip("[]")
        err = None
    
        # Using the value from allowed_gai_family() in the context of getaddrinfo lets
        # us select whether to work with IPv4 DNS records, IPv6 records, or both.
        # The original create_connection function always returns all records.
        family = allowed_gai_family()
    
        try:
            host.encode("idna")
        except UnicodeError:
            raise LocationParseError(f"'{host}', label empty or too long") from None
    
        for res in socket.getaddrinfo(host, port, family, socket.SOCK_STREAM):
            af, socktype, proto, canonname, sa = res
            sock = None
            try:
                sock = socket.socket(af, socktype, proto)
    
                # If provided, set socket level options before connecting.
                _set_socket_options(sock, socket_options)
    
                if timeout is not _DEFAULT_TIMEOUT:
                    sock.settimeout(timeout)
                if source_address:
                    sock.bind(source_address)
>               sock.connect(sa)
E               ConnectionRefusedError: [Errno 61] Connection refused

.venv/lib/python3.12/site-packages/urllib3/util/connection.py:73: ConnectionRefusedError

The above exception was the direct cause of the following exception:

self = <urllib3.connectionpool.HTTPConnectionPool object at 0x108746e40>
method = 'POST', url = '/app/space/create'
body = 'space_name=E2E+Admin+1789045327420674000&logo_url=https%3A%2F%2Fres.cloudinary.com%2Fdemo%2Fimage%2Fupload%2Fsample.jpg'
headers = {'User-Agent': 'python-requests/2.34.2', 'Accept-Encoding': 'gzip, deflate', 'Accept': '*/*', 'Connection': 'keep-alive', 'HX-Request': 'true', 'Content-Type': 'application/x-www-form-urlencoded', 'Content-Length': '119'}
retries = Retry(total=0, connect=None, read=False, redirect=None, status=None)
redirect = False, assert_same_host = False
timeout = Timeout(connect=15, read=15, total=None), pool_timeout = None
release_conn = False, chunked = False, body_pos = None, preload_content = False
decode_content = False, response_kw = {}

    def urlopen(  # type: ignore[override]
        self,
        method: str,
        url: str,
        body: _TYPE_BODY | None = None,
        headers: typing.Mapping[str, str] | None = None,
        retries: Retry | bool | int | None = None,
        redirect: bool = True,
        assert_same_host: bool = True,
        timeout: _TYPE_TIMEOUT = _DEFAULT_TIMEOUT,
        pool_timeout: int | None = None,
        release_conn: bool | None = None,
        chunked: bool = False,
        body_pos: _TYPE_BODY_POSITION | None = None,
        preload_content: bool = True,
        decode_content: bool = True,
        **response_kw: typing.Any,
    ) -> BaseHTTPResponse:
        """
        Get a connection from the pool and perform an HTTP request. This is the
        lowest level call for making a request, so you'll need to specify all
        the raw details.
    
        .. note::
    
           More commonly, it's appropriate to use a convenience method
           such as :meth:`request`.
    
        .. note::
    
           `release_conn` will only behave as expected if
           `preload_content=False` because we want to make
           `preload_content=False` the default behaviour someday soon without
           breaking backwards compatibility.
    
        :param method:
            HTTP request method (such as GET, POST, PUT, etc.)
    
        :param url:
            The URL to perform the request on.
    
        :param body:
            Data to send in the request body, either :class:`str`, :class:`bytes`,
            an iterable of :class:`str`/:class:`bytes`, or a file-like object.
    
        :param headers:
            Dictionary of custom headers to send, such as User-Agent,
            If-None-Match, etc. If None, pool headers are used. If provided,
            these headers completely replace any pool-specific headers.
    
        :param retries:
            Configure the number of retries to allow before raising a
            :class:`~urllib3.exceptions.MaxRetryError` exception.
    
            If ``None`` (default) will retry 3 times, see ``Retry.DEFAULT``. Pass a
            :class:`~urllib3.util.retry.Retry` object for fine-grained control
            over different types of retries.
            Pass an integer number to retry connection errors that many times,
            but no other types of errors. Pass zero to never retry.
    
            If ``False``, then retries are disabled and any exception is raised
            immediately. Also, instead of raising a MaxRetryError on redirects,
            the redirect response will be returned.
    
        :type retries: :class:`~urllib3.util.retry.Retry`, False, or an int.
    
        :param redirect:
            If True, automatically handle redirects (status codes 301, 302,
            303, 307, 308). Each redirect counts as a retry. Disabling retries
            will disable redirect, too.
    
        :param assert_same_host:
            If ``True``, will make sure that the host of the pool requests is
            consistent else will raise HostChangedError. When ``False``, you can
            use the pool on an HTTP proxy and request foreign hosts.
    
        :param timeout:
            If specified, overrides the default timeout for this one
            request. It may be a float (in seconds) or an instance of
            :class:`urllib3.util.Timeout`.
    
        :param pool_timeout:
            If set and the pool is set to block=True, then this method will
            block for ``pool_timeout`` seconds and raise EmptyPoolError if no
            connection is available within the time period.
    
        :param bool preload_content:
            If True, the response's body will be preloaded into memory.
    
        :param bool decode_content:
            If True, will attempt to decode the body based on the
            'content-encoding' header.
    
        :param release_conn:
            If False, then the urlopen call will not release the connection
            back into the pool once a response is received (but will release if
            you read the entire contents of the response such as when
            `preload_content=True`). This is useful if you're not preloading
            the response's content immediately. You will need to call
            ``r.release_conn()`` on the response ``r`` to return the connection
            back into the pool. If None, it takes the value of ``preload_content``
            which defaults to ``True``.
    
        :param bool chunked:
            If True, urllib3 will send the body using chunked transfer
            encoding. Otherwise, urllib3 will send the body using the standard
            content-length form. Defaults to False.
    
        :param int body_pos:
            Position to seek to in file-like body in the event of a retry or
            redirect. Typically this won't need to be set because urllib3 will
            auto-populate the value when needed.
        """
        # Ensure that the URL we're connecting to is properly encoded
        if url.startswith("/"):
            # URLs starting with / are inherently schemeless.
            url = to_str(_encode_target(url))
            destination_scheme = None
        else:
            parsed_url = parse_url(url)
            destination_scheme = parsed_url.scheme
            url = to_str(parsed_url.url)
    
        if headers is None:
            headers = self.headers
    
        if not isinstance(retries, Retry):
            retries = Retry.from_int(retries, redirect=redirect, default=self.retries)
    
        if release_conn is None:
            release_conn = preload_content
    
        # Check host
        if assert_same_host and not self.is_same_host(url):
            raise HostChangedError(self, url, retries)
    
        conn = None
    
        # Track whether `conn` needs to be released before
        # returning/raising/recursing. Update this variable if necessary, and
        # leave `release_conn` constant throughout the function. That way, if
        # the function recurses, the original value of `release_conn` will be
        # passed down into the recursive call, and its value will be respected.
        #
        # See issue #651 [1] for details.
        #
        # [1] <https://github.com/urllib3/urllib3/issues/651>
        release_this_conn = release_conn
    
        http_tunnel_required = connection_requires_http_tunnel(
            self.proxy, self.proxy_config, destination_scheme
        )
    
        # Merge the proxy headers. Only done when not using HTTP CONNECT. We
        # have to copy the headers dict so we can safely change it without those
        # changes being reflected in anyone else's copy.
        if not http_tunnel_required:
            headers = headers.copy()  # type: ignore[attr-defined]
            headers.update(self.proxy_headers)  # type: ignore[union-attr]
    
        # Must keep the exception bound to a separate variable or else Python 3
        # complains about UnboundLocalError.
        err = None
    
        # Keep track of whether we cleanly exited the except block. This
        # ensures we do proper cleanup in finally.
        clean_exit = False
    
        # Rewind body position, if needed. Record current position
        # for future rewinds in the event of a redirect/retry.
        body_pos = set_file_position(body, body_pos)
    
        try:
            # Request a connection from the queue.
            timeout_obj = self._get_timeout(timeout)
            conn = self._get_conn(timeout=pool_timeout)
    
            conn.timeout = timeout_obj.connect_timeout  # type: ignore[assignment]
    
            # Is this a closed/new connection that requires CONNECT tunnelling?
            if self.proxy is not None and http_tunnel_required and conn.is_closed:
                try:
                    self._prepare_proxy(conn)
                except (BaseSSLError, OSError, SocketTimeout) as e:
                    self._raise_timeout(
                        err=e, url=self.proxy.url, timeout_value=conn.timeout
                    )
                    raise
    
            # If we're going to release the connection in ``finally:``, then
            # the response doesn't need to know about the connection. Otherwise
            # it will also try to release it and we'll have a double-release
            # mess.
            response_conn = conn if not release_conn else None
    
            # Make the request on the HTTPConnection object
>           response = self._make_request(
                conn,
                method,
                url,
                timeout=timeout_obj,
                body=body,
                headers=headers,
                chunked=chunked,
                retries=retries,
                response_conn=response_conn,
                preload_content=preload_content,
                decode_content=decode_content,
                **response_kw,
            )

.venv/lib/python3.12/site-packages/urllib3/connectionpool.py:788: 
_ _ _ _ _ _ _ _ _ _ _ _ _ _ _ _ _ _ _ _ _ _ _ _ _ _ _ _ _ _ _ _ _ _ _ _ _ _ _ _ 
.venv/lib/python3.12/site-packages/urllib3/connectionpool.py:493: in _make_request
    conn.request(
.venv/lib/python3.12/site-packages/urllib3/connection.py:500: in request
    self.endheaders()
/Users/bagouze/.local/share/uv/python/cpython-3.12.13-macos-aarch64-none/lib/python3.12/http/client.py:1353: in endheaders
    self._send_output(message_body, encode_chunked=encode_chunked)
/Users/bagouze/.local/share/uv/python/cpython-3.12.13-macos-aarch64-none/lib/python3.12/http/client.py:1113: in _send_output
    self.send(msg)
/Users/bagouze/.local/share/uv/python/cpython-3.12.13-macos-aarch64-none/lib/python3.12/http/client.py:1057: in send
    self.connect()
.venv/lib/python3.12/site-packages/urllib3/connection.py:331: in connect
    self.sock = self._new_conn()
                ^^^^^^^^^^^^^^^^
_ _ _ _ _ _ _ _ _ _ _ _ _ _ _ _ _ _ _ _ _ _ _ _ _ _ _ _ _ _ _ _ _ _ _ _ _ _ _ _ 

self = <HTTPConnection(host='localhost', port=3210) at 0x108bb47a0>

    def _new_conn(self) -> socket.socket:
        """Establish a socket connection and set nodelay settings on it.
    
        :return: New socket connection.
        """
        try:
            sock = connection.create_connection(
                (self._dns_host, self.port),
                self.timeout,
                source_address=self.source_address,
                socket_options=self.socket_options,
            )
        except socket.gaierror as e:
            raise NameResolutionError(self.host, self, e) from e
        except SocketTimeout as e:
            raise ConnectTimeoutError(
                self,
                f"Connection to {self.host} timed out. (connect timeout={self.timeout})",
            ) from e
    
        except OSError as e:
>           raise NewConnectionError(
                self, f"Failed to establish a new connection: {e}"
            ) from e
E           urllib3.exceptions.NewConnectionError: HTTPConnection(host='localhost', port=3210): Failed to establish a new connection: [Errno 61] Connection refused

.venv/lib/python3.12/site-packages/urllib3/connection.py:219: NewConnectionError

The above exception was the direct cause of the following exception:

self = <requests.adapters.HTTPAdapter object at 0x108745ac0>
request = <PreparedRequest [POST]>, stream = False, timeout = 15, verify = True
cert = None, proxies = OrderedDict()

    def send(
        self,
        request: PreparedRequest,
        stream: bool = False,
        timeout: _t.TimeoutType = None,
        verify: _t.VerifyType = True,
        cert: _t.CertType = None,
        proxies: dict[str, str] | None = None,
    ) -> Response:
        """Sends PreparedRequest object. Returns Response object.
    
        :param request: The :class:`PreparedRequest <PreparedRequest>` being sent.
        :param stream: (optional) Whether to stream the request content.
        :param timeout: (optional) How long to wait for the server to send
            data before giving up, as a float, or a :ref:`(connect timeout,
            read timeout) <timeouts>` tuple.
        :type timeout: float or tuple or urllib3 Timeout object
        :param verify: (optional) Either a boolean, in which case it controls whether
            we verify the server's TLS certificate, or a string, in which case it
            must be a path to a CA bundle to use
        :param cert: (optional) Any user-provided SSL certificate to be trusted.
        :param proxies: (optional) The proxies dictionary to apply to the request.
        :rtype: requests.Response
        """
    
        assert _is_prepared(request)
    
        try:
            conn = self.get_connection_with_tls_context(
                request, verify, proxies=proxies, cert=cert
            )
        except LocationValueError as e:
            raise InvalidURL(e, request=request)
    
        self.cert_verify(conn, request.url, verify, cert)
        url = self.request_url(request, proxies)
        self.add_headers(
            request,
            stream=stream,
            timeout=timeout,
            verify=verify,
            cert=cert,
            proxies=proxies,
        )
    
        chunked = not (request.body is None or "Content-Length" in request.headers)
    
        if isinstance(timeout, tuple):
            try:
                connect, read = timeout
                resolved_timeout = TimeoutSauce(connect=connect, read=read)
            except ValueError:
                raise ValueError(
                    f"Invalid timeout {timeout}. Pass a (connect, read) timeout tuple, "
                    f"or a single float to set both timeouts to the same value."
                )
        elif isinstance(timeout, TimeoutSauce):
            resolved_timeout = timeout
        else:
            resolved_timeout = TimeoutSauce(connect=timeout, read=timeout)
    
        try:
>           resp = conn.urlopen(
                method=request.method,
                url=url,
                body=request.body,  # type: ignore[arg-type]  # urllib3 stubs don't accept Iterable[bytes | str]
                headers=request.headers,  # type: ignore[arg-type]  # urllib3#3072
                redirect=False,
                assert_same_host=False,
                preload_content=False,
                decode_content=False,
                retries=self.max_retries,
                timeout=resolved_timeout,
                chunked=chunked,
            )

.venv/lib/python3.12/site-packages/requests/adapters.py:696: 
_ _ _ _ _ _ _ _ _ _ _ _ _ _ _ _ _ _ _ _ _ _ _ _ _ _ _ _ _ _ _ _ _ _ _ _ _ _ _ _ 
.venv/lib/python3.12/site-packages/urllib3/connectionpool.py:842: in urlopen
    retries = retries.increment(
_ _ _ _ _ _ _ _ _ _ _ _ _ _ _ _ _ _ _ _ _ _ _ _ _ _ _ _ _ _ _ _ _ _ _ _ _ _ _ _ 

self = Retry(total=0, connect=None, read=False, redirect=None, status=None)
method = 'POST', url = '/app/space/create', response = None
error = NewConnectionError("HTTPConnection(host='localhost', port=3210): Failed to establish a new connection: [Errno 61] Connection refused")
_pool = <urllib3.connectionpool.HTTPConnectionPool object at 0x108746e40>
_stacktrace = <traceback object at 0x1099ae440>

    def increment(
        self,
        method: str | None = None,
        url: str | None = None,
        response: BaseHTTPResponse | None = None,
        error: Exception | None = None,
        _pool: ConnectionPool | None = None,
        _stacktrace: TracebackType | None = None,
    ) -> Self:
        """Return a new Retry object with incremented retry counters.
    
        :param response: A response object, or None, if the server did not
            return a response.
        :type response: :class:`~urllib3.response.BaseHTTPResponse`
        :param Exception error: An error encountered during the request, or
            None if the response was received successfully.
    
        :return: A new ``Retry`` object.
        """
        if self.total is False and error:
            # Disabled, indicate to re-raise the error.
            raise reraise(type(error), error, _stacktrace)
    
        total = self.total
        if total is not None:
            total -= 1
    
        connect = self.connect
        read = self.read
        redirect = self.redirect
        status_count = self.status
        other = self.other
        cause = "unknown"
        status = None
        redirect_location = None
    
        if error and self._is_connection_error(error):
            # Connect retry?
            if connect is False:
                raise reraise(type(error), error, _stacktrace)
            elif connect is not None:
                connect -= 1
    
        elif error and self._is_read_error(error):
            # Read retry?
            if read is False or method is None or not self._is_method_retryable(method):
                raise reraise(type(error), error, _stacktrace)
            elif read is not None:
                read -= 1
    
        elif error:
            # Other retry?
            if other is not None:
                other -= 1
    
        elif response and response.get_redirect_location():
            # Redirect retry?
            if redirect is not None:
                redirect -= 1
            cause = "too many redirects"
            response_redirect_location = response.get_redirect_location()
            if response_redirect_location:
                redirect_location = response_redirect_location
            status = response.status
    
        else:
            # Incrementing because of a server error like a 500 in
            # status_forcelist and the given method is in the allowed_methods
            cause = ResponseError.GENERIC_ERROR
            if response and response.status:
                if status_count is not None:
                    status_count -= 1
                cause = ResponseError.SPECIFIC_ERROR.format(status_code=response.status)
                status = response.status
    
        history = self.history + (
            RequestHistory(method, url, error, status, redirect_location),
        )
    
        new_retry = self.new(
            total=total,
            connect=connect,
            read=read,
            redirect=redirect,
            status=status_count,
            other=other,
            history=history,
        )
    
        if new_retry.is_exhausted():
            reason = error or ResponseError(cause)
>           raise MaxRetryError(_pool, url, reason) from reason  # type: ignore[arg-type]
            ^^^^^^^^^^^^^^^^^^^^^^^^^^^^^^^^^^^^^^^^^^^^^^^^^^^
E           urllib3.exceptions.MaxRetryError: HTTPConnectionPool(host='localhost', port=3210): Max retries exceeded with url: /app/space/create (Caused by NewConnectionError("HTTPConnection(host='localhost', port=3210): Failed to establish a new connection: [Errno 61] Connection refused"))

.venv/lib/python3.12/site-packages/urllib3/util/retry.py:543: MaxRetryError

During handling of the above exception, another exception occurred:

    @pytest.fixture(scope="module")
    def espace_jetable() -> str:
        """Un espace à deux membres : DevCoach administrateur, E2E Coach 01 membre.
    
        Créé en pilotant les vraies routes — créer un espace en fait son
        administrateur, et rejoindre y entre comme membre simple. Aucune fabrication
        SQL : c'est le chemin que suivrait un utilisateur.
        """
        nom = f"E2E Admin {time.time_ns()}"
>       r = requests.post(
            f"{BASE_URL}/app/space/create",
            data={"space_name": nom, "logo_url": LOGO},
            headers={"HX-Request": "true", "Content-Type": FORM_URLENCODED},
            timeout=15,
        )

test_space_admin_membres.py:46: 
_ _ _ _ _ _ _ _ _ _ _ _ _ _ _ _ _ _ _ _ _ _ _ _ _ _ _ _ _ _ _ _ _ _ _ _ _ _ _ _ 
.venv/lib/python3.12/site-packages/requests/api.py:134: in post
    return request("post", url, data=data, json=json, **kwargs)
           ^^^^^^^^^^^^^^^^^^^^^^^^^^^^^^^^^^^^^^^^^^^^^^^^^^^^
.venv/lib/python3.12/site-packages/requests/api.py:71: in request
    return session.request(method=method, url=url, **kwargs)
           ^^^^^^^^^^^^^^^^^^^^^^^^^^^^^^^^^^^^^^^^^^^^^^^^^
.venv/lib/python3.12/site-packages/requests/sessions.py:651: in request
    resp = self.send(prep, **send_kwargs)
           ^^^^^^^^^^^^^^^^^^^^^^^^^^^^^^
.venv/lib/python3.12/site-packages/requests/sessions.py:784: in send
    r = adapter.send(request, **kwargs)
        ^^^^^^^^^^^^^^^^^^^^^^^^^^^^^^^
_ _ _ _ _ _ _ _ _ _ _ _ _ _ _ _ _ _ _ _ _ _ _ _ _ _ _ _ _ _ _ _ _ _ _ _ _ _ _ _ 

self = <requests.adapters.HTTPAdapter object at 0x108745ac0>
request = <PreparedRequest [POST]>, stream = False, timeout = 15, verify = True
cert = None, proxies = OrderedDict()

    def send(
        self,
        request: PreparedRequest,
        stream: bool = False,
        timeout: _t.TimeoutType = None,
        verify: _t.VerifyType = True,
        cert: _t.CertType = None,
        proxies: dict[str, str] | None = None,
    ) -> Response:
        """Sends PreparedRequest object. Returns Response object.
    
        :param request: The :class:`PreparedRequest <PreparedRequest>` being sent.
        :param stream: (optional) Whether to stream the request content.
        :param timeout: (optional) How long to wait for the server to send
            data before giving up, as a float, or a :ref:`(connect timeout,
            read timeout) <timeouts>` tuple.
        :type timeout: float or tuple or urllib3 Timeout object
        :param verify: (optional) Either a boolean, in which case it controls whether
            we verify the server's TLS certificate, or a string, in which case it
            must be a path to a CA bundle to use
        :param cert: (optional) Any user-provided SSL certificate to be trusted.
        :param proxies: (optional) The proxies dictionary to apply to the request.
        :rtype: requests.Response
        """
    
        assert _is_prepared(request)
    
        try:
            conn = self.get_connection_with_tls_context(
                request, verify, proxies=proxies, cert=cert
            )
        except LocationValueError as e:
            raise InvalidURL(e, request=request)
    
        self.cert_verify(conn, request.url, verify, cert)
        url = self.request_url(request, proxies)
        self.add_headers(
            request,
            stream=stream,
            timeout=timeout,
            verify=verify,
            cert=cert,
            proxies=proxies,
        )
    
        chunked = not (request.body is None or "Content-Length" in request.headers)
    
        if isinstance(timeout, tuple):
            try:
                connect, read = timeout
                resolved_timeout = TimeoutSauce(connect=connect, read=read)
            except ValueError:
                raise ValueError(
                    f"Invalid timeout {timeout}. Pass a (connect, read) timeout tuple, "
                    f"or a single float to set both timeouts to the same value."
                )
        elif isinstance(timeout, TimeoutSauce):
            resolved_timeout = timeout
        else:
            resolved_timeout = TimeoutSauce(connect=timeout, read=timeout)
    
        try:
            resp = conn.urlopen(
                method=request.method,
                url=url,
                body=request.body,  # type: ignore[arg-type]  # urllib3 stubs don't accept Iterable[bytes | str]
                headers=request.headers,  # type: ignore[arg-type]  # urllib3#3072
                redirect=False,
                assert_same_host=False,
                preload_content=False,
                decode_content=False,
                retries=self.max_retries,
                timeout=resolved_timeout,
                chunked=chunked,
            )
    
        except (ProtocolError, OSError) as err:
            raise ConnectionError(err, request=request)
    
        except MaxRetryError as e:
            if isinstance(e.reason, ConnectTimeoutError):
                # TODO: Remove this in 3.0.0: see #2811
                if not isinstance(e.reason, NewConnectionError):
                    raise ConnectTimeout(e, request=request)
    
            if isinstance(e.reason, ResponseError):
                raise RetryError(e, request=request)
    
            if isinstance(e.reason, _ProxyError):
                raise ProxyError(e, request=request)
    
            if isinstance(e.reason, _SSLError):
                # This branch is for urllib3 v1.22 and later.
                raise SSLError(e, request=request)
    
>           raise ConnectionError(e, request=request)
E           requests.exceptions.ConnectionError: HTTPConnectionPool(host='localhost', port=3210): Max retries exceeded with url: /app/space/create (Caused by NewConnectionError("HTTPConnection(host='localhost', port=3210): Failed to establish a new connection: [Errno 61] Connection refused"))

.venv/lib/python3.12/site-packages/requests/adapters.py:729: ConnectionError
_ ERROR at setup of test_promouvoir_puis_retrograder_ramene_l_etat_initial[chromium] _

self = <HTTPConnection(host='localhost', port=3210) at 0x108bb47a0>

    def _new_conn(self) -> socket.socket:
        """Establish a socket connection and set nodelay settings on it.
    
        :return: New socket connection.
        """
        try:
>           sock = connection.create_connection(
                (self._dns_host, self.port),
                self.timeout,
                source_address=self.source_address,
                socket_options=self.socket_options,
            )

.venv/lib/python3.12/site-packages/urllib3/connection.py:204: 
_ _ _ _ _ _ _ _ _ _ _ _ _ _ _ _ _ _ _ _ _ _ _ _ _ _ _ _ _ _ _ _ _ _ _ _ _ _ _ _ 
.venv/lib/python3.12/site-packages/urllib3/util/connection.py:85: in create_connection
    raise err
_ _ _ _ _ _ _ _ _ _ _ _ _ _ _ _ _ _ _ _ _ _ _ _ _ _ _ _ _ _ _ _ _ _ _ _ _ _ _ _ 

address = ('localhost', 3210), timeout = 15, source_address = None
socket_options = [(6, 1, 1)]

    def create_connection(
        address: tuple[str, int],
        timeout: _TYPE_TIMEOUT = _DEFAULT_TIMEOUT,
        source_address: tuple[str, int] | None = None,
        socket_options: _TYPE_SOCKET_OPTIONS | None = None,
    ) -> socket.socket:
        """Connect to *address* and return the socket object.
    
        Convenience function.  Connect to *address* (a 2-tuple ``(host,
        port)``) and return the socket object.  Passing the optional
        *timeout* parameter will set the timeout on the socket instance
        before attempting to connect.  If no *timeout* is supplied, the
        global default timeout setting returned by :func:`socket.getdefaulttimeout`
        is used.  If *source_address* is set it must be a tuple of (host, port)
        for the socket to bind as a source address before making the connection.
        An host of '' or port 0 tells the OS to use the default.
        """
    
        host, port = address
        if host.startswith("["):
            host = host.strip("[]")
        err = None
    
        # Using the value from allowed_gai_family() in the context of getaddrinfo lets
        # us select whether to work with IPv4 DNS records, IPv6 records, or both.
        # The original create_connection function always returns all records.
        family = allowed_gai_family()
    
        try:
            host.encode("idna")
        except UnicodeError:
            raise LocationParseError(f"'{host}', label empty or too long") from None
    
        for res in socket.getaddrinfo(host, port, family, socket.SOCK_STREAM):
            af, socktype, proto, canonname, sa = res
            sock = None
            try:
                sock = socket.socket(af, socktype, proto)
    
                # If provided, set socket level options before connecting.
                _set_socket_options(sock, socket_options)
    
                if timeout is not _DEFAULT_TIMEOUT:
                    sock.settimeout(timeout)
                if source_address:
                    sock.bind(source_address)
>               sock.connect(sa)
E               ConnectionRefusedError: [Errno 61] Connection refused

.venv/lib/python3.12/site-packages/urllib3/util/connection.py:73: ConnectionRefusedError

The above exception was the direct cause of the following exception:

self = <urllib3.connectionpool.HTTPConnectionPool object at 0x108746e40>
method = 'POST', url = '/app/space/create'
body = 'space_name=E2E+Admin+1789045327420674000&logo_url=https%3A%2F%2Fres.cloudinary.com%2Fdemo%2Fimage%2Fupload%2Fsample.jpg'
headers = {'User-Agent': 'python-requests/2.34.2', 'Accept-Encoding': 'gzip, deflate', 'Accept': '*/*', 'Connection': 'keep-alive', 'HX-Request': 'true', 'Content-Type': 'application/x-www-form-urlencoded', 'Content-Length': '119'}
retries = Retry(total=0, connect=None, read=False, redirect=None, status=None)
redirect = False, assert_same_host = False
timeout = Timeout(connect=15, read=15, total=None), pool_timeout = None
release_conn = False, chunked = False, body_pos = None, preload_content = False
decode_content = False, response_kw = {}

    def urlopen(  # type: ignore[override]
        self,
        method: str,
        url: str,
        body: _TYPE_BODY | None = None,
        headers: typing.Mapping[str, str] | None = None,
        retries: Retry | bool | int | None = None,
        redirect: bool = True,
        assert_same_host: bool = True,
        timeout: _TYPE_TIMEOUT = _DEFAULT_TIMEOUT,
        pool_timeout: int | None = None,
        release_conn: bool | None = None,
        chunked: bool = False,
        body_pos: _TYPE_BODY_POSITION | None = None,
        preload_content: bool = True,
        decode_content: bool = True,
        **response_kw: typing.Any,
    ) -> BaseHTTPResponse:
        """
        Get a connection from the pool and perform an HTTP request. This is the
        lowest level call for making a request, so you'll need to specify all
        the raw details.
    
        .. note::
    
           More commonly, it's appropriate to use a convenience method
           such as :meth:`request`.
    
        .. note::
    
           `release_conn` will only behave as expected if
           `preload_content=False` because we want to make
           `preload_content=False` the default behaviour someday soon without
           breaking backwards compatibility.
    
        :param method:
            HTTP request method (such as GET, POST, PUT, etc.)
    
        :param url:
            The URL to perform the request on.
    
        :param body:
            Data to send in the request body, either :class:`str`, :class:`bytes`,
            an iterable of :class:`str`/:class:`bytes`, or a file-like object.
    
        :param headers:
            Dictionary of custom headers to send, such as User-Agent,
            If-None-Match, etc. If None, pool headers are used. If provided,
            these headers completely replace any pool-specific headers.
    
        :param retries:
            Configure the number of retries to allow before raising a
            :class:`~urllib3.exceptions.MaxRetryError` exception.
    
            If ``None`` (default) will retry 3 times, see ``Retry.DEFAULT``. Pass a
            :class:`~urllib3.util.retry.Retry` object for fine-grained control
            over different types of retries.
            Pass an integer number to retry connection errors that many times,
            but no other types of errors. Pass zero to never retry.
    
            If ``False``, then retries are disabled and any exception is raised
            immediately. Also, instead of raising a MaxRetryError on redirects,
            the redirect response will be returned.
    
        :type retries: :class:`~urllib3.util.retry.Retry`, False, or an int.
    
        :param redirect:
            If True, automatically handle redirects (status codes 301, 302,
            303, 307, 308). Each redirect counts as a retry. Disabling retries
            will disable redirect, too.
    
        :param assert_same_host:
            If ``True``, will make sure that the host of the pool requests is
            consistent else will raise HostChangedError. When ``False``, you can
            use the pool on an HTTP proxy and request foreign hosts.
    
        :param timeout:
            If specified, overrides the default timeout for this one
            request. It may be a float (in seconds) or an instance of
            :class:`urllib3.util.Timeout`.
    
        :param pool_timeout:
            If set and the pool is set to block=True, then this method will
            block for ``pool_timeout`` seconds and raise EmptyPoolError if no
            connection is available within the time period.
    
        :param bool preload_content:
            If True, the response's body will be preloaded into memory.
    
        :param bool decode_content:
            If True, will attempt to decode the body based on the
            'content-encoding' header.
    
        :param release_conn:
            If False, then the urlopen call will not release the connection
            back into the pool once a response is received (but will release if
            you read the entire contents of the response such as when
            `preload_content=True`). This is useful if you're not preloading
            the response's content immediately. You will need to call
            ``r.release_conn()`` on the response ``r`` to return the connection
            back into the pool. If None, it takes the value of ``preload_content``
            which defaults to ``True``.
    
        :param bool chunked:
            If True, urllib3 will send the body using chunked transfer
            encoding. Otherwise, urllib3 will send the body using the standard
            content-length form. Defaults to False.
    
        :param int body_pos:
            Position to seek to in file-like body in the event of a retry or
            redirect. Typically this won't need to be set because urllib3 will
            auto-populate the value when needed.
        """
        # Ensure that the URL we're connecting to is properly encoded
        if url.startswith("/"):
            # URLs starting with / are inherently schemeless.
            url = to_str(_encode_target(url))
            destination_scheme = None
        else:
            parsed_url = parse_url(url)
            destination_scheme = parsed_url.scheme
            url = to_str(parsed_url.url)
    
        if headers is None:
            headers = self.headers
    
        if not isinstance(retries, Retry):
            retries = Retry.from_int(retries, redirect=redirect, default=self.retries)
    
        if release_conn is None:
            release_conn = preload_content
    
        # Check host
        if assert_same_host and not self.is_same_host(url):
            raise HostChangedError(self, url, retries)
    
        conn = None
    
        # Track whether `conn` needs to be released before
        # returning/raising/recursing. Update this variable if necessary, and
        # leave `release_conn` constant throughout the function. That way, if
        # the function recurses, the original value of `release_conn` will be
        # passed down into the recursive call, and its value will be respected.
        #
        # See issue #651 [1] for details.
        #
        # [1] <https://github.com/urllib3/urllib3/issues/651>
        release_this_conn = release_conn
    
        http_tunnel_required = connection_requires_http_tunnel(
            self.proxy, self.proxy_config, destination_scheme
        )
    
        # Merge the proxy headers. Only done when not using HTTP CONNECT. We
        # have to copy the headers dict so we can safely change it without those
        # changes being reflected in anyone else's copy.
        if not http_tunnel_required:
            headers = headers.copy()  # type: ignore[attr-defined]
            headers.update(self.proxy_headers)  # type: ignore[union-attr]
    
        # Must keep the exception bound to a separate variable or else Python 3
        # complains about UnboundLocalError.
        err = None
    
        # Keep track of whether we cleanly exited the except block. This
        # ensures we do proper cleanup in finally.
        clean_exit = False
    
        # Rewind body position, if needed. Record current position
        # for future rewinds in the event of a redirect/retry.
        body_pos = set_file_position(body, body_pos)
    
        try:
            # Request a connection from the queue.
            timeout_obj = self._get_timeout(timeout)
            conn = self._get_conn(timeout=pool_timeout)
    
            conn.timeout = timeout_obj.connect_timeout  # type: ignore[assignment]
    
            # Is this a closed/new connection that requires CONNECT tunnelling?
            if self.proxy is not None and http_tunnel_required and conn.is_closed:
                try:
                    self._prepare_proxy(conn)
                except (BaseSSLError, OSError, SocketTimeout) as e:
                    self._raise_timeout(
                        err=e, url=self.proxy.url, timeout_value=conn.timeout
                    )
                    raise
    
            # If we're going to release the connection in ``finally:``, then
            # the response doesn't need to know about the connection. Otherwise
            # it will also try to release it and we'll have a double-release
            # mess.
            response_conn = conn if not release_conn else None
    
            # Make the request on the HTTPConnection object
>           response = self._make_request(
                conn,
                method,
                url,
                timeout=timeout_obj,
                body=body,
                headers=headers,
                chunked=chunked,
                retries=retries,
                response_conn=response_conn,
                preload_content=preload_content,
                decode_content=decode_content,
                **response_kw,
            )

.venv/lib/python3.12/site-packages/urllib3/connectionpool.py:788: 
_ _ _ _ _ _ _ _ _ _ _ _ _ _ _ _ _ _ _ _ _ _ _ _ _ _ _ _ _ _ _ _ _ _ _ _ _ _ _ _ 
.venv/lib/python3.12/site-packages/urllib3/connectionpool.py:493: in _make_request
    conn.request(
.venv/lib/python3.12/site-packages/urllib3/connection.py:500: in request
    self.endheaders()
/Users/bagouze/.local/share/uv/python/cpython-3.12.13-macos-aarch64-none/lib/python3.12/http/client.py:1353: in endheaders
    self._send_output(message_body, encode_chunked=encode_chunked)
/Users/bagouze/.local/share/uv/python/cpython-3.12.13-macos-aarch64-none/lib/python3.12/http/client.py:1113: in _send_output
    self.send(msg)
/Users/bagouze/.local/share/uv/python/cpython-3.12.13-macos-aarch64-none/lib/python3.12/http/client.py:1057: in send
    self.connect()
.venv/lib/python3.12/site-packages/urllib3/connection.py:331: in connect
    self.sock = self._new_conn()
                ^^^^^^^^^^^^^^^^
_ _ _ _ _ _ _ _ _ _ _ _ _ _ _ _ _ _ _ _ _ _ _ _ _ _ _ _ _ _ _ _ _ _ _ _ _ _ _ _ 

self = <HTTPConnection(host='localhost', port=3210) at 0x108bb47a0>

    def _new_conn(self) -> socket.socket:
        """Establish a socket connection and set nodelay settings on it.
    
        :return: New socket connection.
        """
        try:
            sock = connection.create_connection(
                (self._dns_host, self.port),
                self.timeout,
                source_address=self.source_address,
                socket_options=self.socket_options,
            )
        except socket.gaierror as e:
            raise NameResolutionError(self.host, self, e) from e
        except SocketTimeout as e:
            raise ConnectTimeoutError(
                self,
                f"Connection to {self.host} timed out. (connect timeout={self.timeout})",
            ) from e
    
        except OSError as e:
>           raise NewConnectionError(
                self, f"Failed to establish a new connection: {e}"
            ) from e
E           urllib3.exceptions.NewConnectionError: HTTPConnection(host='localhost', port=3210): Failed to establish a new connection: [Errno 61] Connection refused

.venv/lib/python3.12/site-packages/urllib3/connection.py:219: NewConnectionError

The above exception was the direct cause of the following exception:

self = <requests.adapters.HTTPAdapter object at 0x108745ac0>
request = <PreparedRequest [POST]>, stream = False, timeout = 15, verify = True
cert = None, proxies = OrderedDict()

    def send(
        self,
        request: PreparedRequest,
        stream: bool = False,
        timeout: _t.TimeoutType = None,
        verify: _t.VerifyType = True,
        cert: _t.CertType = None,
        proxies: dict[str, str] | None = None,
    ) -> Response:
        """Sends PreparedRequest object. Returns Response object.
    
        :param request: The :class:`PreparedRequest <PreparedRequest>` being sent.
        :param stream: (optional) Whether to stream the request content.
        :param timeout: (optional) How long to wait for the server to send
            data before giving up, as a float, or a :ref:`(connect timeout,
            read timeout) <timeouts>` tuple.
        :type timeout: float or tuple or urllib3 Timeout object
        :param verify: (optional) Either a boolean, in which case it controls whether
            we verify the server's TLS certificate, or a string, in which case it
            must be a path to a CA bundle to use
        :param cert: (optional) Any user-provided SSL certificate to be trusted.
        :param proxies: (optional) The proxies dictionary to apply to the request.
        :rtype: requests.Response
        """
    
        assert _is_prepared(request)
    
        try:
            conn = self.get_connection_with_tls_context(
                request, verify, proxies=proxies, cert=cert
            )
        except LocationValueError as e:
            raise InvalidURL(e, request=request)
    
        self.cert_verify(conn, request.url, verify, cert)
        url = self.request_url(request, proxies)
        self.add_headers(
            request,
            stream=stream,
            timeout=timeout,
            verify=verify,
            cert=cert,
            proxies=proxies,
        )
    
        chunked = not (request.body is None or "Content-Length" in request.headers)
    
        if isinstance(timeout, tuple):
            try:
                connect, read = timeout
                resolved_timeout = TimeoutSauce(connect=connect, read=read)
            except ValueError:
                raise ValueError(
                    f"Invalid timeout {timeout}. Pass a (connect, read) timeout tuple, "
                    f"or a single float to set both timeouts to the same value."
                )
        elif isinstance(timeout, TimeoutSauce):
            resolved_timeout = timeout
        else:
            resolved_timeout = TimeoutSauce(connect=timeout, read=timeout)
    
        try:
>           resp = conn.urlopen(
                method=request.method,
                url=url,
                body=request.body,  # type: ignore[arg-type]  # urllib3 stubs don't accept Iterable[bytes | str]
                headers=request.headers,  # type: ignore[arg-type]  # urllib3#3072
                redirect=False,
                assert_same_host=False,
                preload_content=False,
                decode_content=False,
                retries=self.max_retries,
                timeout=resolved_timeout,
                chunked=chunked,
            )

.venv/lib/python3.12/site-packages/requests/adapters.py:696: 
_ _ _ _ _ _ _ _ _ _ _ _ _ _ _ _ _ _ _ _ _ _ _ _ _ _ _ _ _ _ _ _ _ _ _ _ _ _ _ _ 
.venv/lib/python3.12/site-packages/urllib3/connectionpool.py:842: in urlopen
    retries = retries.increment(
_ _ _ _ _ _ _ _ _ _ _ _ _ _ _ _ _ _ _ _ _ _ _ _ _ _ _ _ _ _ _ _ _ _ _ _ _ _ _ _ 

self = Retry(total=0, connect=None, read=False, redirect=None, status=None)
method = 'POST', url = '/app/space/create', response = None
error = NewConnectionError("HTTPConnection(host='localhost', port=3210): Failed to establish a new connection: [Errno 61] Connection refused")
_pool = <urllib3.connectionpool.HTTPConnectionPool object at 0x108746e40>
_stacktrace = <traceback object at 0x1099ae440>

    def increment(
        self,
        method: str | None = None,
        url: str | None = None,
        response: BaseHTTPResponse | None = None,
        error: Exception | None = None,
        _pool: ConnectionPool | None = None,
        _stacktrace: TracebackType | None = None,
    ) -> Self:
        """Return a new Retry object with incremented retry counters.
    
        :param response: A response object, or None, if the server did not
            return a response.
        :type response: :class:`~urllib3.response.BaseHTTPResponse`
        :param Exception error: An error encountered during the request, or
            None if the response was received successfully.
    
        :return: A new ``Retry`` object.
        """
        if self.total is False and error:
            # Disabled, indicate to re-raise the error.
            raise reraise(type(error), error, _stacktrace)
    
        total = self.total
        if total is not None:
            total -= 1
    
        connect = self.connect
        read = self.read
        redirect = self.redirect
        status_count = self.status
        other = self.other
        cause = "unknown"
        status = None
        redirect_location = None
    
        if error and self._is_connection_error(error):
            # Connect retry?
            if connect is False:
                raise reraise(type(error), error, _stacktrace)
            elif connect is not None:
                connect -= 1
    
        elif error and self._is_read_error(error):
            # Read retry?
            if read is False or method is None or not self._is_method_retryable(method):
                raise reraise(type(error), error, _stacktrace)
            elif read is not None:
                read -= 1
    
        elif error:
            # Other retry?
            if other is not None:
                other -= 1
    
        elif response and response.get_redirect_location():
            # Redirect retry?
            if redirect is not None:
                redirect -= 1
            cause = "too many redirects"
            response_redirect_location = response.get_redirect_location()
            if response_redirect_location:
                redirect_location = response_redirect_location
            status = response.status
    
        else:
            # Incrementing because of a server error like a 500 in
            # status_forcelist and the given method is in the allowed_methods
            cause = ResponseError.GENERIC_ERROR
            if response and response.status:
                if status_count is not None:
                    status_count -= 1
                cause = ResponseError.SPECIFIC_ERROR.format(status_code=response.status)
                status = response.status
    
        history = self.history + (
            RequestHistory(method, url, error, status, redirect_location),
        )
    
        new_retry = self.new(
            total=total,
            connect=connect,
            read=read,
            redirect=redirect,
            status=status_count,
            other=other,
            history=history,
        )
    
        if new_retry.is_exhausted():
            reason = error or ResponseError(cause)
>           raise MaxRetryError(_pool, url, reason) from reason  # type: ignore[arg-type]
            ^^^^^^^^^^^^^^^^^^^^^^^^^^^^^^^^^^^^^^^^^^^^^^^^^^^
E           urllib3.exceptions.MaxRetryError: HTTPConnectionPool(host='localhost', port=3210): Max retries exceeded with url: /app/space/create (Caused by NewConnectionError("HTTPConnection(host='localhost', port=3210): Failed to establish a new connection: [Errno 61] Connection refused"))

.venv/lib/python3.12/site-packages/urllib3/util/retry.py:543: MaxRetryError

During handling of the above exception, another exception occurred:

    @pytest.fixture(scope="module")
    def espace_jetable() -> str:
        """Un espace à deux membres : DevCoach administrateur, E2E Coach 01 membre.
    
        Créé en pilotant les vraies routes — créer un espace en fait son
        administrateur, et rejoindre y entre comme membre simple. Aucune fabrication
        SQL : c'est le chemin que suivrait un utilisateur.
        """
        nom = f"E2E Admin {time.time_ns()}"
>       r = requests.post(
            f"{BASE_URL}/app/space/create",
            data={"space_name": nom, "logo_url": LOGO},
            headers={"HX-Request": "true", "Content-Type": FORM_URLENCODED},
            timeout=15,
        )

test_space_admin_membres.py:46: 
_ _ _ _ _ _ _ _ _ _ _ _ _ _ _ _ _ _ _ _ _ _ _ _ _ _ _ _ _ _ _ _ _ _ _ _ _ _ _ _ 
.venv/lib/python3.12/site-packages/requests/api.py:134: in post
    return request("post", url, data=data, json=json, **kwargs)
           ^^^^^^^^^^^^^^^^^^^^^^^^^^^^^^^^^^^^^^^^^^^^^^^^^^^^
.venv/lib/python3.12/site-packages/requests/api.py:71: in request
    return session.request(method=method, url=url, **kwargs)
           ^^^^^^^^^^^^^^^^^^^^^^^^^^^^^^^^^^^^^^^^^^^^^^^^^
.venv/lib/python3.12/site-packages/requests/sessions.py:651: in request
    resp = self.send(prep, **send_kwargs)
           ^^^^^^^^^^^^^^^^^^^^^^^^^^^^^^
.venv/lib/python3.12/site-packages/requests/sessions.py:784: in send
    r = adapter.send(request, **kwargs)
        ^^^^^^^^^^^^^^^^^^^^^^^^^^^^^^^
_ _ _ _ _ _ _ _ _ _ _ _ _ _ _ _ _ _ _ _ _ _ _ _ _ _ _ _ _ _ _ _ _ _ _ _ _ _ _ _ 

self = <requests.adapters.HTTPAdapter object at 0x108745ac0>
request = <PreparedRequest [POST]>, stream = False, timeout = 15, verify = True
cert = None, proxies = OrderedDict()

    def send(
        self,
        request: PreparedRequest,
        stream: bool = False,
        timeout: _t.TimeoutType = None,
        verify: _t.VerifyType = True,
        cert: _t.CertType = None,
        proxies: dict[str, str] | None = None,
    ) -> Response:
        """Sends PreparedRequest object. Returns Response object.
    
        :param request: The :class:`PreparedRequest <PreparedRequest>` being sent.
        :param stream: (optional) Whether to stream the request content.
        :param timeout: (optional) How long to wait for the server to send
            data before giving up, as a float, or a :ref:`(connect timeout,
            read timeout) <timeouts>` tuple.
        :type timeout: float or tuple or urllib3 Timeout object
        :param verify: (optional) Either a boolean, in which case it controls whether
            we verify the server's TLS certificate, or a string, in which case it
            must be a path to a CA bundle to use
        :param cert: (optional) Any user-provided SSL certificate to be trusted.
        :param proxies: (optional) The proxies dictionary to apply to the request.
        :rtype: requests.Response
        """
    
        assert _is_prepared(request)
    
        try:
            conn = self.get_connection_with_tls_context(
                request, verify, proxies=proxies, cert=cert
            )
        except LocationValueError as e:
            raise InvalidURL(e, request=request)
    
        self.cert_verify(conn, request.url, verify, cert)
        url = self.request_url(request, proxies)
        self.add_headers(
            request,
            stream=stream,
            timeout=timeout,
            verify=verify,
            cert=cert,
            proxies=proxies,
        )
    
        chunked = not (request.body is None or "Content-Length" in request.headers)
    
        if isinstance(timeout, tuple):
            try:
                connect, read = timeout
                resolved_timeout = TimeoutSauce(connect=connect, read=read)
            except ValueError:
                raise ValueError(
                    f"Invalid timeout {timeout}. Pass a (connect, read) timeout tuple, "
                    f"or a single float to set both timeouts to the same value."
                )
        elif isinstance(timeout, TimeoutSauce):
            resolved_timeout = timeout
        else:
            resolved_timeout = TimeoutSauce(connect=timeout, read=timeout)
    
        try:
            resp = conn.urlopen(
                method=request.method,
                url=url,
                body=request.body,  # type: ignore[arg-type]  # urllib3 stubs don't accept Iterable[bytes | str]
                headers=request.headers,  # type: ignore[arg-type]  # urllib3#3072
                redirect=False,
                assert_same_host=False,
                preload_content=False,
                decode_content=False,
                retries=self.max_retries,
                timeout=resolved_timeout,
                chunked=chunked,
            )
    
        except (ProtocolError, OSError) as err:
            raise ConnectionError(err, request=request)
    
        except MaxRetryError as e:
            if isinstance(e.reason, ConnectTimeoutError):
                # TODO: Remove this in 3.0.0: see #2811
                if not isinstance(e.reason, NewConnectionError):
                    raise ConnectTimeout(e, request=request)
    
            if isinstance(e.reason, ResponseError):
                raise RetryError(e, request=request)
    
            if isinstance(e.reason, _ProxyError):
                raise ProxyError(e, request=request)
    
            if isinstance(e.reason, _SSLError):
                # This branch is for urllib3 v1.22 and later.
                raise SSLError(e, request=request)
    
>           raise ConnectionError(e, request=request)
E           requests.exceptions.ConnectionError: HTTPConnectionPool(host='localhost', port=3210): Max retries exceeded with url: /app/space/create (Caused by NewConnectionError("HTTPConnection(host='localhost', port=3210): Failed to establish a new connection: [Errno 61] Connection refused"))

.venv/lib/python3.12/site-packages/requests/adapters.py:729: ConnectionError
_ ERROR at setup of test_retirer_un_membre_fait_disparaitre_sa_ligne[chromium] _

self = <HTTPConnection(host='localhost', port=3210) at 0x108bb47a0>

    def _new_conn(self) -> socket.socket:
        """Establish a socket connection and set nodelay settings on it.
    
        :return: New socket connection.
        """
        try:
>           sock = connection.create_connection(
                (self._dns_host, self.port),
                self.timeout,
                source_address=self.source_address,
                socket_options=self.socket_options,
            )

.venv/lib/python3.12/site-packages/urllib3/connection.py:204: 
_ _ _ _ _ _ _ _ _ _ _ _ _ _ _ _ _ _ _ _ _ _ _ _ _ _ _ _ _ _ _ _ _ _ _ _ _ _ _ _ 
.venv/lib/python3.12/site-packages/urllib3/util/connection.py:85: in create_connection
    raise err
_ _ _ _ _ _ _ _ _ _ _ _ _ _ _ _ _ _ _ _ _ _ _ _ _ _ _ _ _ _ _ _ _ _ _ _ _ _ _ _ 

address = ('localhost', 3210), timeout = 15, source_address = None
socket_options = [(6, 1, 1)]

    def create_connection(
        address: tuple[str, int],
        timeout: _TYPE_TIMEOUT = _DEFAULT_TIMEOUT,
        source_address: tuple[str, int] | None = None,
        socket_options: _TYPE_SOCKET_OPTIONS | None = None,
    ) -> socket.socket:
        """Connect to *address* and return the socket object.
    
        Convenience function.  Connect to *address* (a 2-tuple ``(host,
        port)``) and return the socket object.  Passing the optional
        *timeout* parameter will set the timeout on the socket instance
        before attempting to connect.  If no *timeout* is supplied, the
        global default timeout setting returned by :func:`socket.getdefaulttimeout`
        is used.  If *source_address* is set it must be a tuple of (host, port)
        for the socket to bind as a source address before making the connection.
        An host of '' or port 0 tells the OS to use the default.
        """
    
        host, port = address
        if host.startswith("["):
            host = host.strip("[]")
        err = None
    
        # Using the value from allowed_gai_family() in the context of getaddrinfo lets
        # us select whether to work with IPv4 DNS records, IPv6 records, or both.
        # The original create_connection function always returns all records.
        family = allowed_gai_family()
    
        try:
            host.encode("idna")
        except UnicodeError:
            raise LocationParseError(f"'{host}', label empty or too long") from None
    
        for res in socket.getaddrinfo(host, port, family, socket.SOCK_STREAM):
            af, socktype, proto, canonname, sa = res
            sock = None
            try:
                sock = socket.socket(af, socktype, proto)
    
                # If provided, set socket level options before connecting.
                _set_socket_options(sock, socket_options)
    
                if timeout is not _DEFAULT_TIMEOUT:
                    sock.settimeout(timeout)
                if source_address:
                    sock.bind(source_address)
>               sock.connect(sa)
E               ConnectionRefusedError: [Errno 61] Connection refused

.venv/lib/python3.12/site-packages/urllib3/util/connection.py:73: ConnectionRefusedError

The above exception was the direct cause of the following exception:

self = <urllib3.connectionpool.HTTPConnectionPool object at 0x108746e40>
method = 'POST', url = '/app/space/create'
body = 'space_name=E2E+Admin+1789045327420674000&logo_url=https%3A%2F%2Fres.cloudinary.com%2Fdemo%2Fimage%2Fupload%2Fsample.jpg'
headers = {'User-Agent': 'python-requests/2.34.2', 'Accept-Encoding': 'gzip, deflate', 'Accept': '*/*', 'Connection': 'keep-alive', 'HX-Request': 'true', 'Content-Type': 'application/x-www-form-urlencoded', 'Content-Length': '119'}
retries = Retry(total=0, connect=None, read=False, redirect=None, status=None)
redirect = False, assert_same_host = False
timeout = Timeout(connect=15, read=15, total=None), pool_timeout = None
release_conn = False, chunked = False, body_pos = None, preload_content = False
decode_content = False, response_kw = {}

    def urlopen(  # type: ignore[override]
        self,
        method: str,
        url: str,
        body: _TYPE_BODY | None = None,
        headers: typing.Mapping[str, str] | None = None,
        retries: Retry | bool | int | None = None,
        redirect: bool = True,
        assert_same_host: bool = True,
        timeout: _TYPE_TIMEOUT = _DEFAULT_TIMEOUT,
        pool_timeout: int | None = None,
        release_conn: bool | None = None,
        chunked: bool = False,
        body_pos: _TYPE_BODY_POSITION | None = None,
        preload_content: bool = True,
        decode_content: bool = True,
        **response_kw: typing.Any,
    ) -> BaseHTTPResponse:
        """
        Get a connection from the pool and perform an HTTP request. This is the
        lowest level call for making a request, so you'll need to specify all
        the raw details.
    
        .. note::
    
           More commonly, it's appropriate to use a convenience method
           such as :meth:`request`.
    
        .. note::
    
           `release_conn` will only behave as expected if
           `preload_content=False` because we want to make
           `preload_content=False` the default behaviour someday soon without
           breaking backwards compatibility.
    
        :param method:
            HTTP request method (such as GET, POST, PUT, etc.)
    
        :param url:
            The URL to perform the request on.
    
        :param body:
            Data to send in the request body, either :class:`str`, :class:`bytes`,
            an iterable of :class:`str`/:class:`bytes`, or a file-like object.
    
        :param headers:
            Dictionary of custom headers to send, such as User-Agent,
            If-None-Match, etc. If None, pool headers are used. If provided,
            these headers completely replace any pool-specific headers.
    
        :param retries:
            Configure the number of retries to allow before raising a
            :class:`~urllib3.exceptions.MaxRetryError` exception.
    
            If ``None`` (default) will retry 3 times, see ``Retry.DEFAULT``. Pass a
            :class:`~urllib3.util.retry.Retry` object for fine-grained control
            over different types of retries.
            Pass an integer number to retry connection errors that many times,
            but no other types of errors. Pass zero to never retry.
    
            If ``False``, then retries are disabled and any exception is raised
            immediately. Also, instead of raising a MaxRetryError on redirects,
            the redirect response will be returned.
    
        :type retries: :class:`~urllib3.util.retry.Retry`, False, or an int.
    
        :param redirect:
            If True, automatically handle redirects (status codes 301, 302,
            303, 307, 308). Each redirect counts as a retry. Disabling retries
            will disable redirect, too.
    
        :param assert_same_host:
            If ``True``, will make sure that the host of the pool requests is
            consistent else will raise HostChangedError. When ``False``, you can
            use the pool on an HTTP proxy and request foreign hosts.
    
        :param timeout:
            If specified, overrides the default timeout for this one
            request. It may be a float (in seconds) or an instance of
            :class:`urllib3.util.Timeout`.
    
        :param pool_timeout:
            If set and the pool is set to block=True, then this method will
            block for ``pool_timeout`` seconds and raise EmptyPoolError if no
            connection is available within the time period.
    
        :param bool preload_content:
            If True, the response's body will be preloaded into memory.
    
        :param bool decode_content:
            If True, will attempt to decode the body based on the
            'content-encoding' header.
    
        :param release_conn:
            If False, then the urlopen call will not release the connection
            back into the pool once a response is received (but will release if
            you read the entire contents of the response such as when
            `preload_content=True`). This is useful if you're not preloading
            the response's content immediately. You will need to call
            ``r.release_conn()`` on the response ``r`` to return the connection
            back into the pool. If None, it takes the value of ``preload_content``
            which defaults to ``True``.
    
        :param bool chunked:
            If True, urllib3 will send the body using chunked transfer
            encoding. Otherwise, urllib3 will send the body using the standard
            content-length form. Defaults to False.
    
        :param int body_pos:
            Position to seek to in file-like body in the event of a retry or
            redirect. Typically this won't need to be set because urllib3 will
            auto-populate the value when needed.
        """
        # Ensure that the URL we're connecting to is properly encoded
        if url.startswith("/"):
            # URLs starting with / are inherently schemeless.
            url = to_str(_encode_target(url))
            destination_scheme = None
        else:
            parsed_url = parse_url(url)
            destination_scheme = parsed_url.scheme
            url = to_str(parsed_url.url)
    
        if headers is None:
            headers = self.headers
    
        if not isinstance(retries, Retry):
            retries = Retry.from_int(retries, redirect=redirect, default=self.retries)
    
        if release_conn is None:
            release_conn = preload_content
    
        # Check host
        if assert_same_host and not self.is_same_host(url):
            raise HostChangedError(self, url, retries)
    
        conn = None
    
        # Track whether `conn` needs to be released before
        # returning/raising/recursing. Update this variable if necessary, and
        # leave `release_conn` constant throughout the function. That way, if
        # the function recurses, the original value of `release_conn` will be
        # passed down into the recursive call, and its value will be respected.
        #
        # See issue #651 [1] for details.
        #
        # [1] <https://github.com/urllib3/urllib3/issues/651>
        release_this_conn = release_conn
    
        http_tunnel_required = connection_requires_http_tunnel(
            self.proxy, self.proxy_config, destination_scheme
        )
    
        # Merge the proxy headers. Only done when not using HTTP CONNECT. We
        # have to copy the headers dict so we can safely change it without those
        # changes being reflected in anyone else's copy.
        if not http_tunnel_required:
            headers = headers.copy()  # type: ignore[attr-defined]
            headers.update(self.proxy_headers)  # type: ignore[union-attr]
    
        # Must keep the exception bound to a separate variable or else Python 3
        # complains about UnboundLocalError.
        err = None
    
        # Keep track of whether we cleanly exited the except block. This
        # ensures we do proper cleanup in finally.
        clean_exit = False
    
        # Rewind body position, if needed. Record current position
        # for future rewinds in the event of a redirect/retry.
        body_pos = set_file_position(body, body_pos)
    
        try:
            # Request a connection from the queue.
            timeout_obj = self._get_timeout(timeout)
            conn = self._get_conn(timeout=pool_timeout)
    
            conn.timeout = timeout_obj.connect_timeout  # type: ignore[assignment]
    
            # Is this a closed/new connection that requires CONNECT tunnelling?
            if self.proxy is not None and http_tunnel_required and conn.is_closed:
                try:
                    self._prepare_proxy(conn)
                except (BaseSSLError, OSError, SocketTimeout) as e:
                    self._raise_timeout(
                        err=e, url=self.proxy.url, timeout_value=conn.timeout
                    )
                    raise
    
            # If we're going to release the connection in ``finally:``, then
            # the response doesn't need to know about the connection. Otherwise
            # it will also try to release it and we'll have a double-release
            # mess.
            response_conn = conn if not release_conn else None
    
            # Make the request on the HTTPConnection object
>           response = self._make_request(
                conn,
                method,
                url,
                timeout=timeout_obj,
                body=body,
                headers=headers,
                chunked=chunked,
                retries=retries,
                response_conn=response_conn,
                preload_content=preload_content,
                decode_content=decode_content,
                **response_kw,
            )

.venv/lib/python3.12/site-packages/urllib3/connectionpool.py:788: 
_ _ _ _ _ _ _ _ _ _ _ _ _ _ _ _ _ _ _ _ _ _ _ _ _ _ _ _ _ _ _ _ _ _ _ _ _ _ _ _ 
.venv/lib/python3.12/site-packages/urllib3/connectionpool.py:493: in _make_request
    conn.request(
.venv/lib/python3.12/site-packages/urllib3/connection.py:500: in request
    self.endheaders()
/Users/bagouze/.local/share/uv/python/cpython-3.12.13-macos-aarch64-none/lib/python3.12/http/client.py:1353: in endheaders
    self._send_output(message_body, encode_chunked=encode_chunked)
/Users/bagouze/.local/share/uv/python/cpython-3.12.13-macos-aarch64-none/lib/python3.12/http/client.py:1113: in _send_output
    self.send(msg)
/Users/bagouze/.local/share/uv/python/cpython-3.12.13-macos-aarch64-none/lib/python3.12/http/client.py:1057: in send
    self.connect()
.venv/lib/python3.12/site-packages/urllib3/connection.py:331: in connect
    self.sock = self._new_conn()
                ^^^^^^^^^^^^^^^^
_ _ _ _ _ _ _ _ _ _ _ _ _ _ _ _ _ _ _ _ _ _ _ _ _ _ _ _ _ _ _ _ _ _ _ _ _ _ _ _ 

self = <HTTPConnection(host='localhost', port=3210) at 0x108bb47a0>

    def _new_conn(self) -> socket.socket:
        """Establish a socket connection and set nodelay settings on it.
    
        :return: New socket connection.
        """
        try:
            sock = connection.create_connection(
                (self._dns_host, self.port),
                self.timeout,
                source_address=self.source_address,
                socket_options=self.socket_options,
            )
        except socket.gaierror as e:
            raise NameResolutionError(self.host, self, e) from e
        except SocketTimeout as e:
            raise ConnectTimeoutError(
                self,
                f"Connection to {self.host} timed out. (connect timeout={self.timeout})",
            ) from e
    
        except OSError as e:
>           raise NewConnectionError(
                self, f"Failed to establish a new connection: {e}"
            ) from e
E           urllib3.exceptions.NewConnectionError: HTTPConnection(host='localhost', port=3210): Failed to establish a new connection: [Errno 61] Connection refused

.venv/lib/python3.12/site-packages/urllib3/connection.py:219: NewConnectionError

The above exception was the direct cause of the following exception:

self = <requests.adapters.HTTPAdapter object at 0x108745ac0>
request = <PreparedRequest [POST]>, stream = False, timeout = 15, verify = True
cert = None, proxies = OrderedDict()

    def send(
        self,
        request: PreparedRequest,
        stream: bool = False,
        timeout: _t.TimeoutType = None,
        verify: _t.VerifyType = True,
        cert: _t.CertType = None,
        proxies: dict[str, str] | None = None,
    ) -> Response:
        """Sends PreparedRequest object. Returns Response object.
    
        :param request: The :class:`PreparedRequest <PreparedRequest>` being sent.
        :param stream: (optional) Whether to stream the request content.
        :param timeout: (optional) How long to wait for the server to send
            data before giving up, as a float, or a :ref:`(connect timeout,
            read timeout) <timeouts>` tuple.
        :type timeout: float or tuple or urllib3 Timeout object
        :param verify: (optional) Either a boolean, in which case it controls whether
            we verify the server's TLS certificate, or a string, in which case it
            must be a path to a CA bundle to use
        :param cert: (optional) Any user-provided SSL certificate to be trusted.
        :param proxies: (optional) The proxies dictionary to apply to the request.
        :rtype: requests.Response
        """
    
        assert _is_prepared(request)
    
        try:
            conn = self.get_connection_with_tls_context(
                request, verify, proxies=proxies, cert=cert
            )
        except LocationValueError as e:
            raise InvalidURL(e, request=request)
    
        self.cert_verify(conn, request.url, verify, cert)
        url = self.request_url(request, proxies)
        self.add_headers(
            request,
            stream=stream,
            timeout=timeout,
            verify=verify,
            cert=cert,
            proxies=proxies,
        )
    
        chunked = not (request.body is None or "Content-Length" in request.headers)
    
        if isinstance(timeout, tuple):
            try:
                connect, read = timeout
                resolved_timeout = TimeoutSauce(connect=connect, read=read)
            except ValueError:
                raise ValueError(
                    f"Invalid timeout {timeout}. Pass a (connect, read) timeout tuple, "
                    f"or a single float to set both timeouts to the same value."
                )
        elif isinstance(timeout, TimeoutSauce):
            resolved_timeout = timeout
        else:
            resolved_timeout = TimeoutSauce(connect=timeout, read=timeout)
    
        try:
>           resp = conn.urlopen(
                method=request.method,
                url=url,
                body=request.body,  # type: ignore[arg-type]  # urllib3 stubs don't accept Iterable[bytes | str]
                headers=request.headers,  # type: ignore[arg-type]  # urllib3#3072
                redirect=False,
                assert_same_host=False,
                preload_content=False,
                decode_content=False,
                retries=self.max_retries,
                timeout=resolved_timeout,
                chunked=chunked,
            )

.venv/lib/python3.12/site-packages/requests/adapters.py:696: 
_ _ _ _ _ _ _ _ _ _ _ _ _ _ _ _ _ _ _ _ _ _ _ _ _ _ _ _ _ _ _ _ _ _ _ _ _ _ _ _ 
.venv/lib/python3.12/site-packages/urllib3/connectionpool.py:842: in urlopen
    retries = retries.increment(
_ _ _ _ _ _ _ _ _ _ _ _ _ _ _ _ _ _ _ _ _ _ _ _ _ _ _ _ _ _ _ _ _ _ _ _ _ _ _ _ 

self = Retry(total=0, connect=None, read=False, redirect=None, status=None)
method = 'POST', url = '/app/space/create', response = None
error = NewConnectionError("HTTPConnection(host='localhost', port=3210): Failed to establish a new connection: [Errno 61] Connection refused")
_pool = <urllib3.connectionpool.HTTPConnectionPool object at 0x108746e40>
_stacktrace = <traceback object at 0x1099ae440>

    def increment(
        self,
        method: str | None = None,
        url: str | None = None,
        response: BaseHTTPResponse | None = None,
        error: Exception | None = None,
        _pool: ConnectionPool | None = None,
        _stacktrace: TracebackType | None = None,
    ) -> Self:
        """Return a new Retry object with incremented retry counters.
    
        :param response: A response object, or None, if the server did not
            return a response.
        :type response: :class:`~urllib3.response.BaseHTTPResponse`
        :param Exception error: An error encountered during the request, or
            None if the response was received successfully.
    
        :return: A new ``Retry`` object.
        """
        if self.total is False and error:
            # Disabled, indicate to re-raise the error.
            raise reraise(type(error), error, _stacktrace)
    
        total = self.total
        if total is not None:
            total -= 1
    
        connect = self.connect
        read = self.read
        redirect = self.redirect
        status_count = self.status
        other = self.other
        cause = "unknown"
        status = None
        redirect_location = None
    
        if error and self._is_connection_error(error):
            # Connect retry?
            if connect is False:
                raise reraise(type(error), error, _stacktrace)
            elif connect is not None:
                connect -= 1
    
        elif error and self._is_read_error(error):
            # Read retry?
            if read is False or method is None or not self._is_method_retryable(method):
                raise reraise(type(error), error, _stacktrace)
            elif read is not None:
                read -= 1
    
        elif error:
            # Other retry?
            if other is not None:
                other -= 1
    
        elif response and response.get_redirect_location():
            # Redirect retry?
            if redirect is not None:
                redirect -= 1
            cause = "too many redirects"
            response_redirect_location = response.get_redirect_location()
            if response_redirect_location:
                redirect_location = response_redirect_location
            status = response.status
    
        else:
            # Incrementing because of a server error like a 500 in
            # status_forcelist and the given method is in the allowed_methods
            cause = ResponseError.GENERIC_ERROR
            if response and response.status:
                if status_count is not None:
                    status_count -= 1
                cause = ResponseError.SPECIFIC_ERROR.format(status_code=response.status)
                status = response.status
    
        history = self.history + (
            RequestHistory(method, url, error, status, redirect_location),
        )
    
        new_retry = self.new(
            total=total,
            connect=connect,
            read=read,
            redirect=redirect,
            status=status_count,
            other=other,
            history=history,
        )
    
        if new_retry.is_exhausted():
            reason = error or ResponseError(cause)
>           raise MaxRetryError(_pool, url, reason) from reason  # type: ignore[arg-type]
            ^^^^^^^^^^^^^^^^^^^^^^^^^^^^^^^^^^^^^^^^^^^^^^^^^^^
E           urllib3.exceptions.MaxRetryError: HTTPConnectionPool(host='localhost', port=3210): Max retries exceeded with url: /app/space/create (Caused by NewConnectionError("HTTPConnection(host='localhost', port=3210): Failed to establish a new connection: [Errno 61] Connection refused"))

.venv/lib/python3.12/site-packages/urllib3/util/retry.py:543: MaxRetryError

During handling of the above exception, another exception occurred:

    @pytest.fixture(scope="module")
    def espace_jetable() -> str:
        """Un espace à deux membres : DevCoach administrateur, E2E Coach 01 membre.
    
        Créé en pilotant les vraies routes — créer un espace en fait son
        administrateur, et rejoindre y entre comme membre simple. Aucune fabrication
        SQL : c'est le chemin que suivrait un utilisateur.
        """
        nom = f"E2E Admin {time.time_ns()}"
>       r = requests.post(
            f"{BASE_URL}/app/space/create",
            data={"space_name": nom, "logo_url": LOGO},
            headers={"HX-Request": "true", "Content-Type": FORM_URLENCODED},
            timeout=15,
        )

test_space_admin_membres.py:46: 
_ _ _ _ _ _ _ _ _ _ _ _ _ _ _ _ _ _ _ _ _ _ _ _ _ _ _ _ _ _ _ _ _ _ _ _ _ _ _ _ 
.venv/lib/python3.12/site-packages/requests/api.py:134: in post
    return request("post", url, data=data, json=json, **kwargs)
           ^^^^^^^^^^^^^^^^^^^^^^^^^^^^^^^^^^^^^^^^^^^^^^^^^^^^
.venv/lib/python3.12/site-packages/requests/api.py:71: in request
    return session.request(method=method, url=url, **kwargs)
           ^^^^^^^^^^^^^^^^^^^^^^^^^^^^^^^^^^^^^^^^^^^^^^^^^
.venv/lib/python3.12/site-packages/requests/sessions.py:651: in request
    resp = self.send(prep, **send_kwargs)
           ^^^^^^^^^^^^^^^^^^^^^^^^^^^^^^
.venv/lib/python3.12/site-packages/requests/sessions.py:784: in send
    r = adapter.send(request, **kwargs)
        ^^^^^^^^^^^^^^^^^^^^^^^^^^^^^^^
_ _ _ _ _ _ _ _ _ _ _ _ _ _ _ _ _ _ _ _ _ _ _ _ _ _ _ _ _ _ _ _ _ _ _ _ _ _ _ _ 

self = <requests.adapters.HTTPAdapter object at 0x108745ac0>
request = <PreparedRequest [POST]>, stream = False, timeout = 15, verify = True
cert = None, proxies = OrderedDict()

    def send(
        self,
        request: PreparedRequest,
        stream: bool = False,
        timeout: _t.TimeoutType = None,
        verify: _t.VerifyType = True,
        cert: _t.CertType = None,
        proxies: dict[str, str] | None = None,
    ) -> Response:
        """Sends PreparedRequest object. Returns Response object.
    
        :param request: The :class:`PreparedRequest <PreparedRequest>` being sent.
        :param stream: (optional) Whether to stream the request content.
        :param timeout: (optional) How long to wait for the server to send
            data before giving up, as a float, or a :ref:`(connect timeout,
            read timeout) <timeouts>` tuple.
        :type timeout: float or tuple or urllib3 Timeout object
        :param verify: (optional) Either a boolean, in which case it controls whether
            we verify the server's TLS certificate, or a string, in which case it
            must be a path to a CA bundle to use
        :param cert: (optional) Any user-provided SSL certificate to be trusted.
        :param proxies: (optional) The proxies dictionary to apply to the request.
        :rtype: requests.Response
        """
    
        assert _is_prepared(request)
    
        try:
            conn = self.get_connection_with_tls_context(
                request, verify, proxies=proxies, cert=cert
            )
        except LocationValueError as e:
            raise InvalidURL(e, request=request)
    
        self.cert_verify(conn, request.url, verify, cert)
        url = self.request_url(request, proxies)
        self.add_headers(
            request,
            stream=stream,
            timeout=timeout,
            verify=verify,
            cert=cert,
            proxies=proxies,
        )
    
        chunked = not (request.body is None or "Content-Length" in request.headers)
    
        if isinstance(timeout, tuple):
            try:
                connect, read = timeout
                resolved_timeout = TimeoutSauce(connect=connect, read=read)
            except ValueError:
                raise ValueError(
                    f"Invalid timeout {timeout}. Pass a (connect, read) timeout tuple, "
                    f"or a single float to set both timeouts to the same value."
                )
        elif isinstance(timeout, TimeoutSauce):
            resolved_timeout = timeout
        else:
            resolved_timeout = TimeoutSauce(connect=timeout, read=timeout)
    
        try:
            resp = conn.urlopen(
                method=request.method,
                url=url,
                body=request.body,  # type: ignore[arg-type]  # urllib3 stubs don't accept Iterable[bytes | str]
                headers=request.headers,  # type: ignore[arg-type]  # urllib3#3072
                redirect=False,
                assert_same_host=False,
                preload_content=False,
                decode_content=False,
                retries=self.max_retries,
                timeout=resolved_timeout,
                chunked=chunked,
            )
    
        except (ProtocolError, OSError) as err:
            raise ConnectionError(err, request=request)
    
        except MaxRetryError as e:
            if isinstance(e.reason, ConnectTimeoutError):
                # TODO: Remove this in 3.0.0: see #2811
                if not isinstance(e.reason, NewConnectionError):
                    raise ConnectTimeout(e, request=request)
    
            if isinstance(e.reason, ResponseError):
                raise RetryError(e, request=request)
    
            if isinstance(e.reason, _ProxyError):
                raise ProxyError(e, request=request)
    
            if isinstance(e.reason, _SSLError):
                # This branch is for urllib3 v1.22 and later.
                raise SSLError(e, request=request)
    
>           raise ConnectionError(e, request=request)
E           requests.exceptions.ConnectionError: HTTPConnectionPool(host='localhost', port=3210): Max retries exceeded with url: /app/space/create (Caused by NewConnectionError("HTTPConnection(host='localhost', port=3210): Failed to establish a new connection: [Errno 61] Connection refused"))

.venv/lib/python3.12/site-packages/requests/adapters.py:729: ConnectionError
_ ERROR at setup of test_le_bouton_de_reinitialisation_bascule_apres_envoi[chromium] _

self = <HTTPConnection(host='localhost', port=3210) at 0x108bb47a0>

    def _new_conn(self) -> socket.socket:
        """Establish a socket connection and set nodelay settings on it.
    
        :return: New socket connection.
        """
        try:
>           sock = connection.create_connection(
                (self._dns_host, self.port),
                self.timeout,
                source_address=self.source_address,
                socket_options=self.socket_options,
            )

.venv/lib/python3.12/site-packages/urllib3/connection.py:204: 
_ _ _ _ _ _ _ _ _ _ _ _ _ _ _ _ _ _ _ _ _ _ _ _ _ _ _ _ _ _ _ _ _ _ _ _ _ _ _ _ 
.venv/lib/python3.12/site-packages/urllib3/util/connection.py:85: in create_connection
    raise err
_ _ _ _ _ _ _ _ _ _ _ _ _ _ _ _ _ _ _ _ _ _ _ _ _ _ _ _ _ _ _ _ _ _ _ _ _ _ _ _ 

address = ('localhost', 3210), timeout = 15, source_address = None
socket_options = [(6, 1, 1)]

    def create_connection(
        address: tuple[str, int],
        timeout: _TYPE_TIMEOUT = _DEFAULT_TIMEOUT,
        source_address: tuple[str, int] | None = None,
        socket_options: _TYPE_SOCKET_OPTIONS | None = None,
    ) -> socket.socket:
        """Connect to *address* and return the socket object.
    
        Convenience function.  Connect to *address* (a 2-tuple ``(host,
        port)``) and return the socket object.  Passing the optional
        *timeout* parameter will set the timeout on the socket instance
        before attempting to connect.  If no *timeout* is supplied, the
        global default timeout setting returned by :func:`socket.getdefaulttimeout`
        is used.  If *source_address* is set it must be a tuple of (host, port)
        for the socket to bind as a source address before making the connection.
        An host of '' or port 0 tells the OS to use the default.
        """
    
        host, port = address
        if host.startswith("["):
            host = host.strip("[]")
        err = None
    
        # Using the value from allowed_gai_family() in the context of getaddrinfo lets
        # us select whether to work with IPv4 DNS records, IPv6 records, or both.
        # The original create_connection function always returns all records.
        family = allowed_gai_family()
    
        try:
            host.encode("idna")
        except UnicodeError:
            raise LocationParseError(f"'{host}', label empty or too long") from None
    
        for res in socket.getaddrinfo(host, port, family, socket.SOCK_STREAM):
            af, socktype, proto, canonname, sa = res
            sock = None
            try:
                sock = socket.socket(af, socktype, proto)
    
                # If provided, set socket level options before connecting.
                _set_socket_options(sock, socket_options)
    
                if timeout is not _DEFAULT_TIMEOUT:
                    sock.settimeout(timeout)
                if source_address:
                    sock.bind(source_address)
>               sock.connect(sa)
E               ConnectionRefusedError: [Errno 61] Connection refused

.venv/lib/python3.12/site-packages/urllib3/util/connection.py:73: ConnectionRefusedError

The above exception was the direct cause of the following exception:

self = <urllib3.connectionpool.HTTPConnectionPool object at 0x108746e40>
method = 'POST', url = '/app/space/create'
body = 'space_name=E2E+Admin+1789045327420674000&logo_url=https%3A%2F%2Fres.cloudinary.com%2Fdemo%2Fimage%2Fupload%2Fsample.jpg'
headers = {'User-Agent': 'python-requests/2.34.2', 'Accept-Encoding': 'gzip, deflate', 'Accept': '*/*', 'Connection': 'keep-alive', 'HX-Request': 'true', 'Content-Type': 'application/x-www-form-urlencoded', 'Content-Length': '119'}
retries = Retry(total=0, connect=None, read=False, redirect=None, status=None)
redirect = False, assert_same_host = False
timeout = Timeout(connect=15, read=15, total=None), pool_timeout = None
release_conn = False, chunked = False, body_pos = None, preload_content = False
decode_content = False, response_kw = {}

    def urlopen(  # type: ignore[override]
        self,
        method: str,
        url: str,
        body: _TYPE_BODY | None = None,
        headers: typing.Mapping[str, str] | None = None,
        retries: Retry | bool | int | None = None,
        redirect: bool = True,
        assert_same_host: bool = True,
        timeout: _TYPE_TIMEOUT = _DEFAULT_TIMEOUT,
        pool_timeout: int | None = None,
        release_conn: bool | None = None,
        chunked: bool = False,
        body_pos: _TYPE_BODY_POSITION | None = None,
        preload_content: bool = True,
        decode_content: bool = True,
        **response_kw: typing.Any,
    ) -> BaseHTTPResponse:
        """
        Get a connection from the pool and perform an HTTP request. This is the
        lowest level call for making a request, so you'll need to specify all
        the raw details.
    
        .. note::
    
           More commonly, it's appropriate to use a convenience method
           such as :meth:`request`.
    
        .. note::
    
           `release_conn` will only behave as expected if
           `preload_content=False` because we want to make
           `preload_content=False` the default behaviour someday soon without
           breaking backwards compatibility.
    
        :param method:
            HTTP request method (such as GET, POST, PUT, etc.)
    
        :param url:
            The URL to perform the request on.
    
        :param body:
            Data to send in the request body, either :class:`str`, :class:`bytes`,
            an iterable of :class:`str`/:class:`bytes`, or a file-like object.
    
        :param headers:
            Dictionary of custom headers to send, such as User-Agent,
            If-None-Match, etc. If None, pool headers are used. If provided,
            these headers completely replace any pool-specific headers.
    
        :param retries:
            Configure the number of retries to allow before raising a
            :class:`~urllib3.exceptions.MaxRetryError` exception.
    
            If ``None`` (default) will retry 3 times, see ``Retry.DEFAULT``. Pass a
            :class:`~urllib3.util.retry.Retry` object for fine-grained control
            over different types of retries.
            Pass an integer number to retry connection errors that many times,
            but no other types of errors. Pass zero to never retry.
    
            If ``False``, then retries are disabled and any exception is raised
            immediately. Also, instead of raising a MaxRetryError on redirects,
            the redirect response will be returned.
    
        :type retries: :class:`~urllib3.util.retry.Retry`, False, or an int.
    
        :param redirect:
            If True, automatically handle redirects (status codes 301, 302,
            303, 307, 308). Each redirect counts as a retry. Disabling retries
            will disable redirect, too.
    
        :param assert_same_host:
            If ``True``, will make sure that the host of the pool requests is
            consistent else will raise HostChangedError. When ``False``, you can
            use the pool on an HTTP proxy and request foreign hosts.
    
        :param timeout:
            If specified, overrides the default timeout for this one
            request. It may be a float (in seconds) or an instance of
            :class:`urllib3.util.Timeout`.
    
        :param pool_timeout:
            If set and the pool is set to block=True, then this method will
            block for ``pool_timeout`` seconds and raise EmptyPoolError if no
            connection is available within the time period.
    
        :param bool preload_content:
            If True, the response's body will be preloaded into memory.
    
        :param bool decode_content:
            If True, will attempt to decode the body based on the
            'content-encoding' header.
    
        :param release_conn:
            If False, then the urlopen call will not release the connection
            back into the pool once a response is received (but will release if
            you read the entire contents of the response such as when
            `preload_content=True`). This is useful if you're not preloading
            the response's content immediately. You will need to call
            ``r.release_conn()`` on the response ``r`` to return the connection
            back into the pool. If None, it takes the value of ``preload_content``
            which defaults to ``True``.
    
        :param bool chunked:
            If True, urllib3 will send the body using chunked transfer
            encoding. Otherwise, urllib3 will send the body using the standard
            content-length form. Defaults to False.
    
        :param int body_pos:
            Position to seek to in file-like body in the event of a retry or
            redirect. Typically this won't need to be set because urllib3 will
            auto-populate the value when needed.
        """
        # Ensure that the URL we're connecting to is properly encoded
        if url.startswith("/"):
            # URLs starting with / are inherently schemeless.
            url = to_str(_encode_target(url))
            destination_scheme = None
        else:
            parsed_url = parse_url(url)
            destination_scheme = parsed_url.scheme
            url = to_str(parsed_url.url)
    
        if headers is None:
            headers = self.headers
    
        if not isinstance(retries, Retry):
            retries = Retry.from_int(retries, redirect=redirect, default=self.retries)
    
        if release_conn is None:
            release_conn = preload_content
    
        # Check host
        if assert_same_host and not self.is_same_host(url):
            raise HostChangedError(self, url, retries)
    
        conn = None
    
        # Track whether `conn` needs to be released before
        # returning/raising/recursing. Update this variable if necessary, and
        # leave `release_conn` constant throughout the function. That way, if
        # the function recurses, the original value of `release_conn` will be
        # passed down into the recursive call, and its value will be respected.
        #
        # See issue #651 [1] for details.
        #
        # [1] <https://github.com/urllib3/urllib3/issues/651>
        release_this_conn = release_conn
    
        http_tunnel_required = connection_requires_http_tunnel(
            self.proxy, self.proxy_config, destination_scheme
        )
    
        # Merge the proxy headers. Only done when not using HTTP CONNECT. We
        # have to copy the headers dict so we can safely change it without those
        # changes being reflected in anyone else's copy.
        if not http_tunnel_required:
            headers = headers.copy()  # type: ignore[attr-defined]
            headers.update(self.proxy_headers)  # type: ignore[union-attr]
    
        # Must keep the exception bound to a separate variable or else Python 3
        # complains about UnboundLocalError.
        err = None
    
        # Keep track of whether we cleanly exited the except block. This
        # ensures we do proper cleanup in finally.
        clean_exit = False
    
        # Rewind body position, if needed. Record current position
        # for future rewinds in the event of a redirect/retry.
        body_pos = set_file_position(body, body_pos)
    
        try:
            # Request a connection from the queue.
            timeout_obj = self._get_timeout(timeout)
            conn = self._get_conn(timeout=pool_timeout)
    
            conn.timeout = timeout_obj.connect_timeout  # type: ignore[assignment]
    
            # Is this a closed/new connection that requires CONNECT tunnelling?
            if self.proxy is not None and http_tunnel_required and conn.is_closed:
                try:
                    self._prepare_proxy(conn)
                except (BaseSSLError, OSError, SocketTimeout) as e:
                    self._raise_timeout(
                        err=e, url=self.proxy.url, timeout_value=conn.timeout
                    )
                    raise
    
            # If we're going to release the connection in ``finally:``, then
            # the response doesn't need to know about the connection. Otherwise
            # it will also try to release it and we'll have a double-release
            # mess.
            response_conn = conn if not release_conn else None
    
            # Make the request on the HTTPConnection object
>           response = self._make_request(
                conn,
                method,
                url,
                timeout=timeout_obj,
                body=body,
                headers=headers,
                chunked=chunked,
                retries=retries,
                response_conn=response_conn,
                preload_content=preload_content,
                decode_content=decode_content,
                **response_kw,
            )

.venv/lib/python3.12/site-packages/urllib3/connectionpool.py:788: 
_ _ _ _ _ _ _ _ _ _ _ _ _ _ _ _ _ _ _ _ _ _ _ _ _ _ _ _ _ _ _ _ _ _ _ _ _ _ _ _ 
.venv/lib/python3.12/site-packages/urllib3/connectionpool.py:493: in _make_request
    conn.request(
.venv/lib/python3.12/site-packages/urllib3/connection.py:500: in request
    self.endheaders()
/Users/bagouze/.local/share/uv/python/cpython-3.12.13-macos-aarch64-none/lib/python3.12/http/client.py:1353: in endheaders
    self._send_output(message_body, encode_chunked=encode_chunked)
/Users/bagouze/.local/share/uv/python/cpython-3.12.13-macos-aarch64-none/lib/python3.12/http/client.py:1113: in _send_output
    self.send(msg)
/Users/bagouze/.local/share/uv/python/cpython-3.12.13-macos-aarch64-none/lib/python3.12/http/client.py:1057: in send
    self.connect()
.venv/lib/python3.12/site-packages/urllib3/connection.py:331: in connect
    self.sock = self._new_conn()
                ^^^^^^^^^^^^^^^^
_ _ _ _ _ _ _ _ _ _ _ _ _ _ _ _ _ _ _ _ _ _ _ _ _ _ _ _ _ _ _ _ _ _ _ _ _ _ _ _ 

self = <HTTPConnection(host='localhost', port=3210) at 0x108bb47a0>

    def _new_conn(self) -> socket.socket:
        """Establish a socket connection and set nodelay settings on it.
    
        :return: New socket connection.
        """
        try:
            sock = connection.create_connection(
                (self._dns_host, self.port),
                self.timeout,
                source_address=self.source_address,
                socket_options=self.socket_options,
            )
        except socket.gaierror as e:
            raise NameResolutionError(self.host, self, e) from e
        except SocketTimeout as e:
            raise ConnectTimeoutError(
                self,
                f"Connection to {self.host} timed out. (connect timeout={self.timeout})",
            ) from e
    
        except OSError as e:
>           raise NewConnectionError(
                self, f"Failed to establish a new connection: {e}"
            ) from e
E           urllib3.exceptions.NewConnectionError: HTTPConnection(host='localhost', port=3210): Failed to establish a new connection: [Errno 61] Connection refused

.venv/lib/python3.12/site-packages/urllib3/connection.py:219: NewConnectionError

The above exception was the direct cause of the following exception:

self = <requests.adapters.HTTPAdapter object at 0x108745ac0>
request = <PreparedRequest [POST]>, stream = False, timeout = 15, verify = True
cert = None, proxies = OrderedDict()

    def send(
        self,
        request: PreparedRequest,
        stream: bool = False,
        timeout: _t.TimeoutType = None,
        verify: _t.VerifyType = True,
        cert: _t.CertType = None,
        proxies: dict[str, str] | None = None,
    ) -> Response:
        """Sends PreparedRequest object. Returns Response object.
    
        :param request: The :class:`PreparedRequest <PreparedRequest>` being sent.
        :param stream: (optional) Whether to stream the request content.
        :param timeout: (optional) How long to wait for the server to send
            data before giving up, as a float, or a :ref:`(connect timeout,
            read timeout) <timeouts>` tuple.
        :type timeout: float or tuple or urllib3 Timeout object
        :param verify: (optional) Either a boolean, in which case it controls whether
            we verify the server's TLS certificate, or a string, in which case it
            must be a path to a CA bundle to use
        :param cert: (optional) Any user-provided SSL certificate to be trusted.
        :param proxies: (optional) The proxies dictionary to apply to the request.
        :rtype: requests.Response
        """
    
        assert _is_prepared(request)
    
        try:
            conn = self.get_connection_with_tls_context(
                request, verify, proxies=proxies, cert=cert
            )
        except LocationValueError as e:
            raise InvalidURL(e, request=request)
    
        self.cert_verify(conn, request.url, verify, cert)
        url = self.request_url(request, proxies)
        self.add_headers(
            request,
            stream=stream,
            timeout=timeout,
            verify=verify,
            cert=cert,
            proxies=proxies,
        )
    
        chunked = not (request.body is None or "Content-Length" in request.headers)
    
        if isinstance(timeout, tuple):
            try:
                connect, read = timeout
                resolved_timeout = TimeoutSauce(connect=connect, read=read)
            except ValueError:
                raise ValueError(
                    f"Invalid timeout {timeout}. Pass a (connect, read) timeout tuple, "
                    f"or a single float to set both timeouts to the same value."
                )
        elif isinstance(timeout, TimeoutSauce):
            resolved_timeout = timeout
        else:
            resolved_timeout = TimeoutSauce(connect=timeout, read=timeout)
    
        try:
>           resp = conn.urlopen(
                method=request.method,
                url=url,
                body=request.body,  # type: ignore[arg-type]  # urllib3 stubs don't accept Iterable[bytes | str]
                headers=request.headers,  # type: ignore[arg-type]  # urllib3#3072
                redirect=False,
                assert_same_host=False,
                preload_content=False,
                decode_content=False,
                retries=self.max_retries,
                timeout=resolved_timeout,
                chunked=chunked,
            )

.venv/lib/python3.12/site-packages/requests/adapters.py:696: 
_ _ _ _ _ _ _ _ _ _ _ _ _ _ _ _ _ _ _ _ _ _ _ _ _ _ _ _ _ _ _ _ _ _ _ _ _ _ _ _ 
.venv/lib/python3.12/site-packages/urllib3/connectionpool.py:842: in urlopen
    retries = retries.increment(
_ _ _ _ _ _ _ _ _ _ _ _ _ _ _ _ _ _ _ _ _ _ _ _ _ _ _ _ _ _ _ _ _ _ _ _ _ _ _ _ 

self = Retry(total=0, connect=None, read=False, redirect=None, status=None)
method = 'POST', url = '/app/space/create', response = None
error = NewConnectionError("HTTPConnection(host='localhost', port=3210): Failed to establish a new connection: [Errno 61] Connection refused")
_pool = <urllib3.connectionpool.HTTPConnectionPool object at 0x108746e40>
_stacktrace = <traceback object at 0x1099ae440>

    def increment(
        self,
        method: str | None = None,
        url: str | None = None,
        response: BaseHTTPResponse | None = None,
        error: Exception | None = None,
        _pool: ConnectionPool | None = None,
        _stacktrace: TracebackType | None = None,
    ) -> Self:
        """Return a new Retry object with incremented retry counters.
    
        :param response: A response object, or None, if the server did not
            return a response.
        :type response: :class:`~urllib3.response.BaseHTTPResponse`
        :param Exception error: An error encountered during the request, or
            None if the response was received successfully.
    
        :return: A new ``Retry`` object.
        """
        if self.total is False and error:
            # Disabled, indicate to re-raise the error.
            raise reraise(type(error), error, _stacktrace)
    
        total = self.total
        if total is not None:
            total -= 1
    
        connect = self.connect
        read = self.read
        redirect = self.redirect
        status_count = self.status
        other = self.other
        cause = "unknown"
        status = None
        redirect_location = None
    
        if error and self._is_connection_error(error):
            # Connect retry?
            if connect is False:
                raise reraise(type(error), error, _stacktrace)
            elif connect is not None:
                connect -= 1
    
        elif error and self._is_read_error(error):
            # Read retry?
            if read is False or method is None or not self._is_method_retryable(method):
                raise reraise(type(error), error, _stacktrace)
            elif read is not None:
                read -= 1
    
        elif error:
            # Other retry?
            if other is not None:
                other -= 1
    
        elif response and response.get_redirect_location():
            # Redirect retry?
            if redirect is not None:
                redirect -= 1
            cause = "too many redirects"
            response_redirect_location = response.get_redirect_location()
            if response_redirect_location:
                redirect_location = response_redirect_location
            status = response.status
    
        else:
            # Incrementing because of a server error like a 500 in
            # status_forcelist and the given method is in the allowed_methods
            cause = ResponseError.GENERIC_ERROR
            if response and response.status:
                if status_count is not None:
                    status_count -= 1
                cause = ResponseError.SPECIFIC_ERROR.format(status_code=response.status)
                status = response.status
    
        history = self.history + (
            RequestHistory(method, url, error, status, redirect_location),
        )
    
        new_retry = self.new(
            total=total,
            connect=connect,
            read=read,
            redirect=redirect,
            status=status_count,
            other=other,
            history=history,
        )
    
        if new_retry.is_exhausted():
            reason = error or ResponseError(cause)
>           raise MaxRetryError(_pool, url, reason) from reason  # type: ignore[arg-type]
            ^^^^^^^^^^^^^^^^^^^^^^^^^^^^^^^^^^^^^^^^^^^^^^^^^^^
E           urllib3.exceptions.MaxRetryError: HTTPConnectionPool(host='localhost', port=3210): Max retries exceeded with url: /app/space/create (Caused by NewConnectionError("HTTPConnection(host='localhost', port=3210): Failed to establish a new connection: [Errno 61] Connection refused"))

.venv/lib/python3.12/site-packages/urllib3/util/retry.py:543: MaxRetryError

During handling of the above exception, another exception occurred:

    @pytest.fixture(scope="module")
    def espace_jetable() -> str:
        """Un espace à deux membres : DevCoach administrateur, E2E Coach 01 membre.
    
        Créé en pilotant les vraies routes — créer un espace en fait son
        administrateur, et rejoindre y entre comme membre simple. Aucune fabrication
        SQL : c'est le chemin que suivrait un utilisateur.
        """
        nom = f"E2E Admin {time.time_ns()}"
>       r = requests.post(
            f"{BASE_URL}/app/space/create",
            data={"space_name": nom, "logo_url": LOGO},
            headers={"HX-Request": "true", "Content-Type": FORM_URLENCODED},
            timeout=15,
        )

test_space_admin_membres.py:46: 
_ _ _ _ _ _ _ _ _ _ _ _ _ _ _ _ _ _ _ _ _ _ _ _ _ _ _ _ _ _ _ _ _ _ _ _ _ _ _ _ 
.venv/lib/python3.12/site-packages/requests/api.py:134: in post
    return request("post", url, data=data, json=json, **kwargs)
           ^^^^^^^^^^^^^^^^^^^^^^^^^^^^^^^^^^^^^^^^^^^^^^^^^^^^
.venv/lib/python3.12/site-packages/requests/api.py:71: in request
    return session.request(method=method, url=url, **kwargs)
           ^^^^^^^^^^^^^^^^^^^^^^^^^^^^^^^^^^^^^^^^^^^^^^^^^
.venv/lib/python3.12/site-packages/requests/sessions.py:651: in request
    resp = self.send(prep, **send_kwargs)
           ^^^^^^^^^^^^^^^^^^^^^^^^^^^^^^
.venv/lib/python3.12/site-packages/requests/sessions.py:784: in send
    r = adapter.send(request, **kwargs)
        ^^^^^^^^^^^^^^^^^^^^^^^^^^^^^^^
_ _ _ _ _ _ _ _ _ _ _ _ _ _ _ _ _ _ _ _ _ _ _ _ _ _ _ _ _ _ _ _ _ _ _ _ _ _ _ _ 

self = <requests.adapters.HTTPAdapter object at 0x108745ac0>
request = <PreparedRequest [POST]>, stream = False, timeout = 15, verify = True
cert = None, proxies = OrderedDict()

    def send(
        self,
        request: PreparedRequest,
        stream: bool = False,
        timeout: _t.TimeoutType = None,
        verify: _t.VerifyType = True,
        cert: _t.CertType = None,
        proxies: dict[str, str] | None = None,
    ) -> Response:
        """Sends PreparedRequest object. Returns Response object.
    
        :param request: The :class:`PreparedRequest <PreparedRequest>` being sent.
        :param stream: (optional) Whether to stream the request content.
        :param timeout: (optional) How long to wait for the server to send
            data before giving up, as a float, or a :ref:`(connect timeout,
            read timeout) <timeouts>` tuple.
        :type timeout: float or tuple or urllib3 Timeout object
        :param verify: (optional) Either a boolean, in which case it controls whether
            we verify the server's TLS certificate, or a string, in which case it
            must be a path to a CA bundle to use
        :param cert: (optional) Any user-provided SSL certificate to be trusted.
        :param proxies: (optional) The proxies dictionary to apply to the request.
        :rtype: requests.Response
        """
    
        assert _is_prepared(request)
    
        try:
            conn = self.get_connection_with_tls_context(
                request, verify, proxies=proxies, cert=cert
            )
        except LocationValueError as e:
            raise InvalidURL(e, request=request)
    
        self.cert_verify(conn, request.url, verify, cert)
        url = self.request_url(request, proxies)
        self.add_headers(
            request,
            stream=stream,
            timeout=timeout,
            verify=verify,
            cert=cert,
            proxies=proxies,
        )
    
        chunked = not (request.body is None or "Content-Length" in request.headers)
    
        if isinstance(timeout, tuple):
            try:
                connect, read = timeout
                resolved_timeout = TimeoutSauce(connect=connect, read=read)
            except ValueError:
                raise ValueError(
                    f"Invalid timeout {timeout}. Pass a (connect, read) timeout tuple, "
                    f"or a single float to set both timeouts to the same value."
                )
        elif isinstance(timeout, TimeoutSauce):
            resolved_timeout = timeout
        else:
            resolved_timeout = TimeoutSauce(connect=timeout, read=timeout)
    
        try:
            resp = conn.urlopen(
                method=request.method,
                url=url,
                body=request.body,  # type: ignore[arg-type]  # urllib3 stubs don't accept Iterable[bytes | str]
                headers=request.headers,  # type: ignore[arg-type]  # urllib3#3072
                redirect=False,
                assert_same_host=False,
                preload_content=False,
                decode_content=False,
                retries=self.max_retries,
                timeout=resolved_timeout,
                chunked=chunked,
            )
    
        except (ProtocolError, OSError) as err:
            raise ConnectionError(err, request=request)
    
        except MaxRetryError as e:
            if isinstance(e.reason, ConnectTimeoutError):
                # TODO: Remove this in 3.0.0: see #2811
                if not isinstance(e.reason, NewConnectionError):
                    raise ConnectTimeout(e, request=request)
    
            if isinstance(e.reason, ResponseError):
                raise RetryError(e, request=request)
    
            if isinstance(e.reason, _ProxyError):
                raise ProxyError(e, request=request)
    
            if isinstance(e.reason, _SSLError):
                # This branch is for urllib3 v1.22 and later.
                raise SSLError(e, request=request)
    
>           raise ConnectionError(e, request=request)
E           requests.exceptions.ConnectionError: HTTPConnectionPool(host='localhost', port=3210): Max retries exceeded with url: /app/space/create (Caused by NewConnectionError("HTTPConnection(host='localhost', port=3210): Failed to establish a new connection: [Errno 61] Connection refused"))

.venv/lib/python3.12/site-packages/requests/adapters.py:729: ConnectionError
_ ERROR at setup of test_les_compteurs_suivent_une_promotion_sans_rechargement[chromium] _

self = <HTTPConnection(host='localhost', port=3210) at 0x108bb47a0>

    def _new_conn(self) -> socket.socket:
        """Establish a socket connection and set nodelay settings on it.
    
        :return: New socket connection.
        """
        try:
>           sock = connection.create_connection(
                (self._dns_host, self.port),
                self.timeout,
                source_address=self.source_address,
                socket_options=self.socket_options,
            )

.venv/lib/python3.12/site-packages/urllib3/connection.py:204: 
_ _ _ _ _ _ _ _ _ _ _ _ _ _ _ _ _ _ _ _ _ _ _ _ _ _ _ _ _ _ _ _ _ _ _ _ _ _ _ _ 
.venv/lib/python3.12/site-packages/urllib3/util/connection.py:85: in create_connection
    raise err
_ _ _ _ _ _ _ _ _ _ _ _ _ _ _ _ _ _ _ _ _ _ _ _ _ _ _ _ _ _ _ _ _ _ _ _ _ _ _ _ 

address = ('localhost', 3210), timeout = 15, source_address = None
socket_options = [(6, 1, 1)]

    def create_connection(
        address: tuple[str, int],
        timeout: _TYPE_TIMEOUT = _DEFAULT_TIMEOUT,
        source_address: tuple[str, int] | None = None,
        socket_options: _TYPE_SOCKET_OPTIONS | None = None,
    ) -> socket.socket:
        """Connect to *address* and return the socket object.
    
        Convenience function.  Connect to *address* (a 2-tuple ``(host,
        port)``) and return the socket object.  Passing the optional
        *timeout* parameter will set the timeout on the socket instance
        before attempting to connect.  If no *timeout* is supplied, the
        global default timeout setting returned by :func:`socket.getdefaulttimeout`
        is used.  If *source_address* is set it must be a tuple of (host, port)
        for the socket to bind as a source address before making the connection.
        An host of '' or port 0 tells the OS to use the default.
        """
    
        host, port = address
        if host.startswith("["):
            host = host.strip("[]")
        err = None
    
        # Using the value from allowed_gai_family() in the context of getaddrinfo lets
        # us select whether to work with IPv4 DNS records, IPv6 records, or both.
        # The original create_connection function always returns all records.
        family = allowed_gai_family()
    
        try:
            host.encode("idna")
        except UnicodeError:
            raise LocationParseError(f"'{host}', label empty or too long") from None
    
        for res in socket.getaddrinfo(host, port, family, socket.SOCK_STREAM):
            af, socktype, proto, canonname, sa = res
            sock = None
            try:
                sock = socket.socket(af, socktype, proto)
    
                # If provided, set socket level options before connecting.
                _set_socket_options(sock, socket_options)
    
                if timeout is not _DEFAULT_TIMEOUT:
                    sock.settimeout(timeout)
                if source_address:
                    sock.bind(source_address)
>               sock.connect(sa)
E               ConnectionRefusedError: [Errno 61] Connection refused

.venv/lib/python3.12/site-packages/urllib3/util/connection.py:73: ConnectionRefusedError

The above exception was the direct cause of the following exception:

self = <urllib3.connectionpool.HTTPConnectionPool object at 0x108746e40>
method = 'POST', url = '/app/space/create'
body = 'space_name=E2E+Admin+1789045327420674000&logo_url=https%3A%2F%2Fres.cloudinary.com%2Fdemo%2Fimage%2Fupload%2Fsample.jpg'
headers = {'User-Agent': 'python-requests/2.34.2', 'Accept-Encoding': 'gzip, deflate', 'Accept': '*/*', 'Connection': 'keep-alive', 'HX-Request': 'true', 'Content-Type': 'application/x-www-form-urlencoded', 'Content-Length': '119'}
retries = Retry(total=0, connect=None, read=False, redirect=None, status=None)
redirect = False, assert_same_host = False
timeout = Timeout(connect=15, read=15, total=None), pool_timeout = None
release_conn = False, chunked = False, body_pos = None, preload_content = False
decode_content = False, response_kw = {}

    def urlopen(  # type: ignore[override]
        self,
        method: str,
        url: str,
        body: _TYPE_BODY | None = None,
        headers: typing.Mapping[str, str] | None = None,
        retries: Retry | bool | int | None = None,
        redirect: bool = True,
        assert_same_host: bool = True,
        timeout: _TYPE_TIMEOUT = _DEFAULT_TIMEOUT,
        pool_timeout: int | None = None,
        release_conn: bool | None = None,
        chunked: bool = False,
        body_pos: _TYPE_BODY_POSITION | None = None,
        preload_content: bool = True,
        decode_content: bool = True,
        **response_kw: typing.Any,
    ) -> BaseHTTPResponse:
        """
        Get a connection from the pool and perform an HTTP request. This is the
        lowest level call for making a request, so you'll need to specify all
        the raw details.
    
        .. note::
    
           More commonly, it's appropriate to use a convenience method
           such as :meth:`request`.
    
        .. note::
    
           `release_conn` will only behave as expected if
           `preload_content=False` because we want to make
           `preload_content=False` the default behaviour someday soon without
           breaking backwards compatibility.
    
        :param method:
            HTTP request method (such as GET, POST, PUT, etc.)
    
        :param url:
            The URL to perform the request on.
    
        :param body:
            Data to send in the request body, either :class:`str`, :class:`bytes`,
            an iterable of :class:`str`/:class:`bytes`, or a file-like object.
    
        :param headers:
            Dictionary of custom headers to send, such as User-Agent,
            If-None-Match, etc. If None, pool headers are used. If provided,
            these headers completely replace any pool-specific headers.
    
        :param retries:
            Configure the number of retries to allow before raising a
            :class:`~urllib3.exceptions.MaxRetryError` exception.
    
            If ``None`` (default) will retry 3 times, see ``Retry.DEFAULT``. Pass a
            :class:`~urllib3.util.retry.Retry` object for fine-grained control
            over different types of retries.
            Pass an integer number to retry connection errors that many times,
            but no other types of errors. Pass zero to never retry.
    
            If ``False``, then retries are disabled and any exception is raised
            immediately. Also, instead of raising a MaxRetryError on redirects,
            the redirect response will be returned.
    
        :type retries: :class:`~urllib3.util.retry.Retry`, False, or an int.
    
        :param redirect:
            If True, automatically handle redirects (status codes 301, 302,
            303, 307, 308). Each redirect counts as a retry. Disabling retries
            will disable redirect, too.
    
        :param assert_same_host:
            If ``True``, will make sure that the host of the pool requests is
            consistent else will raise HostChangedError. When ``False``, you can
            use the pool on an HTTP proxy and request foreign hosts.
    
        :param timeout:
            If specified, overrides the default timeout for this one
            request. It may be a float (in seconds) or an instance of
            :class:`urllib3.util.Timeout`.
    
        :param pool_timeout:
            If set and the pool is set to block=True, then this method will
            block for ``pool_timeout`` seconds and raise EmptyPoolError if no
            connection is available within the time period.
    
        :param bool preload_content:
            If True, the response's body will be preloaded into memory.
    
        :param bool decode_content:
            If True, will attempt to decode the body based on the
            'content-encoding' header.
    
        :param release_conn:
            If False, then the urlopen call will not release the connection
            back into the pool once a response is received (but will release if
            you read the entire contents of the response such as when
            `preload_content=True`). This is useful if you're not preloading
            the response's content immediately. You will need to call
            ``r.release_conn()`` on the response ``r`` to return the connection
            back into the pool. If None, it takes the value of ``preload_content``
            which defaults to ``True``.
    
        :param bool chunked:
            If True, urllib3 will send the body using chunked transfer
            encoding. Otherwise, urllib3 will send the body using the standard
            content-length form. Defaults to False.
    
        :param int body_pos:
            Position to seek to in file-like body in the event of a retry or
            redirect. Typically this won't need to be set because urllib3 will
            auto-populate the value when needed.
        """
        # Ensure that the URL we're connecting to is properly encoded
        if url.startswith("/"):
            # URLs starting with / are inherently schemeless.
            url = to_str(_encode_target(url))
            destination_scheme = None
        else:
            parsed_url = parse_url(url)
            destination_scheme = parsed_url.scheme
            url = to_str(parsed_url.url)
    
        if headers is None:
            headers = self.headers
    
        if not isinstance(retries, Retry):
            retries = Retry.from_int(retries, redirect=redirect, default=self.retries)
    
        if release_conn is None:
            release_conn = preload_content
    
        # Check host
        if assert_same_host and not self.is_same_host(url):
            raise HostChangedError(self, url, retries)
    
        conn = None
    
        # Track whether `conn` needs to be released before
        # returning/raising/recursing. Update this variable if necessary, and
        # leave `release_conn` constant throughout the function. That way, if
        # the function recurses, the original value of `release_conn` will be
        # passed down into the recursive call, and its value will be respected.
        #
        # See issue #651 [1] for details.
        #
        # [1] <https://github.com/urllib3/urllib3/issues/651>
        release_this_conn = release_conn
    
        http_tunnel_required = connection_requires_http_tunnel(
            self.proxy, self.proxy_config, destination_scheme
        )
    
        # Merge the proxy headers. Only done when not using HTTP CONNECT. We
        # have to copy the headers dict so we can safely change it without those
        # changes being reflected in anyone else's copy.
        if not http_tunnel_required:
            headers = headers.copy()  # type: ignore[attr-defined]
            headers.update(self.proxy_headers)  # type: ignore[union-attr]
    
        # Must keep the exception bound to a separate variable or else Python 3
        # complains about UnboundLocalError.
        err = None
    
        # Keep track of whether we cleanly exited the except block. This
        # ensures we do proper cleanup in finally.
        clean_exit = False
    
        # Rewind body position, if needed. Record current position
        # for future rewinds in the event of a redirect/retry.
        body_pos = set_file_position(body, body_pos)
    
        try:
            # Request a connection from the queue.
            timeout_obj = self._get_timeout(timeout)
            conn = self._get_conn(timeout=pool_timeout)
    
            conn.timeout = timeout_obj.connect_timeout  # type: ignore[assignment]
    
            # Is this a closed/new connection that requires CONNECT tunnelling?
            if self.proxy is not None and http_tunnel_required and conn.is_closed:
                try:
                    self._prepare_proxy(conn)
                except (BaseSSLError, OSError, SocketTimeout) as e:
                    self._raise_timeout(
                        err=e, url=self.proxy.url, timeout_value=conn.timeout
                    )
                    raise
    
            # If we're going to release the connection in ``finally:``, then
            # the response doesn't need to know about the connection. Otherwise
            # it will also try to release it and we'll have a double-release
            # mess.
            response_conn = conn if not release_conn else None
    
            # Make the request on the HTTPConnection object
>           response = self._make_request(
                conn,
                method,
                url,
                timeout=timeout_obj,
                body=body,
                headers=headers,
                chunked=chunked,
                retries=retries,
                response_conn=response_conn,
                preload_content=preload_content,
                decode_content=decode_content,
                **response_kw,
            )

.venv/lib/python3.12/site-packages/urllib3/connectionpool.py:788: 
_ _ _ _ _ _ _ _ _ _ _ _ _ _ _ _ _ _ _ _ _ _ _ _ _ _ _ _ _ _ _ _ _ _ _ _ _ _ _ _ 
.venv/lib/python3.12/site-packages/urllib3/connectionpool.py:493: in _make_request
    conn.request(
.venv/lib/python3.12/site-packages/urllib3/connection.py:500: in request
    self.endheaders()
/Users/bagouze/.local/share/uv/python/cpython-3.12.13-macos-aarch64-none/lib/python3.12/http/client.py:1353: in endheaders
    self._send_output(message_body, encode_chunked=encode_chunked)
/Users/bagouze/.local/share/uv/python/cpython-3.12.13-macos-aarch64-none/lib/python3.12/http/client.py:1113: in _send_output
    self.send(msg)
/Users/bagouze/.local/share/uv/python/cpython-3.12.13-macos-aarch64-none/lib/python3.12/http/client.py:1057: in send
    self.connect()
.venv/lib/python3.12/site-packages/urllib3/connection.py:331: in connect
    self.sock = self._new_conn()
                ^^^^^^^^^^^^^^^^
_ _ _ _ _ _ _ _ _ _ _ _ _ _ _ _ _ _ _ _ _ _ _ _ _ _ _ _ _ _ _ _ _ _ _ _ _ _ _ _ 

self = <HTTPConnection(host='localhost', port=3210) at 0x108bb47a0>

    def _new_conn(self) -> socket.socket:
        """Establish a socket connection and set nodelay settings on it.
    
        :return: New socket connection.
        """
        try:
            sock = connection.create_connection(
                (self._dns_host, self.port),
                self.timeout,
                source_address=self.source_address,
                socket_options=self.socket_options,
            )
        except socket.gaierror as e:
            raise NameResolutionError(self.host, self, e) from e
        except SocketTimeout as e:
            raise ConnectTimeoutError(
                self,
                f"Connection to {self.host} timed out. (connect timeout={self.timeout})",
            ) from e
    
        except OSError as e:
>           raise NewConnectionError(
                self, f"Failed to establish a new connection: {e}"
            ) from e
E           urllib3.exceptions.NewConnectionError: HTTPConnection(host='localhost', port=3210): Failed to establish a new connection: [Errno 61] Connection refused

.venv/lib/python3.12/site-packages/urllib3/connection.py:219: NewConnectionError

The above exception was the direct cause of the following exception:

self = <requests.adapters.HTTPAdapter object at 0x108745ac0>
request = <PreparedRequest [POST]>, stream = False, timeout = 15, verify = True
cert = None, proxies = OrderedDict()

    def send(
        self,
        request: PreparedRequest,
        stream: bool = False,
        timeout: _t.TimeoutType = None,
        verify: _t.VerifyType = True,
        cert: _t.CertType = None,
        proxies: dict[str, str] | None = None,
    ) -> Response:
        """Sends PreparedRequest object. Returns Response object.
    
        :param request: The :class:`PreparedRequest <PreparedRequest>` being sent.
        :param stream: (optional) Whether to stream the request content.
        :param timeout: (optional) How long to wait for the server to send
            data before giving up, as a float, or a :ref:`(connect timeout,
            read timeout) <timeouts>` tuple.
        :type timeout: float or tuple or urllib3 Timeout object
        :param verify: (optional) Either a boolean, in which case it controls whether
            we verify the server's TLS certificate, or a string, in which case it
            must be a path to a CA bundle to use
        :param cert: (optional) Any user-provided SSL certificate to be trusted.
        :param proxies: (optional) The proxies dictionary to apply to the request.
        :rtype: requests.Response
        """
    
        assert _is_prepared(request)
    
        try:
            conn = self.get_connection_with_tls_context(
                request, verify, proxies=proxies, cert=cert
            )
        except LocationValueError as e:
            raise InvalidURL(e, request=request)
    
        self.cert_verify(conn, request.url, verify, cert)
        url = self.request_url(request, proxies)
        self.add_headers(
            request,
            stream=stream,
            timeout=timeout,
            verify=verify,
            cert=cert,
            proxies=proxies,
        )
    
        chunked = not (request.body is None or "Content-Length" in request.headers)
    
        if isinstance(timeout, tuple):
            try:
                connect, read = timeout
                resolved_timeout = TimeoutSauce(connect=connect, read=read)
            except ValueError:
                raise ValueError(
                    f"Invalid timeout {timeout}. Pass a (connect, read) timeout tuple, "
                    f"or a single float to set both timeouts to the same value."
                )
        elif isinstance(timeout, TimeoutSauce):
            resolved_timeout = timeout
        else:
            resolved_timeout = TimeoutSauce(connect=timeout, read=timeout)
    
        try:
>           resp = conn.urlopen(
                method=request.method,
                url=url,
                body=request.body,  # type: ignore[arg-type]  # urllib3 stubs don't accept Iterable[bytes | str]
                headers=request.headers,  # type: ignore[arg-type]  # urllib3#3072
                redirect=False,
                assert_same_host=False,
                preload_content=False,
                decode_content=False,
                retries=self.max_retries,
                timeout=resolved_timeout,
                chunked=chunked,
            )

.venv/lib/python3.12/site-packages/requests/adapters.py:696: 
_ _ _ _ _ _ _ _ _ _ _ _ _ _ _ _ _ _ _ _ _ _ _ _ _ _ _ _ _ _ _ _ _ _ _ _ _ _ _ _ 
.venv/lib/python3.12/site-packages/urllib3/connectionpool.py:842: in urlopen
    retries = retries.increment(
_ _ _ _ _ _ _ _ _ _ _ _ _ _ _ _ _ _ _ _ _ _ _ _ _ _ _ _ _ _ _ _ _ _ _ _ _ _ _ _ 

self = Retry(total=0, connect=None, read=False, redirect=None, status=None)
method = 'POST', url = '/app/space/create', response = None
error = NewConnectionError("HTTPConnection(host='localhost', port=3210): Failed to establish a new connection: [Errno 61] Connection refused")
_pool = <urllib3.connectionpool.HTTPConnectionPool object at 0x108746e40>
_stacktrace = <traceback object at 0x1099ae440>

    def increment(
        self,
        method: str | None = None,
        url: str | None = None,
        response: BaseHTTPResponse | None = None,
        error: Exception | None = None,
        _pool: ConnectionPool | None = None,
        _stacktrace: TracebackType | None = None,
    ) -> Self:
        """Return a new Retry object with incremented retry counters.
    
        :param response: A response object, or None, if the server did not
            return a response.
        :type response: :class:`~urllib3.response.BaseHTTPResponse`
        :param Exception error: An error encountered during the request, or
            None if the response was received successfully.
    
        :return: A new ``Retry`` object.
        """
        if self.total is False and error:
            # Disabled, indicate to re-raise the error.
            raise reraise(type(error), error, _stacktrace)
    
        total = self.total
        if total is not None:
            total -= 1
    
        connect = self.connect
        read = self.read
        redirect = self.redirect
        status_count = self.status
        other = self.other
        cause = "unknown"
        status = None
        redirect_location = None
    
        if error and self._is_connection_error(error):
            # Connect retry?
            if connect is False:
                raise reraise(type(error), error, _stacktrace)
            elif connect is not None:
                connect -= 1
    
        elif error and self._is_read_error(error):
            # Read retry?
            if read is False or method is None or not self._is_method_retryable(method):
                raise reraise(type(error), error, _stacktrace)
            elif read is not None:
                read -= 1
    
        elif error:
            # Other retry?
            if other is not None:
                other -= 1
    
        elif response and response.get_redirect_location():
            # Redirect retry?
            if redirect is not None:
                redirect -= 1
            cause = "too many redirects"
            response_redirect_location = response.get_redirect_location()
            if response_redirect_location:
                redirect_location = response_redirect_location
            status = response.status
    
        else:
            # Incrementing because of a server error like a 500 in
            # status_forcelist and the given method is in the allowed_methods
            cause = ResponseError.GENERIC_ERROR
            if response and response.status:
                if status_count is not None:
                    status_count -= 1
                cause = ResponseError.SPECIFIC_ERROR.format(status_code=response.status)
                status = response.status
    
        history = self.history + (
            RequestHistory(method, url, error, status, redirect_location),
        )
    
        new_retry = self.new(
            total=total,
            connect=connect,
            read=read,
            redirect=redirect,
            status=status_count,
            other=other,
            history=history,
        )
    
        if new_retry.is_exhausted():
            reason = error or ResponseError(cause)
>           raise MaxRetryError(_pool, url, reason) from reason  # type: ignore[arg-type]
            ^^^^^^^^^^^^^^^^^^^^^^^^^^^^^^^^^^^^^^^^^^^^^^^^^^^
E           urllib3.exceptions.MaxRetryError: HTTPConnectionPool(host='localhost', port=3210): Max retries exceeded with url: /app/space/create (Caused by NewConnectionError("HTTPConnection(host='localhost', port=3210): Failed to establish a new connection: [Errno 61] Connection refused"))

.venv/lib/python3.12/site-packages/urllib3/util/retry.py:543: MaxRetryError

During handling of the above exception, another exception occurred:

    @pytest.fixture(scope="module")
    def espace_jetable() -> str:
        """Un espace à deux membres : DevCoach administrateur, E2E Coach 01 membre.
    
        Créé en pilotant les vraies routes — créer un espace en fait son
        administrateur, et rejoindre y entre comme membre simple. Aucune fabrication
        SQL : c'est le chemin que suivrait un utilisateur.
        """
        nom = f"E2E Admin {time.time_ns()}"
>       r = requests.post(
            f"{BASE_URL}/app/space/create",
            data={"space_name": nom, "logo_url": LOGO},
            headers={"HX-Request": "true", "Content-Type": FORM_URLENCODED},
            timeout=15,
        )

test_space_admin_membres.py:46: 
_ _ _ _ _ _ _ _ _ _ _ _ _ _ _ _ _ _ _ _ _ _ _ _ _ _ _ _ _ _ _ _ _ _ _ _ _ _ _ _ 
.venv/lib/python3.12/site-packages/requests/api.py:134: in post
    return request("post", url, data=data, json=json, **kwargs)
           ^^^^^^^^^^^^^^^^^^^^^^^^^^^^^^^^^^^^^^^^^^^^^^^^^^^^
.venv/lib/python3.12/site-packages/requests/api.py:71: in request
    return session.request(method=method, url=url, **kwargs)
           ^^^^^^^^^^^^^^^^^^^^^^^^^^^^^^^^^^^^^^^^^^^^^^^^^
.venv/lib/python3.12/site-packages/requests/sessions.py:651: in request
    resp = self.send(prep, **send_kwargs)
           ^^^^^^^^^^^^^^^^^^^^^^^^^^^^^^
.venv/lib/python3.12/site-packages/requests/sessions.py:784: in send
    r = adapter.send(request, **kwargs)
        ^^^^^^^^^^^^^^^^^^^^^^^^^^^^^^^
_ _ _ _ _ _ _ _ _ _ _ _ _ _ _ _ _ _ _ _ _ _ _ _ _ _ _ _ _ _ _ _ _ _ _ _ _ _ _ _ 

self = <requests.adapters.HTTPAdapter object at 0x108745ac0>
request = <PreparedRequest [POST]>, stream = False, timeout = 15, verify = True
cert = None, proxies = OrderedDict()

    def send(
        self,
        request: PreparedRequest,
        stream: bool = False,
        timeout: _t.TimeoutType = None,
        verify: _t.VerifyType = True,
        cert: _t.CertType = None,
        proxies: dict[str, str] | None = None,
    ) -> Response:
        """Sends PreparedRequest object. Returns Response object.
    
        :param request: The :class:`PreparedRequest <PreparedRequest>` being sent.
        :param stream: (optional) Whether to stream the request content.
        :param timeout: (optional) How long to wait for the server to send
            data before giving up, as a float, or a :ref:`(connect timeout,
            read timeout) <timeouts>` tuple.
        :type timeout: float or tuple or urllib3 Timeout object
        :param verify: (optional) Either a boolean, in which case it controls whether
            we verify the server's TLS certificate, or a string, in which case it
            must be a path to a CA bundle to use
        :param cert: (optional) Any user-provided SSL certificate to be trusted.
        :param proxies: (optional) The proxies dictionary to apply to the request.
        :rtype: requests.Response
        """
    
        assert _is_prepared(request)
    
        try:
            conn = self.get_connection_with_tls_context(
                request, verify, proxies=proxies, cert=cert
            )
        except LocationValueError as e:
            raise InvalidURL(e, request=request)
    
        self.cert_verify(conn, request.url, verify, cert)
        url = self.request_url(request, proxies)
        self.add_headers(
            request,
            stream=stream,
            timeout=timeout,
            verify=verify,
            cert=cert,
            proxies=proxies,
        )
    
        chunked = not (request.body is None or "Content-Length" in request.headers)
    
        if isinstance(timeout, tuple):
            try:
                connect, read = timeout
                resolved_timeout = TimeoutSauce(connect=connect, read=read)
            except ValueError:
                raise ValueError(
                    f"Invalid timeout {timeout}. Pass a (connect, read) timeout tuple, "
                    f"or a single float to set both timeouts to the same value."
                )
        elif isinstance(timeout, TimeoutSauce):
            resolved_timeout = timeout
        else:
            resolved_timeout = TimeoutSauce(connect=timeout, read=timeout)
    
        try:
            resp = conn.urlopen(
                method=request.method,
                url=url,
                body=request.body,  # type: ignore[arg-type]  # urllib3 stubs don't accept Iterable[bytes | str]
                headers=request.headers,  # type: ignore[arg-type]  # urllib3#3072
                redirect=False,
                assert_same_host=False,
                preload_content=False,
                decode_content=False,
                retries=self.max_retries,
                timeout=resolved_timeout,
                chunked=chunked,
            )
    
        except (ProtocolError, OSError) as err:
            raise ConnectionError(err, request=request)
    
        except MaxRetryError as e:
            if isinstance(e.reason, ConnectTimeoutError):
                # TODO: Remove this in 3.0.0: see #2811
                if not isinstance(e.reason, NewConnectionError):
                    raise ConnectTimeout(e, request=request)
    
            if isinstance(e.reason, ResponseError):
                raise RetryError(e, request=request)
    
            if isinstance(e.reason, _ProxyError):
                raise ProxyError(e, request=request)
    
            if isinstance(e.reason, _SSLError):
                # This branch is for urllib3 v1.22 and later.
                raise SSLError(e, request=request)
    
>           raise ConnectionError(e, request=request)
E           requests.exceptions.ConnectionError: HTTPConnectionPool(host='localhost', port=3210): Max retries exceeded with url: /app/space/create (Caused by NewConnectionError("HTTPConnection(host='localhost', port=3210): Failed to establish a new connection: [Errno 61] Connection refused"))

.venv/lib/python3.12/site-packages/requests/adapters.py:729: ConnectionError
_ ERROR at setup of test_un_membre_simple_ne_peut_pas_ouvrir_la_page[chromium] _

self = <HTTPConnection(host='localhost', port=3210) at 0x108bb47a0>

    def _new_conn(self) -> socket.socket:
        """Establish a socket connection and set nodelay settings on it.
    
        :return: New socket connection.
        """
        try:
>           sock = connection.create_connection(
                (self._dns_host, self.port),
                self.timeout,
                source_address=self.source_address,
                socket_options=self.socket_options,
            )

.venv/lib/python3.12/site-packages/urllib3/connection.py:204: 
_ _ _ _ _ _ _ _ _ _ _ _ _ _ _ _ _ _ _ _ _ _ _ _ _ _ _ _ _ _ _ _ _ _ _ _ _ _ _ _ 
.venv/lib/python3.12/site-packages/urllib3/util/connection.py:85: in create_connection
    raise err
_ _ _ _ _ _ _ _ _ _ _ _ _ _ _ _ _ _ _ _ _ _ _ _ _ _ _ _ _ _ _ _ _ _ _ _ _ _ _ _ 

address = ('localhost', 3210), timeout = 15, source_address = None
socket_options = [(6, 1, 1)]

    def create_connection(
        address: tuple[str, int],
        timeout: _TYPE_TIMEOUT = _DEFAULT_TIMEOUT,
        source_address: tuple[str, int] | None = None,
        socket_options: _TYPE_SOCKET_OPTIONS | None = None,
    ) -> socket.socket:
        """Connect to *address* and return the socket object.
    
        Convenience function.  Connect to *address* (a 2-tuple ``(host,
        port)``) and return the socket object.  Passing the optional
        *timeout* parameter will set the timeout on the socket instance
        before attempting to connect.  If no *timeout* is supplied, the
        global default timeout setting returned by :func:`socket.getdefaulttimeout`
        is used.  If *source_address* is set it must be a tuple of (host, port)
        for the socket to bind as a source address before making the connection.
        An host of '' or port 0 tells the OS to use the default.
        """
    
        host, port = address
        if host.startswith("["):
            host = host.strip("[]")
        err = None
    
        # Using the value from allowed_gai_family() in the context of getaddrinfo lets
        # us select whether to work with IPv4 DNS records, IPv6 records, or both.
        # The original create_connection function always returns all records.
        family = allowed_gai_family()
    
        try:
            host.encode("idna")
        except UnicodeError:
            raise LocationParseError(f"'{host}', label empty or too long") from None
    
        for res in socket.getaddrinfo(host, port, family, socket.SOCK_STREAM):
            af, socktype, proto, canonname, sa = res
            sock = None
            try:
                sock = socket.socket(af, socktype, proto)
    
                # If provided, set socket level options before connecting.
                _set_socket_options(sock, socket_options)
    
                if timeout is not _DEFAULT_TIMEOUT:
                    sock.settimeout(timeout)
                if source_address:
                    sock.bind(source_address)
>               sock.connect(sa)
E               ConnectionRefusedError: [Errno 61] Connection refused

.venv/lib/python3.12/site-packages/urllib3/util/connection.py:73: ConnectionRefusedError

The above exception was the direct cause of the following exception:

self = <urllib3.connectionpool.HTTPConnectionPool object at 0x108746e40>
method = 'POST', url = '/app/space/create'
body = 'space_name=E2E+Admin+1789045327420674000&logo_url=https%3A%2F%2Fres.cloudinary.com%2Fdemo%2Fimage%2Fupload%2Fsample.jpg'
headers = {'User-Agent': 'python-requests/2.34.2', 'Accept-Encoding': 'gzip, deflate', 'Accept': '*/*', 'Connection': 'keep-alive', 'HX-Request': 'true', 'Content-Type': 'application/x-www-form-urlencoded', 'Content-Length': '119'}
retries = Retry(total=0, connect=None, read=False, redirect=None, status=None)
redirect = False, assert_same_host = False
timeout = Timeout(connect=15, read=15, total=None), pool_timeout = None
release_conn = False, chunked = False, body_pos = None, preload_content = False
decode_content = False, response_kw = {}

    def urlopen(  # type: ignore[override]
        self,
        method: str,
        url: str,
        body: _TYPE_BODY | None = None,
        headers: typing.Mapping[str, str] | None = None,
        retries: Retry | bool | int | None = None,
        redirect: bool = True,
        assert_same_host: bool = True,
        timeout: _TYPE_TIMEOUT = _DEFAULT_TIMEOUT,
        pool_timeout: int | None = None,
        release_conn: bool | None = None,
        chunked: bool = False,
        body_pos: _TYPE_BODY_POSITION | None = None,
        preload_content: bool = True,
        decode_content: bool = True,
        **response_kw: typing.Any,
    ) -> BaseHTTPResponse:
        """
        Get a connection from the pool and perform an HTTP request. This is the
        lowest level call for making a request, so you'll need to specify all
        the raw details.
    
        .. note::
    
           More commonly, it's appropriate to use a convenience method
           such as :meth:`request`.
    
        .. note::
    
           `release_conn` will only behave as expected if
           `preload_content=False` because we want to make
           `preload_content=False` the default behaviour someday soon without
           breaking backwards compatibility.
    
        :param method:
            HTTP request method (such as GET, POST, PUT, etc.)
    
        :param url:
            The URL to perform the request on.
    
        :param body:
            Data to send in the request body, either :class:`str`, :class:`bytes`,
            an iterable of :class:`str`/:class:`bytes`, or a file-like object.
    
        :param headers:
            Dictionary of custom headers to send, such as User-Agent,
            If-None-Match, etc. If None, pool headers are used. If provided,
            these headers completely replace any pool-specific headers.
    
        :param retries:
            Configure the number of retries to allow before raising a
            :class:`~urllib3.exceptions.MaxRetryError` exception.
    
            If ``None`` (default) will retry 3 times, see ``Retry.DEFAULT``. Pass a
            :class:`~urllib3.util.retry.Retry` object for fine-grained control
            over different types of retries.
            Pass an integer number to retry connection errors that many times,
            but no other types of errors. Pass zero to never retry.
    
            If ``False``, then retries are disabled and any exception is raised
            immediately. Also, instead of raising a MaxRetryError on redirects,
            the redirect response will be returned.
    
        :type retries: :class:`~urllib3.util.retry.Retry`, False, or an int.
    
        :param redirect:
            If True, automatically handle redirects (status codes 301, 302,
            303, 307, 308). Each redirect counts as a retry. Disabling retries
            will disable redirect, too.
    
        :param assert_same_host:
            If ``True``, will make sure that the host of the pool requests is
            consistent else will raise HostChangedError. When ``False``, you can
            use the pool on an HTTP proxy and request foreign hosts.
    
        :param timeout:
            If specified, overrides the default timeout for this one
            request. It may be a float (in seconds) or an instance of
            :class:`urllib3.util.Timeout`.
    
        :param pool_timeout:
            If set and the pool is set to block=True, then this method will
            block for ``pool_timeout`` seconds and raise EmptyPoolError if no
            connection is available within the time period.
    
        :param bool preload_content:
            If True, the response's body will be preloaded into memory.
    
        :param bool decode_content:
            If True, will attempt to decode the body based on the
            'content-encoding' header.
    
        :param release_conn:
            If False, then the urlopen call will not release the connection
            back into the pool once a response is received (but will release if
            you read the entire contents of the response such as when
            `preload_content=True`). This is useful if you're not preloading
            the response's content immediately. You will need to call
            ``r.release_conn()`` on the response ``r`` to return the connection
            back into the pool. If None, it takes the value of ``preload_content``
            which defaults to ``True``.
    
        :param bool chunked:
            If True, urllib3 will send the body using chunked transfer
            encoding. Otherwise, urllib3 will send the body using the standard
            content-length form. Defaults to False.
    
        :param int body_pos:
            Position to seek to in file-like body in the event of a retry or
            redirect. Typically this won't need to be set because urllib3 will
            auto-populate the value when needed.
        """
        # Ensure that the URL we're connecting to is properly encoded
        if url.startswith("/"):
            # URLs starting with / are inherently schemeless.
            url = to_str(_encode_target(url))
            destination_scheme = None
        else:
            parsed_url = parse_url(url)
            destination_scheme = parsed_url.scheme
            url = to_str(parsed_url.url)
    
        if headers is None:
            headers = self.headers
    
        if not isinstance(retries, Retry):
            retries = Retry.from_int(retries, redirect=redirect, default=self.retries)
    
        if release_conn is None:
            release_conn = preload_content
    
        # Check host
        if assert_same_host and not self.is_same_host(url):
            raise HostChangedError(self, url, retries)
    
        conn = None
    
        # Track whether `conn` needs to be released before
        # returning/raising/recursing. Update this variable if necessary, and
        # leave `release_conn` constant throughout the function. That way, if
        # the function recurses, the original value of `release_conn` will be
        # passed down into the recursive call, and its value will be respected.
        #
        # See issue #651 [1] for details.
        #
        # [1] <https://github.com/urllib3/urllib3/issues/651>
        release_this_conn = release_conn
    
        http_tunnel_required = connection_requires_http_tunnel(
            self.proxy, self.proxy_config, destination_scheme
        )
    
        # Merge the proxy headers. Only done when not using HTTP CONNECT. We
        # have to copy the headers dict so we can safely change it without those
        # changes being reflected in anyone else's copy.
        if not http_tunnel_required:
            headers = headers.copy()  # type: ignore[attr-defined]
            headers.update(self.proxy_headers)  # type: ignore[union-attr]
    
        # Must keep the exception bound to a separate variable or else Python 3
        # complains about UnboundLocalError.
        err = None
    
        # Keep track of whether we cleanly exited the except block. This
        # ensures we do proper cleanup in finally.
        clean_exit = False
    
        # Rewind body position, if needed. Record current position
        # for future rewinds in the event of a redirect/retry.
        body_pos = set_file_position(body, body_pos)
    
        try:
            # Request a connection from the queue.
            timeout_obj = self._get_timeout(timeout)
            conn = self._get_conn(timeout=pool_timeout)
    
            conn.timeout = timeout_obj.connect_timeout  # type: ignore[assignment]
    
            # Is this a closed/new connection that requires CONNECT tunnelling?
            if self.proxy is not None and http_tunnel_required and conn.is_closed:
                try:
                    self._prepare_proxy(conn)
                except (BaseSSLError, OSError, SocketTimeout) as e:
                    self._raise_timeout(
                        err=e, url=self.proxy.url, timeout_value=conn.timeout
                    )
                    raise
    
            # If we're going to release the connection in ``finally:``, then
            # the response doesn't need to know about the connection. Otherwise
            # it will also try to release it and we'll have a double-release
            # mess.
            response_conn = conn if not release_conn else None
    
            # Make the request on the HTTPConnection object
>           response = self._make_request(
                conn,
                method,
                url,
                timeout=timeout_obj,
                body=body,
                headers=headers,
                chunked=chunked,
                retries=retries,
                response_conn=response_conn,
                preload_content=preload_content,
                decode_content=decode_content,
                **response_kw,
            )

.venv/lib/python3.12/site-packages/urllib3/connectionpool.py:788: 
_ _ _ _ _ _ _ _ _ _ _ _ _ _ _ _ _ _ _ _ _ _ _ _ _ _ _ _ _ _ _ _ _ _ _ _ _ _ _ _ 
.venv/lib/python3.12/site-packages/urllib3/connectionpool.py:493: in _make_request
    conn.request(
.venv/lib/python3.12/site-packages/urllib3/connection.py:500: in request
    self.endheaders()
/Users/bagouze/.local/share/uv/python/cpython-3.12.13-macos-aarch64-none/lib/python3.12/http/client.py:1353: in endheaders
    self._send_output(message_body, encode_chunked=encode_chunked)
/Users/bagouze/.local/share/uv/python/cpython-3.12.13-macos-aarch64-none/lib/python3.12/http/client.py:1113: in _send_output
    self.send(msg)
/Users/bagouze/.local/share/uv/python/cpython-3.12.13-macos-aarch64-none/lib/python3.12/http/client.py:1057: in send
    self.connect()
.venv/lib/python3.12/site-packages/urllib3/connection.py:331: in connect
    self.sock = self._new_conn()
                ^^^^^^^^^^^^^^^^
_ _ _ _ _ _ _ _ _ _ _ _ _ _ _ _ _ _ _ _ _ _ _ _ _ _ _ _ _ _ _ _ _ _ _ _ _ _ _ _ 

self = <HTTPConnection(host='localhost', port=3210) at 0x108bb47a0>

    def _new_conn(self) -> socket.socket:
        """Establish a socket connection and set nodelay settings on it.
    
        :return: New socket connection.
        """
        try:
            sock = connection.create_connection(
                (self._dns_host, self.port),
                self.timeout,
                source_address=self.source_address,
                socket_options=self.socket_options,
            )
        except socket.gaierror as e:
            raise NameResolutionError(self.host, self, e) from e
        except SocketTimeout as e:
            raise ConnectTimeoutError(
                self,
                f"Connection to {self.host} timed out. (connect timeout={self.timeout})",
            ) from e
    
        except OSError as e:
>           raise NewConnectionError(
                self, f"Failed to establish a new connection: {e}"
            ) from e
E           urllib3.exceptions.NewConnectionError: HTTPConnection(host='localhost', port=3210): Failed to establish a new connection: [Errno 61] Connection refused

.venv/lib/python3.12/site-packages/urllib3/connection.py:219: NewConnectionError

The above exception was the direct cause of the following exception:

self = <requests.adapters.HTTPAdapter object at 0x108745ac0>
request = <PreparedRequest [POST]>, stream = False, timeout = 15, verify = True
cert = None, proxies = OrderedDict()

    def send(
        self,
        request: PreparedRequest,
        stream: bool = False,
        timeout: _t.TimeoutType = None,
        verify: _t.VerifyType = True,
        cert: _t.CertType = None,
        proxies: dict[str, str] | None = None,
    ) -> Response:
        """Sends PreparedRequest object. Returns Response object.
    
        :param request: The :class:`PreparedRequest <PreparedRequest>` being sent.
        :param stream: (optional) Whether to stream the request content.
        :param timeout: (optional) How long to wait for the server to send
            data before giving up, as a float, or a :ref:`(connect timeout,
            read timeout) <timeouts>` tuple.
        :type timeout: float or tuple or urllib3 Timeout object
        :param verify: (optional) Either a boolean, in which case it controls whether
            we verify the server's TLS certificate, or a string, in which case it
            must be a path to a CA bundle to use
        :param cert: (optional) Any user-provided SSL certificate to be trusted.
        :param proxies: (optional) The proxies dictionary to apply to the request.
        :rtype: requests.Response
        """
    
        assert _is_prepared(request)
    
        try:
            conn = self.get_connection_with_tls_context(
                request, verify, proxies=proxies, cert=cert
            )
        except LocationValueError as e:
            raise InvalidURL(e, request=request)
    
        self.cert_verify(conn, request.url, verify, cert)
        url = self.request_url(request, proxies)
        self.add_headers(
            request,
            stream=stream,
            timeout=timeout,
            verify=verify,
            cert=cert,
            proxies=proxies,
        )
    
        chunked = not (request.body is None or "Content-Length" in request.headers)
    
        if isinstance(timeout, tuple):
            try:
                connect, read = timeout
                resolved_timeout = TimeoutSauce(connect=connect, read=read)
            except ValueError:
                raise ValueError(
                    f"Invalid timeout {timeout}. Pass a (connect, read) timeout tuple, "
                    f"or a single float to set both timeouts to the same value."
                )
        elif isinstance(timeout, TimeoutSauce):
            resolved_timeout = timeout
        else:
            resolved_timeout = TimeoutSauce(connect=timeout, read=timeout)
    
        try:
>           resp = conn.urlopen(
                method=request.method,
                url=url,
                body=request.body,  # type: ignore[arg-type]  # urllib3 stubs don't accept Iterable[bytes | str]
                headers=request.headers,  # type: ignore[arg-type]  # urllib3#3072
                redirect=False,
                assert_same_host=False,
                preload_content=False,
                decode_content=False,
                retries=self.max_retries,
                timeout=resolved_timeout,
                chunked=chunked,
            )

.venv/lib/python3.12/site-packages/requests/adapters.py:696: 
_ _ _ _ _ _ _ _ _ _ _ _ _ _ _ _ _ _ _ _ _ _ _ _ _ _ _ _ _ _ _ _ _ _ _ _ _ _ _ _ 
.venv/lib/python3.12/site-packages/urllib3/connectionpool.py:842: in urlopen
    retries = retries.increment(
_ _ _ _ _ _ _ _ _ _ _ _ _ _ _ _ _ _ _ _ _ _ _ _ _ _ _ _ _ _ _ _ _ _ _ _ _ _ _ _ 

self = Retry(total=0, connect=None, read=False, redirect=None, status=None)
method = 'POST', url = '/app/space/create', response = None
error = NewConnectionError("HTTPConnection(host='localhost', port=3210): Failed to establish a new connection: [Errno 61] Connection refused")
_pool = <urllib3.connectionpool.HTTPConnectionPool object at 0x108746e40>
_stacktrace = <traceback object at 0x1099ae440>

    def increment(
        self,
        method: str | None = None,
        url: str | None = None,
        response: BaseHTTPResponse | None = None,
        error: Exception | None = None,
        _pool: ConnectionPool | None = None,
        _stacktrace: TracebackType | None = None,
    ) -> Self:
        """Return a new Retry object with incremented retry counters.
    
        :param response: A response object, or None, if the server did not
            return a response.
        :type response: :class:`~urllib3.response.BaseHTTPResponse`
        :param Exception error: An error encountered during the request, or
            None if the response was received successfully.
    
        :return: A new ``Retry`` object.
        """
        if self.total is False and error:
            # Disabled, indicate to re-raise the error.
            raise reraise(type(error), error, _stacktrace)
    
        total = self.total
        if total is not None:
            total -= 1
    
        connect = self.connect
        read = self.read
        redirect = self.redirect
        status_count = self.status
        other = self.other
        cause = "unknown"
        status = None
        redirect_location = None
    
        if error and self._is_connection_error(error):
            # Connect retry?
            if connect is False:
                raise reraise(type(error), error, _stacktrace)
            elif connect is not None:
                connect -= 1
    
        elif error and self._is_read_error(error):
            # Read retry?
            if read is False or method is None or not self._is_method_retryable(method):
                raise reraise(type(error), error, _stacktrace)
            elif read is not None:
                read -= 1
    
        elif error:
            # Other retry?
            if other is not None:
                other -= 1
    
        elif response and response.get_redirect_location():
            # Redirect retry?
            if redirect is not None:
                redirect -= 1
            cause = "too many redirects"
            response_redirect_location = response.get_redirect_location()
            if response_redirect_location:
                redirect_location = response_redirect_location
            status = response.status
    
        else:
            # Incrementing because of a server error like a 500 in
            # status_forcelist and the given method is in the allowed_methods
            cause = ResponseError.GENERIC_ERROR
            if response and response.status:
                if status_count is not None:
                    status_count -= 1
                cause = ResponseError.SPECIFIC_ERROR.format(status_code=response.status)
                status = response.status
    
        history = self.history + (
            RequestHistory(method, url, error, status, redirect_location),
        )
    
        new_retry = self.new(
            total=total,
            connect=connect,
            read=read,
            redirect=redirect,
            status=status_count,
            other=other,
            history=history,
        )
    
        if new_retry.is_exhausted():
            reason = error or ResponseError(cause)
>           raise MaxRetryError(_pool, url, reason) from reason  # type: ignore[arg-type]
            ^^^^^^^^^^^^^^^^^^^^^^^^^^^^^^^^^^^^^^^^^^^^^^^^^^^
E           urllib3.exceptions.MaxRetryError: HTTPConnectionPool(host='localhost', port=3210): Max retries exceeded with url: /app/space/create (Caused by NewConnectionError("HTTPConnection(host='localhost', port=3210): Failed to establish a new connection: [Errno 61] Connection refused"))

.venv/lib/python3.12/site-packages/urllib3/util/retry.py:543: MaxRetryError

During handling of the above exception, another exception occurred:

    @pytest.fixture(scope="module")
    def espace_jetable() -> str:
        """Un espace à deux membres : DevCoach administrateur, E2E Coach 01 membre.
    
        Créé en pilotant les vraies routes — créer un espace en fait son
        administrateur, et rejoindre y entre comme membre simple. Aucune fabrication
        SQL : c'est le chemin que suivrait un utilisateur.
        """
        nom = f"E2E Admin {time.time_ns()}"
>       r = requests.post(
            f"{BASE_URL}/app/space/create",
            data={"space_name": nom, "logo_url": LOGO},
            headers={"HX-Request": "true", "Content-Type": FORM_URLENCODED},
            timeout=15,
        )

test_space_admin_membres.py:46: 
_ _ _ _ _ _ _ _ _ _ _ _ _ _ _ _ _ _ _ _ _ _ _ _ _ _ _ _ _ _ _ _ _ _ _ _ _ _ _ _ 
.venv/lib/python3.12/site-packages/requests/api.py:134: in post
    return request("post", url, data=data, json=json, **kwargs)
           ^^^^^^^^^^^^^^^^^^^^^^^^^^^^^^^^^^^^^^^^^^^^^^^^^^^^
.venv/lib/python3.12/site-packages/requests/api.py:71: in request
    return session.request(method=method, url=url, **kwargs)
           ^^^^^^^^^^^^^^^^^^^^^^^^^^^^^^^^^^^^^^^^^^^^^^^^^
.venv/lib/python3.12/site-packages/requests/sessions.py:651: in request
    resp = self.send(prep, **send_kwargs)
           ^^^^^^^^^^^^^^^^^^^^^^^^^^^^^^
.venv/lib/python3.12/site-packages/requests/sessions.py:784: in send
    r = adapter.send(request, **kwargs)
        ^^^^^^^^^^^^^^^^^^^^^^^^^^^^^^^
_ _ _ _ _ _ _ _ _ _ _ _ _ _ _ _ _ _ _ _ _ _ _ _ _ _ _ _ _ _ _ _ _ _ _ _ _ _ _ _ 

self = <requests.adapters.HTTPAdapter object at 0x108745ac0>
request = <PreparedRequest [POST]>, stream = False, timeout = 15, verify = True
cert = None, proxies = OrderedDict()

    def send(
        self,
        request: PreparedRequest,
        stream: bool = False,
        timeout: _t.TimeoutType = None,
        verify: _t.VerifyType = True,
        cert: _t.CertType = None,
        proxies: dict[str, str] | None = None,
    ) -> Response:
        """Sends PreparedRequest object. Returns Response object.
    
        :param request: The :class:`PreparedRequest <PreparedRequest>` being sent.
        :param stream: (optional) Whether to stream the request content.
        :param timeout: (optional) How long to wait for the server to send
            data before giving up, as a float, or a :ref:`(connect timeout,
            read timeout) <timeouts>` tuple.
        :type timeout: float or tuple or urllib3 Timeout object
        :param verify: (optional) Either a boolean, in which case it controls whether
            we verify the server's TLS certificate, or a string, in which case it
            must be a path to a CA bundle to use
        :param cert: (optional) Any user-provided SSL certificate to be trusted.
        :param proxies: (optional) The proxies dictionary to apply to the request.
        :rtype: requests.Response
        """
    
        assert _is_prepared(request)
    
        try:
            conn = self.get_connection_with_tls_context(
                request, verify, proxies=proxies, cert=cert
            )
        except LocationValueError as e:
            raise InvalidURL(e, request=request)
    
        self.cert_verify(conn, request.url, verify, cert)
        url = self.request_url(request, proxies)
        self.add_headers(
            request,
            stream=stream,
            timeout=timeout,
            verify=verify,
            cert=cert,
            proxies=proxies,
        )
    
        chunked = not (request.body is None or "Content-Length" in request.headers)
    
        if isinstance(timeout, tuple):
            try:
                connect, read = timeout
                resolved_timeout = TimeoutSauce(connect=connect, read=read)
            except ValueError:
                raise ValueError(
                    f"Invalid timeout {timeout}. Pass a (connect, read) timeout tuple, "
                    f"or a single float to set both timeouts to the same value."
                )
        elif isinstance(timeout, TimeoutSauce):
            resolved_timeout = timeout
        else:
            resolved_timeout = TimeoutSauce(connect=timeout, read=timeout)
    
        try:
            resp = conn.urlopen(
                method=request.method,
                url=url,
                body=request.body,  # type: ignore[arg-type]  # urllib3 stubs don't accept Iterable[bytes | str]
                headers=request.headers,  # type: ignore[arg-type]  # urllib3#3072
                redirect=False,
                assert_same_host=False,
                preload_content=False,
                decode_content=False,
                retries=self.max_retries,
                timeout=resolved_timeout,
                chunked=chunked,
            )
    
        except (ProtocolError, OSError) as err:
            raise ConnectionError(err, request=request)
    
        except MaxRetryError as e:
            if isinstance(e.reason, ConnectTimeoutError):
                # TODO: Remove this in 3.0.0: see #2811
                if not isinstance(e.reason, NewConnectionError):
                    raise ConnectTimeout(e, request=request)
    
            if isinstance(e.reason, ResponseError):
                raise RetryError(e, request=request)
    
            if isinstance(e.reason, _ProxyError):
                raise ProxyError(e, request=request)
    
            if isinstance(e.reason, _SSLError):
                # This branch is for urllib3 v1.22 and later.
                raise SSLError(e, request=request)
    
>           raise ConnectionError(e, request=request)
E           requests.exceptions.ConnectionError: HTTPConnectionPool(host='localhost', port=3210): Max retries exceeded with url: /app/space/create (Caused by NewConnectionError("HTTPConnection(host='localhost', port=3210): Failed to establish a new connection: [Errno 61] Connection refused"))

.venv/lib/python3.12/site-packages/requests/adapters.py:729: ConnectionError
_ ERROR at setup of test_01_les_brutes_bagarreuses_valorisent_la_sortie_plus_que_l_essai[chromium] _

browser = <Browser type=<BrowserType name=chromium executable_path=/Users/bagouze/Library/Caches/ms-playwright/chromium-1223/chrome-mac-arm64/Google Chrome for Testing.app/Contents/MacOS/Google Chrome for Testing> version=148.0.7778.96>
space_id = '01M2116VWQRGDGFT62EBBW33CY'

    @pytest.fixture(scope="module")
    def bareme_ctx(browser, space_id):
        """Un match Granitiers contre Zéphyriens, aux gestes **asymétriques**.
    
        Une première version faisait marquer un essai et une sortie à chacun : les
        deux barèmes étant une permutation l'un de l'autre, les totaux se
        rejoignaient à 6 et deux des trois tests ne pouvaient pas échouer. Vérifié
        par mutation, puis corrigé — chaque camp accomplit maintenant un mélange
        d'actions dont le total diffère selon le barème appliqué.
        """
>       full = build_full_competition(browser, space_id, num_teams=2, num_rounds=2)
               ^^^^^^^^^^^^^^^^^^^^^^^^^^^^^^^^^^^^^^^^^^^^^^^^^^^^^^^^^^^^^^^^^^^^

test_spp_scale.py:78: 
_ _ _ _ _ _ _ _ _ _ _ _ _ _ _ _ _ _ _ _ _ _ _ _ _ _ _ _ _ _ _ _ _ _ _ _ _ _ _ _ 
competition_lifecycle.py:586: in build_full_competition
    competition = create_full_competition(
competition_lifecycle.py:114: in create_full_competition
    page.goto(competition_create_url, wait_until="load")
.venv/lib/python3.12/site-packages/playwright/sync_api/_generated.py:9612: in goto
    self._sync(
.venv/lib/python3.12/site-packages/playwright/_impl/_page.py:557: in goto
    return await self._main_frame.goto(**locals_to_params(locals()))
           ^^^^^^^^^^^^^^^^^^^^^^^^^^^^^^^^^^^^^^^^^^^^^^^^^^^^^^^^^
.venv/lib/python3.12/site-packages/playwright/_impl/_frame.py:156: in goto
    await self._channel.send(
.venv/lib/python3.12/site-packages/playwright/_impl/_connection.py:69: in send
    return await self._connection.wrap_api_call(
_ _ _ _ _ _ _ _ _ _ _ _ _ _ _ _ _ _ _ _ _ _ _ _ _ _ _ _ _ _ _ _ _ _ _ _ _ _ _ _ 

self = <playwright._impl._connection.Connection object at 0x107d56960>
cb = <function Channel.send.<locals>.<lambda> at 0x108797ce0>
is_internal = False, title = None

    async def wrap_api_call(
        self, cb: Callable[[], Any], is_internal: bool = False, title: str = None
    ) -> Any:
        if self._api_zone.get():
            return await cb()
        task = asyncio.current_task(self._loop)
        st: List[inspect.FrameInfo] = getattr(
            task, "__pw_stack__", None
        ) or inspect.stack(0)
    
        parsed_st = _extract_stack_trace_information_from_stack(st, is_internal, title)
        self._api_zone.set(parsed_st)
        try:
            return await cb()
        except Exception as error:
>           raise rewrite_error(error, f"{parsed_st['apiName']}: {error}") from None
E           playwright._impl._errors.Error: Page.goto: net::ERR_CONNECTION_REFUSED at http://localhost:3210/app/01M2116VWQRGDGFT62EBBW33CY/competitions/create
E           Call log:
E             - navigating to "http://localhost:3210/app/01M2116VWQRGDGFT62EBBW33CY/competitions/create", waiting until "load"

.venv/lib/python3.12/site-packages/playwright/_impl/_connection.py:559: Error
____ ERROR at setup of test_02_le_bareme_ordinaire_reste_inchange[chromium] ____

browser = <Browser type=<BrowserType name=chromium executable_path=/Users/bagouze/Library/Caches/ms-playwright/chromium-1223/chrome-mac-arm64/Google Chrome for Testing.app/Contents/MacOS/Google Chrome for Testing> version=148.0.7778.96>
space_id = '01M2116VWQRGDGFT62EBBW33CY'

    @pytest.fixture(scope="module")
    def bareme_ctx(browser, space_id):
        """Un match Granitiers contre Zéphyriens, aux gestes **asymétriques**.
    
        Une première version faisait marquer un essai et une sortie à chacun : les
        deux barèmes étant une permutation l'un de l'autre, les totaux se
        rejoignaient à 6 et deux des trois tests ne pouvaient pas échouer. Vérifié
        par mutation, puis corrigé — chaque camp accomplit maintenant un mélange
        d'actions dont le total diffère selon le barème appliqué.
        """
>       full = build_full_competition(browser, space_id, num_teams=2, num_rounds=2)
               ^^^^^^^^^^^^^^^^^^^^^^^^^^^^^^^^^^^^^^^^^^^^^^^^^^^^^^^^^^^^^^^^^^^^

test_spp_scale.py:78: 
_ _ _ _ _ _ _ _ _ _ _ _ _ _ _ _ _ _ _ _ _ _ _ _ _ _ _ _ _ _ _ _ _ _ _ _ _ _ _ _ 
competition_lifecycle.py:586: in build_full_competition
    competition = create_full_competition(
competition_lifecycle.py:114: in create_full_competition
    page.goto(competition_create_url, wait_until="load")
.venv/lib/python3.12/site-packages/playwright/sync_api/_generated.py:9612: in goto
    self._sync(
.venv/lib/python3.12/site-packages/playwright/_impl/_page.py:557: in goto
    return await self._main_frame.goto(**locals_to_params(locals()))
           ^^^^^^^^^^^^^^^^^^^^^^^^^^^^^^^^^^^^^^^^^^^^^^^^^^^^^^^^^
.venv/lib/python3.12/site-packages/playwright/_impl/_frame.py:156: in goto
    await self._channel.send(
.venv/lib/python3.12/site-packages/playwright/_impl/_connection.py:69: in send
    return await self._connection.wrap_api_call(
_ _ _ _ _ _ _ _ _ _ _ _ _ _ _ _ _ _ _ _ _ _ _ _ _ _ _ _ _ _ _ _ _ _ _ _ _ _ _ _ 

self = <playwright._impl._connection.Connection object at 0x107d56960>
cb = <function Channel.send.<locals>.<lambda> at 0x108797ce0>
is_internal = False, title = None

    async def wrap_api_call(
        self, cb: Callable[[], Any], is_internal: bool = False, title: str = None
    ) -> Any:
        if self._api_zone.get():
            return await cb()
        task = asyncio.current_task(self._loop)
        st: List[inspect.FrameInfo] = getattr(
            task, "__pw_stack__", None
        ) or inspect.stack(0)
    
        parsed_st = _extract_stack_trace_information_from_stack(st, is_internal, title)
        self._api_zone.set(parsed_st)
        try:
            return await cb()
        except Exception as error:
>           raise rewrite_error(error, f"{parsed_st['apiName']}: {error}") from None
E           playwright._impl._errors.Error: Page.goto: net::ERR_CONNECTION_REFUSED at http://localhost:3210/app/01M2116VWQRGDGFT62EBBW33CY/competitions/create
E           Call log:
E             - navigating to "http://localhost:3210/app/01M2116VWQRGDGFT62EBBW33CY/competitions/create", waiting until "load"

.venv/lib/python3.12/site-packages/playwright/_impl/_connection.py:559: Error
_ ERROR at setup of test_03_les_deux_camps_ne_gagnent_pas_les_memes_spp_par_action[chromium] _

browser = <Browser type=<BrowserType name=chromium executable_path=/Users/bagouze/Library/Caches/ms-playwright/chromium-1223/chrome-mac-arm64/Google Chrome for Testing.app/Contents/MacOS/Google Chrome for Testing> version=148.0.7778.96>
space_id = '01M2116VWQRGDGFT62EBBW33CY'

    @pytest.fixture(scope="module")
    def bareme_ctx(browser, space_id):
        """Un match Granitiers contre Zéphyriens, aux gestes **asymétriques**.
    
        Une première version faisait marquer un essai et une sortie à chacun : les
        deux barèmes étant une permutation l'un de l'autre, les totaux se
        rejoignaient à 6 et deux des trois tests ne pouvaient pas échouer. Vérifié
        par mutation, puis corrigé — chaque camp accomplit maintenant un mélange
        d'actions dont le total diffère selon le barème appliqué.
        """
>       full = build_full_competition(browser, space_id, num_teams=2, num_rounds=2)
               ^^^^^^^^^^^^^^^^^^^^^^^^^^^^^^^^^^^^^^^^^^^^^^^^^^^^^^^^^^^^^^^^^^^^

test_spp_scale.py:78: 
_ _ _ _ _ _ _ _ _ _ _ _ _ _ _ _ _ _ _ _ _ _ _ _ _ _ _ _ _ _ _ _ _ _ _ _ _ _ _ _ 
competition_lifecycle.py:586: in build_full_competition
    competition = create_full_competition(
competition_lifecycle.py:114: in create_full_competition
    page.goto(competition_create_url, wait_until="load")
.venv/lib/python3.12/site-packages/playwright/sync_api/_generated.py:9612: in goto
    self._sync(
.venv/lib/python3.12/site-packages/playwright/_impl/_page.py:557: in goto
    return await self._main_frame.goto(**locals_to_params(locals()))
           ^^^^^^^^^^^^^^^^^^^^^^^^^^^^^^^^^^^^^^^^^^^^^^^^^^^^^^^^^
.venv/lib/python3.12/site-packages/playwright/_impl/_frame.py:156: in goto
    await self._channel.send(
.venv/lib/python3.12/site-packages/playwright/_impl/_connection.py:69: in send
    return await self._connection.wrap_api_call(
_ _ _ _ _ _ _ _ _ _ _ _ _ _ _ _ _ _ _ _ _ _ _ _ _ _ _ _ _ _ _ _ _ _ _ _ _ _ _ _ 

self = <playwright._impl._connection.Connection object at 0x107d56960>
cb = <function Channel.send.<locals>.<lambda> at 0x108797ce0>
is_internal = False, title = None

    async def wrap_api_call(
        self, cb: Callable[[], Any], is_internal: bool = False, title: str = None
    ) -> Any:
        if self._api_zone.get():
            return await cb()
        task = asyncio.current_task(self._loop)
        st: List[inspect.FrameInfo] = getattr(
            task, "__pw_stack__", None
        ) or inspect.stack(0)
    
        parsed_st = _extract_stack_trace_information_from_stack(st, is_internal, title)
        self._api_zone.set(parsed_st)
        try:
            return await cb()
        except Exception as error:
>           raise rewrite_error(error, f"{parsed_st['apiName']}: {error}") from None
E           playwright._impl._errors.Error: Page.goto: net::ERR_CONNECTION_REFUSED at http://localhost:3210/app/01M2116VWQRGDGFT62EBBW33CY/competitions/create
E           Call log:
E             - navigating to "http://localhost:3210/app/01M2116VWQRGDGFT62EBBW33CY/competitions/create", waiting until "load"

.venv/lib/python3.12/site-packages/playwright/_impl/_connection.py:559: Error
_ ERROR at setup of test_match_reporting_banner_resume_link_navigates[chromium] _

browser = <Browser type=<BrowserType name=chromium executable_path=/Users/bagouze/Library/Caches/ms-playwright/chromium-1223/chrome-mac-arm64/Google Chrome for Testing.app/Contents/MacOS/Google Chrome for Testing> version=148.0.7778.96>
space_id = '01M2116VWQRGDGFT62EBBW33CY'

    @pytest.fixture(scope="module")
    def banner_ctx(browser, space_id):
        from competition_lifecycle import build_full_competition
>       full = build_full_competition(browser, space_id, num_teams=2)
               ^^^^^^^^^^^^^^^^^^^^^^^^^^^^^^^^^^^^^^^^^^^^^^^^^^^^^^

test_team_detail_state_banner.py:167: 
_ _ _ _ _ _ _ _ _ _ _ _ _ _ _ _ _ _ _ _ _ _ _ _ _ _ _ _ _ _ _ _ _ _ _ _ _ _ _ _ 
competition_lifecycle.py:586: in build_full_competition
    competition = create_full_competition(
competition_lifecycle.py:114: in create_full_competition
    page.goto(competition_create_url, wait_until="load")
.venv/lib/python3.12/site-packages/playwright/sync_api/_generated.py:9612: in goto
    self._sync(
.venv/lib/python3.12/site-packages/playwright/_impl/_page.py:557: in goto
    return await self._main_frame.goto(**locals_to_params(locals()))
           ^^^^^^^^^^^^^^^^^^^^^^^^^^^^^^^^^^^^^^^^^^^^^^^^^^^^^^^^^
.venv/lib/python3.12/site-packages/playwright/_impl/_frame.py:156: in goto
    await self._channel.send(
.venv/lib/python3.12/site-packages/playwright/_impl/_connection.py:69: in send
    return await self._connection.wrap_api_call(
_ _ _ _ _ _ _ _ _ _ _ _ _ _ _ _ _ _ _ _ _ _ _ _ _ _ _ _ _ _ _ _ _ _ _ _ _ _ _ _ 

self = <playwright._impl._connection.Connection object at 0x107d56960>
cb = <function Channel.send.<locals>.<lambda> at 0x1089cc540>
is_internal = False, title = None

    async def wrap_api_call(
        self, cb: Callable[[], Any], is_internal: bool = False, title: str = None
    ) -> Any:
        if self._api_zone.get():
            return await cb()
        task = asyncio.current_task(self._loop)
        st: List[inspect.FrameInfo] = getattr(
            task, "__pw_stack__", None
        ) or inspect.stack(0)
    
        parsed_st = _extract_stack_trace_information_from_stack(st, is_internal, title)
        self._api_zone.set(parsed_st)
        try:
            return await cb()
        except Exception as error:
>           raise rewrite_error(error, f"{parsed_st['apiName']}: {error}") from None
E           playwright._impl._errors.Error: Page.goto: net::ERR_CONNECTION_REFUSED at http://localhost:3210/app/01M2116VWQRGDGFT62EBBW33CY/competitions/create
E           Call log:
E             - navigating to "http://localhost:3210/app/01M2116VWQRGDGFT62EBBW33CY/competitions/create", waiting until "load"

.venv/lib/python3.12/site-packages/playwright/_impl/_connection.py:559: Error
_ ERROR at setup of test_player_improvement_banner_validates_to_recruitment[chromium] _

browser = <Browser type=<BrowserType name=chromium executable_path=/Users/bagouze/Library/Caches/ms-playwright/chromium-1223/chrome-mac-arm64/Google Chrome for Testing.app/Contents/MacOS/Google Chrome for Testing> version=148.0.7778.96>
space_id = '01M2116VWQRGDGFT62EBBW33CY'

    @pytest.fixture(scope="module")
    def banner_ctx(browser, space_id):
        from competition_lifecycle import build_full_competition
>       full = build_full_competition(browser, space_id, num_teams=2)
               ^^^^^^^^^^^^^^^^^^^^^^^^^^^^^^^^^^^^^^^^^^^^^^^^^^^^^^

test_team_detail_state_banner.py:167: 
_ _ _ _ _ _ _ _ _ _ _ _ _ _ _ _ _ _ _ _ _ _ _ _ _ _ _ _ _ _ _ _ _ _ _ _ _ _ _ _ 
competition_lifecycle.py:586: in build_full_competition
    competition = create_full_competition(
competition_lifecycle.py:114: in create_full_competition
    page.goto(competition_create_url, wait_until="load")
.venv/lib/python3.12/site-packages/playwright/sync_api/_generated.py:9612: in goto
    self._sync(
.venv/lib/python3.12/site-packages/playwright/_impl/_page.py:557: in goto
    return await self._main_frame.goto(**locals_to_params(locals()))
           ^^^^^^^^^^^^^^^^^^^^^^^^^^^^^^^^^^^^^^^^^^^^^^^^^^^^^^^^^
.venv/lib/python3.12/site-packages/playwright/_impl/_frame.py:156: in goto
    await self._channel.send(
.venv/lib/python3.12/site-packages/playwright/_impl/_connection.py:69: in send
    return await self._connection.wrap_api_call(
_ _ _ _ _ _ _ _ _ _ _ _ _ _ _ _ _ _ _ _ _ _ _ _ _ _ _ _ _ _ _ _ _ _ _ _ _ _ _ _ 

self = <playwright._impl._connection.Connection object at 0x107d56960>
cb = <function Channel.send.<locals>.<lambda> at 0x1089cc540>
is_internal = False, title = None

    async def wrap_api_call(
        self, cb: Callable[[], Any], is_internal: bool = False, title: str = None
    ) -> Any:
        if self._api_zone.get():
            return await cb()
        task = asyncio.current_task(self._loop)
        st: List[inspect.FrameInfo] = getattr(
            task, "__pw_stack__", None
        ) or inspect.stack(0)
    
        parsed_st = _extract_stack_trace_information_from_stack(st, is_internal, title)
        self._api_zone.set(parsed_st)
        try:
            return await cb()
        except Exception as error:
>           raise rewrite_error(error, f"{parsed_st['apiName']}: {error}") from None
E           playwright._impl._errors.Error: Page.goto: net::ERR_CONNECTION_REFUSED at http://localhost:3210/app/01M2116VWQRGDGFT62EBBW33CY/competitions/create
E           Call log:
E             - navigating to "http://localhost:3210/app/01M2116VWQRGDGFT62EBBW33CY/competitions/create", waiting until "load"

.venv/lib/python3.12/site-packages/playwright/_impl/_connection.py:559: Error
_ ERROR at setup of test_recruitment_banner_leads_to_the_recruitment_page[chromium] _

browser = <Browser type=<BrowserType name=chromium executable_path=/Users/bagouze/Library/Caches/ms-playwright/chromium-1223/chrome-mac-arm64/Google Chrome for Testing.app/Contents/MacOS/Google Chrome for Testing> version=148.0.7778.96>
space_id = '01M2116VWQRGDGFT62EBBW33CY'

    @pytest.fixture(scope="module")
    def banner_ctx(browser, space_id):
        from competition_lifecycle import build_full_competition
>       full = build_full_competition(browser, space_id, num_teams=2)
               ^^^^^^^^^^^^^^^^^^^^^^^^^^^^^^^^^^^^^^^^^^^^^^^^^^^^^^

test_team_detail_state_banner.py:167: 
_ _ _ _ _ _ _ _ _ _ _ _ _ _ _ _ _ _ _ _ _ _ _ _ _ _ _ _ _ _ _ _ _ _ _ _ _ _ _ _ 
competition_lifecycle.py:586: in build_full_competition
    competition = create_full_competition(
competition_lifecycle.py:114: in create_full_competition
    page.goto(competition_create_url, wait_until="load")
.venv/lib/python3.12/site-packages/playwright/sync_api/_generated.py:9612: in goto
    self._sync(
.venv/lib/python3.12/site-packages/playwright/_impl/_page.py:557: in goto
    return await self._main_frame.goto(**locals_to_params(locals()))
           ^^^^^^^^^^^^^^^^^^^^^^^^^^^^^^^^^^^^^^^^^^^^^^^^^^^^^^^^^
.venv/lib/python3.12/site-packages/playwright/_impl/_frame.py:156: in goto
    await self._channel.send(
.venv/lib/python3.12/site-packages/playwright/_impl/_connection.py:69: in send
    return await self._connection.wrap_api_call(
_ _ _ _ _ _ _ _ _ _ _ _ _ _ _ _ _ _ _ _ _ _ _ _ _ _ _ _ _ _ _ _ _ _ _ _ _ _ _ _ 

self = <playwright._impl._connection.Connection object at 0x107d56960>
cb = <function Channel.send.<locals>.<lambda> at 0x1089cc540>
is_internal = False, title = None

    async def wrap_api_call(
        self, cb: Callable[[], Any], is_internal: bool = False, title: str = None
    ) -> Any:
        if self._api_zone.get():
            return await cb()
        task = asyncio.current_task(self._loop)
        st: List[inspect.FrameInfo] = getattr(
            task, "__pw_stack__", None
        ) or inspect.stack(0)
    
        parsed_st = _extract_stack_trace_information_from_stack(st, is_internal, title)
        self._api_zone.set(parsed_st)
        try:
            return await cb()
        except Exception as error:
>           raise rewrite_error(error, f"{parsed_st['apiName']}: {error}") from None
E           playwright._impl._errors.Error: Page.goto: net::ERR_CONNECTION_REFUSED at http://localhost:3210/app/01M2116VWQRGDGFT62EBBW33CY/competitions/create
E           Call log:
E             - navigating to "http://localhost:3210/app/01M2116VWQRGDGFT62EBBW33CY/competitions/create", waiting until "load"

.venv/lib/python3.12/site-packages/playwright/_impl/_connection.py:559: Error
_ ERROR at setup of test_dismissals_banner_leads_to_the_dismissals_page[chromium] _

browser = <Browser type=<BrowserType name=chromium executable_path=/Users/bagouze/Library/Caches/ms-playwright/chromium-1223/chrome-mac-arm64/Google Chrome for Testing.app/Contents/MacOS/Google Chrome for Testing> version=148.0.7778.96>
space_id = '01M2116VWQRGDGFT62EBBW33CY'

    @pytest.fixture(scope="module")
    def banner_ctx(browser, space_id):
        from competition_lifecycle import build_full_competition
>       full = build_full_competition(browser, space_id, num_teams=2)
               ^^^^^^^^^^^^^^^^^^^^^^^^^^^^^^^^^^^^^^^^^^^^^^^^^^^^^^

test_team_detail_state_banner.py:167: 
_ _ _ _ _ _ _ _ _ _ _ _ _ _ _ _ _ _ _ _ _ _ _ _ _ _ _ _ _ _ _ _ _ _ _ _ _ _ _ _ 
competition_lifecycle.py:586: in build_full_competition
    competition = create_full_competition(
competition_lifecycle.py:114: in create_full_competition
    page.goto(competition_create_url, wait_until="load")
.venv/lib/python3.12/site-packages/playwright/sync_api/_generated.py:9612: in goto
    self._sync(
.venv/lib/python3.12/site-packages/playwright/_impl/_page.py:557: in goto
    return await self._main_frame.goto(**locals_to_params(locals()))
           ^^^^^^^^^^^^^^^^^^^^^^^^^^^^^^^^^^^^^^^^^^^^^^^^^^^^^^^^^
.venv/lib/python3.12/site-packages/playwright/_impl/_frame.py:156: in goto
    await self._channel.send(
.venv/lib/python3.12/site-packages/playwright/_impl/_connection.py:69: in send
    return await self._connection.wrap_api_call(
_ _ _ _ _ _ _ _ _ _ _ _ _ _ _ _ _ _ _ _ _ _ _ _ _ _ _ _ _ _ _ _ _ _ _ _ _ _ _ _ 

self = <playwright._impl._connection.Connection object at 0x107d56960>
cb = <function Channel.send.<locals>.<lambda> at 0x1089cc540>
is_internal = False, title = None

    async def wrap_api_call(
        self, cb: Callable[[], Any], is_internal: bool = False, title: str = None
    ) -> Any:
        if self._api_zone.get():
            return await cb()
        task = asyncio.current_task(self._loop)
        st: List[inspect.FrameInfo] = getattr(
            task, "__pw_stack__", None
        ) or inspect.stack(0)
    
        parsed_st = _extract_stack_trace_information_from_stack(st, is_internal, title)
        self._api_zone.set(parsed_st)
        try:
            return await cb()
        except Exception as error:
>           raise rewrite_error(error, f"{parsed_st['apiName']}: {error}") from None
E           playwright._impl._errors.Error: Page.goto: net::ERR_CONNECTION_REFUSED at http://localhost:3210/app/01M2116VWQRGDGFT62EBBW33CY/competitions/create
E           Call log:
E             - navigating to "http://localhost:3210/app/01M2116VWQRGDGFT62EBBW33CY/competitions/create", waiting until "load"

.venv/lib/python3.12/site-packages/playwright/_impl/_connection.py:559: Error
_ ERROR at setup of test_l_onglet_matchs_liste_les_matchs_de_l_equipe[chromium] _

browser = <Browser type=<BrowserType name=chromium executable_path=/Users/bagouze/Library/Caches/ms-playwright/chromium-1223/chrome-mac-arm64/Google Chrome for Testing.app/Contents/MacOS/Google Chrome for Testing> version=148.0.7778.96>
space_id = '01M2116VWQRGDGFT62EBBW33CY'

    @pytest.fixture(scope="module")
    def matchs_ctx(browser, space_id):
>       full = build_full_competition(browser, space_id, num_teams=4, num_rounds=2, with_pairings=True)
               ^^^^^^^^^^^^^^^^^^^^^^^^^^^^^^^^^^^^^^^^^^^^^^^^^^^^^^^^^^^^^^^^^^^^^^^^^^^^^^^^^^^^^^^^

test_team_matches.py:71: 
_ _ _ _ _ _ _ _ _ _ _ _ _ _ _ _ _ _ _ _ _ _ _ _ _ _ _ _ _ _ _ _ _ _ _ _ _ _ _ _ 
competition_lifecycle.py:586: in build_full_competition
    competition = create_full_competition(
competition_lifecycle.py:114: in create_full_competition
    page.goto(competition_create_url, wait_until="load")
.venv/lib/python3.12/site-packages/playwright/sync_api/_generated.py:9612: in goto
    self._sync(
.venv/lib/python3.12/site-packages/playwright/_impl/_page.py:557: in goto
    return await self._main_frame.goto(**locals_to_params(locals()))
           ^^^^^^^^^^^^^^^^^^^^^^^^^^^^^^^^^^^^^^^^^^^^^^^^^^^^^^^^^
.venv/lib/python3.12/site-packages/playwright/_impl/_frame.py:156: in goto
    await self._channel.send(
.venv/lib/python3.12/site-packages/playwright/_impl/_connection.py:69: in send
    return await self._connection.wrap_api_call(
_ _ _ _ _ _ _ _ _ _ _ _ _ _ _ _ _ _ _ _ _ _ _ _ _ _ _ _ _ _ _ _ _ _ _ _ _ _ _ _ 

self = <playwright._impl._connection.Connection object at 0x107d56960>
cb = <function Channel.send.<locals>.<lambda> at 0x108ba3560>
is_internal = False, title = None

    async def wrap_api_call(
        self, cb: Callable[[], Any], is_internal: bool = False, title: str = None
    ) -> Any:
        if self._api_zone.get():
            return await cb()
        task = asyncio.current_task(self._loop)
        st: List[inspect.FrameInfo] = getattr(
            task, "__pw_stack__", None
        ) or inspect.stack(0)
    
        parsed_st = _extract_stack_trace_information_from_stack(st, is_internal, title)
        self._api_zone.set(parsed_st)
        try:
            return await cb()
        except Exception as error:
>           raise rewrite_error(error, f"{parsed_st['apiName']}: {error}") from None
E           playwright._impl._errors.Error: Page.goto: net::ERR_CONNECTION_REFUSED at http://localhost:3210/app/01M2116VWQRGDGFT62EBBW33CY/competitions/create
E           Call log:
E             - navigating to "http://localhost:3210/app/01M2116VWQRGDGFT62EBBW33CY/competitions/create", waiting until "load"

.venv/lib/python3.12/site-packages/playwright/_impl/_connection.py:559: Error
_____ ERROR at setup of test_le_prochain_match_apparait_en_tete[chromium] ______

browser = <Browser type=<BrowserType name=chromium executable_path=/Users/bagouze/Library/Caches/ms-playwright/chromium-1223/chrome-mac-arm64/Google Chrome for Testing.app/Contents/MacOS/Google Chrome for Testing> version=148.0.7778.96>
space_id = '01M2116VWQRGDGFT62EBBW33CY'

    @pytest.fixture(scope="module")
    def matchs_ctx(browser, space_id):
>       full = build_full_competition(browser, space_id, num_teams=4, num_rounds=2, with_pairings=True)
               ^^^^^^^^^^^^^^^^^^^^^^^^^^^^^^^^^^^^^^^^^^^^^^^^^^^^^^^^^^^^^^^^^^^^^^^^^^^^^^^^^^^^^^^^

test_team_matches.py:71: 
_ _ _ _ _ _ _ _ _ _ _ _ _ _ _ _ _ _ _ _ _ _ _ _ _ _ _ _ _ _ _ _ _ _ _ _ _ _ _ _ 
competition_lifecycle.py:586: in build_full_competition
    competition = create_full_competition(
competition_lifecycle.py:114: in create_full_competition
    page.goto(competition_create_url, wait_until="load")
.venv/lib/python3.12/site-packages/playwright/sync_api/_generated.py:9612: in goto
    self._sync(
.venv/lib/python3.12/site-packages/playwright/_impl/_page.py:557: in goto
    return await self._main_frame.goto(**locals_to_params(locals()))
           ^^^^^^^^^^^^^^^^^^^^^^^^^^^^^^^^^^^^^^^^^^^^^^^^^^^^^^^^^
.venv/lib/python3.12/site-packages/playwright/_impl/_frame.py:156: in goto
    await self._channel.send(
.venv/lib/python3.12/site-packages/playwright/_impl/_connection.py:69: in send
    return await self._connection.wrap_api_call(
_ _ _ _ _ _ _ _ _ _ _ _ _ _ _ _ _ _ _ _ _ _ _ _ _ _ _ _ _ _ _ _ _ _ _ _ _ _ _ _ 

self = <playwright._impl._connection.Connection object at 0x107d56960>
cb = <function Channel.send.<locals>.<lambda> at 0x108ba3560>
is_internal = False, title = None

    async def wrap_api_call(
        self, cb: Callable[[], Any], is_internal: bool = False, title: str = None
    ) -> Any:
        if self._api_zone.get():
            return await cb()
        task = asyncio.current_task(self._loop)
        st: List[inspect.FrameInfo] = getattr(
            task, "__pw_stack__", None
        ) or inspect.stack(0)
    
        parsed_st = _extract_stack_trace_information_from_stack(st, is_internal, title)
        self._api_zone.set(parsed_st)
        try:
            return await cb()
        except Exception as error:
>           raise rewrite_error(error, f"{parsed_st['apiName']}: {error}") from None
E           playwright._impl._errors.Error: Page.goto: net::ERR_CONNECTION_REFUSED at http://localhost:3210/app/01M2116VWQRGDGFT62EBBW33CY/competitions/create
E           Call log:
E             - navigating to "http://localhost:3210/app/01M2116VWQRGDGFT62EBBW33CY/competitions/create", waiting until "load"

.venv/lib/python3.12/site-packages/playwright/_impl/_connection.py:559: Error
_ ERROR at setup of test_le_coach_de_l_equipe_peut_ouvrir_le_rapport[chromium] _

browser = <Browser type=<BrowserType name=chromium executable_path=/Users/bagouze/Library/Caches/ms-playwright/chromium-1223/chrome-mac-arm64/Google Chrome for Testing.app/Contents/MacOS/Google Chrome for Testing> version=148.0.7778.96>
space_id = '01M2116VWQRGDGFT62EBBW33CY'

    @pytest.fixture(scope="module")
    def matchs_ctx(browser, space_id):
>       full = build_full_competition(browser, space_id, num_teams=4, num_rounds=2, with_pairings=True)
               ^^^^^^^^^^^^^^^^^^^^^^^^^^^^^^^^^^^^^^^^^^^^^^^^^^^^^^^^^^^^^^^^^^^^^^^^^^^^^^^^^^^^^^^^

test_team_matches.py:71: 
_ _ _ _ _ _ _ _ _ _ _ _ _ _ _ _ _ _ _ _ _ _ _ _ _ _ _ _ _ _ _ _ _ _ _ _ _ _ _ _ 
competition_lifecycle.py:586: in build_full_competition
    competition = create_full_competition(
competition_lifecycle.py:114: in create_full_competition
    page.goto(competition_create_url, wait_until="load")
.venv/lib/python3.12/site-packages/playwright/sync_api/_generated.py:9612: in goto
    self._sync(
.venv/lib/python3.12/site-packages/playwright/_impl/_page.py:557: in goto
    return await self._main_frame.goto(**locals_to_params(locals()))
           ^^^^^^^^^^^^^^^^^^^^^^^^^^^^^^^^^^^^^^^^^^^^^^^^^^^^^^^^^
.venv/lib/python3.12/site-packages/playwright/_impl/_frame.py:156: in goto
    await self._channel.send(
.venv/lib/python3.12/site-packages/playwright/_impl/_connection.py:69: in send
    return await self._connection.wrap_api_call(
_ _ _ _ _ _ _ _ _ _ _ _ _ _ _ _ _ _ _ _ _ _ _ _ _ _ _ _ _ _ _ _ _ _ _ _ _ _ _ _ 

self = <playwright._impl._connection.Connection object at 0x107d56960>
cb = <function Channel.send.<locals>.<lambda> at 0x108ba3560>
is_internal = False, title = None

    async def wrap_api_call(
        self, cb: Callable[[], Any], is_internal: bool = False, title: str = None
    ) -> Any:
        if self._api_zone.get():
            return await cb()
        task = asyncio.current_task(self._loop)
        st: List[inspect.FrameInfo] = getattr(
            task, "__pw_stack__", None
        ) or inspect.stack(0)
    
        parsed_st = _extract_stack_trace_information_from_stack(st, is_internal, title)
        self._api_zone.set(parsed_st)
        try:
            return await cb()
        except Exception as error:
>           raise rewrite_error(error, f"{parsed_st['apiName']}: {error}") from None
E           playwright._impl._errors.Error: Page.goto: net::ERR_CONNECTION_REFUSED at http://localhost:3210/app/01M2116VWQRGDGFT62EBBW33CY/competitions/create
E           Call log:
E             - navigating to "http://localhost:3210/app/01M2116VWQRGDGFT62EBBW33CY/competitions/create", waiting until "load"

.venv/lib/python3.12/site-packages/playwright/_impl/_connection.py:559: Error
_ ERROR at setup of test_un_visiteur_ne_voit_pas_le_lien_du_rapport[chromium] __

browser = <Browser type=<BrowserType name=chromium executable_path=/Users/bagouze/Library/Caches/ms-playwright/chromium-1223/chrome-mac-arm64/Google Chrome for Testing.app/Contents/MacOS/Google Chrome for Testing> version=148.0.7778.96>
space_id = '01M2116VWQRGDGFT62EBBW33CY'

    @pytest.fixture(scope="module")
    def matchs_ctx(browser, space_id):
>       full = build_full_competition(browser, space_id, num_teams=4, num_rounds=2, with_pairings=True)
               ^^^^^^^^^^^^^^^^^^^^^^^^^^^^^^^^^^^^^^^^^^^^^^^^^^^^^^^^^^^^^^^^^^^^^^^^^^^^^^^^^^^^^^^^

test_team_matches.py:71: 
_ _ _ _ _ _ _ _ _ _ _ _ _ _ _ _ _ _ _ _ _ _ _ _ _ _ _ _ _ _ _ _ _ _ _ _ _ _ _ _ 
competition_lifecycle.py:586: in build_full_competition
    competition = create_full_competition(
competition_lifecycle.py:114: in create_full_competition
    page.goto(competition_create_url, wait_until="load")
.venv/lib/python3.12/site-packages/playwright/sync_api/_generated.py:9612: in goto
    self._sync(
.venv/lib/python3.12/site-packages/playwright/_impl/_page.py:557: in goto
    return await self._main_frame.goto(**locals_to_params(locals()))
           ^^^^^^^^^^^^^^^^^^^^^^^^^^^^^^^^^^^^^^^^^^^^^^^^^^^^^^^^^
.venv/lib/python3.12/site-packages/playwright/_impl/_frame.py:156: in goto
    await self._channel.send(
.venv/lib/python3.12/site-packages/playwright/_impl/_connection.py:69: in send
    return await self._connection.wrap_api_call(
_ _ _ _ _ _ _ _ _ _ _ _ _ _ _ _ _ _ _ _ _ _ _ _ _ _ _ _ _ _ _ _ _ _ _ _ _ _ _ _ 

self = <playwright._impl._connection.Connection object at 0x107d56960>
cb = <function Channel.send.<locals>.<lambda> at 0x108ba3560>
is_internal = False, title = None

    async def wrap_api_call(
        self, cb: Callable[[], Any], is_internal: bool = False, title: str = None
    ) -> Any:
        if self._api_zone.get():
            return await cb()
        task = asyncio.current_task(self._loop)
        st: List[inspect.FrameInfo] = getattr(
            task, "__pw_stack__", None
        ) or inspect.stack(0)
    
        parsed_st = _extract_stack_trace_information_from_stack(st, is_internal, title)
        self._api_zone.set(parsed_st)
        try:
            return await cb()
        except Exception as error:
>           raise rewrite_error(error, f"{parsed_st['apiName']}: {error}") from None
E           playwright._impl._errors.Error: Page.goto: net::ERR_CONNECTION_REFUSED at http://localhost:3210/app/01M2116VWQRGDGFT62EBBW33CY/competitions/create
E           Call log:
E             - navigating to "http://localhost:3210/app/01M2116VWQRGDGFT62EBBW33CY/competitions/create", waiting until "load"

.venv/lib/python3.12/site-packages/playwright/_impl/_connection.py:559: Error
__ ERROR at setup of test_une_equipe_sans_match_affiche_l_etat_vide[chromium] __

browser = <Browser type=<BrowserType name=chromium executable_path=/Users/bagouze/Library/Caches/ms-playwright/chromium-1223/chrome-mac-arm64/Google Chrome for Testing.app/Contents/MacOS/Google Chrome for Testing> version=148.0.7778.96>
space_id = '01M2116VWQRGDGFT62EBBW33CY'

    @pytest.fixture(scope="module")
    def matchs_ctx(browser, space_id):
>       full = build_full_competition(browser, space_id, num_teams=4, num_rounds=2, with_pairings=True)
               ^^^^^^^^^^^^^^^^^^^^^^^^^^^^^^^^^^^^^^^^^^^^^^^^^^^^^^^^^^^^^^^^^^^^^^^^^^^^^^^^^^^^^^^^

test_team_matches.py:71: 
_ _ _ _ _ _ _ _ _ _ _ _ _ _ _ _ _ _ _ _ _ _ _ _ _ _ _ _ _ _ _ _ _ _ _ _ _ _ _ _ 
competition_lifecycle.py:586: in build_full_competition
    competition = create_full_competition(
competition_lifecycle.py:114: in create_full_competition
    page.goto(competition_create_url, wait_until="load")
.venv/lib/python3.12/site-packages/playwright/sync_api/_generated.py:9612: in goto
    self._sync(
.venv/lib/python3.12/site-packages/playwright/_impl/_page.py:557: in goto
    return await self._main_frame.goto(**locals_to_params(locals()))
           ^^^^^^^^^^^^^^^^^^^^^^^^^^^^^^^^^^^^^^^^^^^^^^^^^^^^^^^^^
.venv/lib/python3.12/site-packages/playwright/_impl/_frame.py:156: in goto
    await self._channel.send(
.venv/lib/python3.12/site-packages/playwright/_impl/_connection.py:69: in send
    return await self._connection.wrap_api_call(
_ _ _ _ _ _ _ _ _ _ _ _ _ _ _ _ _ _ _ _ _ _ _ _ _ _ _ _ _ _ _ _ _ _ _ _ _ _ _ _ 

self = <playwright._impl._connection.Connection object at 0x107d56960>
cb = <function Channel.send.<locals>.<lambda> at 0x108ba3560>
is_internal = False, title = None

    async def wrap_api_call(
        self, cb: Callable[[], Any], is_internal: bool = False, title: str = None
    ) -> Any:
        if self._api_zone.get():
            return await cb()
        task = asyncio.current_task(self._loop)
        st: List[inspect.FrameInfo] = getattr(
            task, "__pw_stack__", None
        ) or inspect.stack(0)
    
        parsed_st = _extract_stack_trace_information_from_stack(st, is_internal, title)
        self._api_zone.set(parsed_st)
        try:
            return await cb()
        except Exception as error:
>           raise rewrite_error(error, f"{parsed_st['apiName']}: {error}") from None
E           playwright._impl._errors.Error: Page.goto: net::ERR_CONNECTION_REFUSED at http://localhost:3210/app/01M2116VWQRGDGFT62EBBW33CY/competitions/create
E           Call log:
E             - navigating to "http://localhost:3210/app/01M2116VWQRGDGFT62EBBW33CY/competitions/create", waiting until "load"

.venv/lib/python3.12/site-packages/playwright/_impl/_connection.py:559: Error
_ ERROR at setup of test_le_bloc_de_match_reste_correct_sur_la_page_competition[chromium] _

browser = <Browser type=<BrowserType name=chromium executable_path=/Users/bagouze/Library/Caches/ms-playwright/chromium-1223/chrome-mac-arm64/Google Chrome for Testing.app/Contents/MacOS/Google Chrome for Testing> version=148.0.7778.96>
space_id = '01M2116VWQRGDGFT62EBBW33CY'

    @pytest.fixture(scope="module")
    def matchs_ctx(browser, space_id):
>       full = build_full_competition(browser, space_id, num_teams=4, num_rounds=2, with_pairings=True)
               ^^^^^^^^^^^^^^^^^^^^^^^^^^^^^^^^^^^^^^^^^^^^^^^^^^^^^^^^^^^^^^^^^^^^^^^^^^^^^^^^^^^^^^^^

test_team_matches.py:71: 
_ _ _ _ _ _ _ _ _ _ _ _ _ _ _ _ _ _ _ _ _ _ _ _ _ _ _ _ _ _ _ _ _ _ _ _ _ _ _ _ 
competition_lifecycle.py:586: in build_full_competition
    competition = create_full_competition(
competition_lifecycle.py:114: in create_full_competition
    page.goto(competition_create_url, wait_until="load")
.venv/lib/python3.12/site-packages/playwright/sync_api/_generated.py:9612: in goto
    self._sync(
.venv/lib/python3.12/site-packages/playwright/_impl/_page.py:557: in goto
    return await self._main_frame.goto(**locals_to_params(locals()))
           ^^^^^^^^^^^^^^^^^^^^^^^^^^^^^^^^^^^^^^^^^^^^^^^^^^^^^^^^^
.venv/lib/python3.12/site-packages/playwright/_impl/_frame.py:156: in goto
    await self._channel.send(
.venv/lib/python3.12/site-packages/playwright/_impl/_connection.py:69: in send
    return await self._connection.wrap_api_call(
_ _ _ _ _ _ _ _ _ _ _ _ _ _ _ _ _ _ _ _ _ _ _ _ _ _ _ _ _ _ _ _ _ _ _ _ _ _ _ _ 

self = <playwright._impl._connection.Connection object at 0x107d56960>
cb = <function Channel.send.<locals>.<lambda> at 0x108ba3560>
is_internal = False, title = None

    async def wrap_api_call(
        self, cb: Callable[[], Any], is_internal: bool = False, title: str = None
    ) -> Any:
        if self._api_zone.get():
            return await cb()
        task = asyncio.current_task(self._loop)
        st: List[inspect.FrameInfo] = getattr(
            task, "__pw_stack__", None
        ) or inspect.stack(0)
    
        parsed_st = _extract_stack_trace_information_from_stack(st, is_internal, title)
        self._api_zone.set(parsed_st)
        try:
            return await cb()
        except Exception as error:
>           raise rewrite_error(error, f"{parsed_st['apiName']}: {error}") from None
E           playwright._impl._errors.Error: Page.goto: net::ERR_CONNECTION_REFUSED at http://localhost:3210/app/01M2116VWQRGDGFT62EBBW33CY/competitions/create
E           Call log:
E             - navigating to "http://localhost:3210/app/01M2116VWQRGDGFT62EBBW33CY/competitions/create", waiting until "load"

.venv/lib/python3.12/site-packages/playwright/_impl/_connection.py:559: Error
_ ERROR at setup of test_l_onglet_tresorerie_s_ouvre_et_affiche_le_releve[chromium] _

browser = <Browser type=<BrowserType name=chromium executable_path=/Users/bagouze/Library/Caches/ms-playwright/chromium-1223/chrome-mac-arm64/Google Chrome for Testing.app/Contents/MacOS/Google Chrome for Testing> version=148.0.7778.96>
space_id = '01M2116VWQRGDGFT62EBBW33CY'

    @pytest.fixture(scope="module")
    def tresorerie_ctx(browser, space_id):
>       full = build_full_competition(
            browser, space_id, num_teams=4, num_rounds=1,
            roster_uids=[ROSTER] * 4,
            with_pairings=True,
        )

test_team_treasury_tab.py:115: 
_ _ _ _ _ _ _ _ _ _ _ _ _ _ _ _ _ _ _ _ _ _ _ _ _ _ _ _ _ _ _ _ _ _ _ _ _ _ _ _ 
competition_lifecycle.py:586: in build_full_competition
    competition = create_full_competition(
competition_lifecycle.py:114: in create_full_competition
    page.goto(competition_create_url, wait_until="load")
.venv/lib/python3.12/site-packages/playwright/sync_api/_generated.py:9612: in goto
    self._sync(
.venv/lib/python3.12/site-packages/playwright/_impl/_page.py:557: in goto
    return await self._main_frame.goto(**locals_to_params(locals()))
           ^^^^^^^^^^^^^^^^^^^^^^^^^^^^^^^^^^^^^^^^^^^^^^^^^^^^^^^^^
.venv/lib/python3.12/site-packages/playwright/_impl/_frame.py:156: in goto
    await self._channel.send(
.venv/lib/python3.12/site-packages/playwright/_impl/_connection.py:69: in send
    return await self._connection.wrap_api_call(
_ _ _ _ _ _ _ _ _ _ _ _ _ _ _ _ _ _ _ _ _ _ _ _ _ _ _ _ _ _ _ _ _ _ _ _ _ _ _ _ 

self = <playwright._impl._connection.Connection object at 0x107d56960>
cb = <function Channel.send.<locals>.<lambda> at 0x1088e72e0>
is_internal = False, title = None

    async def wrap_api_call(
        self, cb: Callable[[], Any], is_internal: bool = False, title: str = None
    ) -> Any:
        if self._api_zone.get():
            return await cb()
        task = asyncio.current_task(self._loop)
        st: List[inspect.FrameInfo] = getattr(
            task, "__pw_stack__", None
        ) or inspect.stack(0)
    
        parsed_st = _extract_stack_trace_information_from_stack(st, is_internal, title)
        self._api_zone.set(parsed_st)
        try:
            return await cb()
        except Exception as error:
>           raise rewrite_error(error, f"{parsed_st['apiName']}: {error}") from None
E           playwright._impl._errors.Error: Page.goto: net::ERR_CONNECTION_REFUSED at http://localhost:3210/app/01M2116VWQRGDGFT62EBBW33CY/competitions/create
E           Call log:
E             - navigating to "http://localhost:3210/app/01M2116VWQRGDGFT62EBBW33CY/competitions/create", waiting until "load"

.venv/lib/python3.12/site-packages/playwright/_impl/_connection.py:559: Error
__ ERROR at setup of test_l_url_de_tresorerie_se_charge_directement[chromium] __

browser = <Browser type=<BrowserType name=chromium executable_path=/Users/bagouze/Library/Caches/ms-playwright/chromium-1223/chrome-mac-arm64/Google Chrome for Testing.app/Contents/MacOS/Google Chrome for Testing> version=148.0.7778.96>
space_id = '01M2116VWQRGDGFT62EBBW33CY'

    @pytest.fixture(scope="module")
    def tresorerie_ctx(browser, space_id):
>       full = build_full_competition(
            browser, space_id, num_teams=4, num_rounds=1,
            roster_uids=[ROSTER] * 4,
            with_pairings=True,
        )

test_team_treasury_tab.py:115: 
_ _ _ _ _ _ _ _ _ _ _ _ _ _ _ _ _ _ _ _ _ _ _ _ _ _ _ _ _ _ _ _ _ _ _ _ _ _ _ _ 
competition_lifecycle.py:586: in build_full_competition
    competition = create_full_competition(
competition_lifecycle.py:114: in create_full_competition
    page.goto(competition_create_url, wait_until="load")
.venv/lib/python3.12/site-packages/playwright/sync_api/_generated.py:9612: in goto
    self._sync(
.venv/lib/python3.12/site-packages/playwright/_impl/_page.py:557: in goto
    return await self._main_frame.goto(**locals_to_params(locals()))
           ^^^^^^^^^^^^^^^^^^^^^^^^^^^^^^^^^^^^^^^^^^^^^^^^^^^^^^^^^
.venv/lib/python3.12/site-packages/playwright/_impl/_frame.py:156: in goto
    await self._channel.send(
.venv/lib/python3.12/site-packages/playwright/_impl/_connection.py:69: in send
    return await self._connection.wrap_api_call(
_ _ _ _ _ _ _ _ _ _ _ _ _ _ _ _ _ _ _ _ _ _ _ _ _ _ _ _ _ _ _ _ _ _ _ _ _ _ _ _ 

self = <playwright._impl._connection.Connection object at 0x107d56960>
cb = <function Channel.send.<locals>.<lambda> at 0x1088e72e0>
is_internal = False, title = None

    async def wrap_api_call(
        self, cb: Callable[[], Any], is_internal: bool = False, title: str = None
    ) -> Any:
        if self._api_zone.get():
            return await cb()
        task = asyncio.current_task(self._loop)
        st: List[inspect.FrameInfo] = getattr(
            task, "__pw_stack__", None
        ) or inspect.stack(0)
    
        parsed_st = _extract_stack_trace_information_from_stack(st, is_internal, title)
        self._api_zone.set(parsed_st)
        try:
            return await cb()
        except Exception as error:
>           raise rewrite_error(error, f"{parsed_st['apiName']}: {error}") from None
E           playwright._impl._errors.Error: Page.goto: net::ERR_CONNECTION_REFUSED at http://localhost:3210/app/01M2116VWQRGDGFT62EBBW33CY/competitions/create
E           Call log:
E             - navigating to "http://localhost:3210/app/01M2116VWQRGDGFT62EBBW33CY/competitions/create", waiting until "load"

.venv/lib/python3.12/site-packages/playwright/_impl/_connection.py:559: Error
_ ERROR at setup of test_le_solde_du_releve_egale_celui_de_l_en_tete[chromium] _

browser = <Browser type=<BrowserType name=chromium executable_path=/Users/bagouze/Library/Caches/ms-playwright/chromium-1223/chrome-mac-arm64/Google Chrome for Testing.app/Contents/MacOS/Google Chrome for Testing> version=148.0.7778.96>
space_id = '01M2116VWQRGDGFT62EBBW33CY'

    @pytest.fixture(scope="module")
    def tresorerie_ctx(browser, space_id):
>       full = build_full_competition(
            browser, space_id, num_teams=4, num_rounds=1,
            roster_uids=[ROSTER] * 4,
            with_pairings=True,
        )

test_team_treasury_tab.py:115: 
_ _ _ _ _ _ _ _ _ _ _ _ _ _ _ _ _ _ _ _ _ _ _ _ _ _ _ _ _ _ _ _ _ _ _ _ _ _ _ _ 
competition_lifecycle.py:586: in build_full_competition
    competition = create_full_competition(
competition_lifecycle.py:114: in create_full_competition
    page.goto(competition_create_url, wait_until="load")
.venv/lib/python3.12/site-packages/playwright/sync_api/_generated.py:9612: in goto
    self._sync(
.venv/lib/python3.12/site-packages/playwright/_impl/_page.py:557: in goto
    return await self._main_frame.goto(**locals_to_params(locals()))
           ^^^^^^^^^^^^^^^^^^^^^^^^^^^^^^^^^^^^^^^^^^^^^^^^^^^^^^^^^
.venv/lib/python3.12/site-packages/playwright/_impl/_frame.py:156: in goto
    await self._channel.send(
.venv/lib/python3.12/site-packages/playwright/_impl/_connection.py:69: in send
    return await self._connection.wrap_api_call(
_ _ _ _ _ _ _ _ _ _ _ _ _ _ _ _ _ _ _ _ _ _ _ _ _ _ _ _ _ _ _ _ _ _ _ _ _ _ _ _ 

self = <playwright._impl._connection.Connection object at 0x107d56960>
cb = <function Channel.send.<locals>.<lambda> at 0x1088e72e0>
is_internal = False, title = None

    async def wrap_api_call(
        self, cb: Callable[[], Any], is_internal: bool = False, title: str = None
    ) -> Any:
        if self._api_zone.get():
            return await cb()
        task = asyncio.current_task(self._loop)
        st: List[inspect.FrameInfo] = getattr(
            task, "__pw_stack__", None
        ) or inspect.stack(0)
    
        parsed_st = _extract_stack_trace_information_from_stack(st, is_internal, title)
        self._api_zone.set(parsed_st)
        try:
            return await cb()
        except Exception as error:
>           raise rewrite_error(error, f"{parsed_st['apiName']}: {error}") from None
E           playwright._impl._errors.Error: Page.goto: net::ERR_CONNECTION_REFUSED at http://localhost:3210/app/01M2116VWQRGDGFT62EBBW33CY/competitions/create
E           Call log:
E             - navigating to "http://localhost:3210/app/01M2116VWQRGDGFT62EBBW33CY/competitions/create", waiting until "load"

.venv/lib/python3.12/site-packages/playwright/_impl/_connection.py:559: Error
_ ERROR at setup of test_une_equipe_neuve_affiche_le_bloc_sans_mouvement[chromium] _

browser = <Browser type=<BrowserType name=chromium executable_path=/Users/bagouze/Library/Caches/ms-playwright/chromium-1223/chrome-mac-arm64/Google Chrome for Testing.app/Contents/MacOS/Google Chrome for Testing> version=148.0.7778.96>
space_id = '01M2116VWQRGDGFT62EBBW33CY'

    @pytest.fixture(scope="module")
    def tresorerie_ctx(browser, space_id):
>       full = build_full_competition(
            browser, space_id, num_teams=4, num_rounds=1,
            roster_uids=[ROSTER] * 4,
            with_pairings=True,
        )

test_team_treasury_tab.py:115: 
_ _ _ _ _ _ _ _ _ _ _ _ _ _ _ _ _ _ _ _ _ _ _ _ _ _ _ _ _ _ _ _ _ _ _ _ _ _ _ _ 
competition_lifecycle.py:586: in build_full_competition
    competition = create_full_competition(
competition_lifecycle.py:114: in create_full_competition
    page.goto(competition_create_url, wait_until="load")
.venv/lib/python3.12/site-packages/playwright/sync_api/_generated.py:9612: in goto
    self._sync(
.venv/lib/python3.12/site-packages/playwright/_impl/_page.py:557: in goto
    return await self._main_frame.goto(**locals_to_params(locals()))
           ^^^^^^^^^^^^^^^^^^^^^^^^^^^^^^^^^^^^^^^^^^^^^^^^^^^^^^^^^
.venv/lib/python3.12/site-packages/playwright/_impl/_frame.py:156: in goto
    await self._channel.send(
.venv/lib/python3.12/site-packages/playwright/_impl/_connection.py:69: in send
    return await self._connection.wrap_api_call(
_ _ _ _ _ _ _ _ _ _ _ _ _ _ _ _ _ _ _ _ _ _ _ _ _ _ _ _ _ _ _ _ _ _ _ _ _ _ _ _ 

self = <playwright._impl._connection.Connection object at 0x107d56960>
cb = <function Channel.send.<locals>.<lambda> at 0x1088e72e0>
is_internal = False, title = None

    async def wrap_api_call(
        self, cb: Callable[[], Any], is_internal: bool = False, title: str = None
    ) -> Any:
        if self._api_zone.get():
            return await cb()
        task = asyncio.current_task(self._loop)
        st: List[inspect.FrameInfo] = getattr(
            task, "__pw_stack__", None
        ) or inspect.stack(0)
    
        parsed_st = _extract_stack_trace_information_from_stack(st, is_internal, title)
        self._api_zone.set(parsed_st)
        try:
            return await cb()
        except Exception as error:
>           raise rewrite_error(error, f"{parsed_st['apiName']}: {error}") from None
E           playwright._impl._errors.Error: Page.goto: net::ERR_CONNECTION_REFUSED at http://localhost:3210/app/01M2116VWQRGDGFT62EBBW33CY/competitions/create
E           Call log:
E             - navigating to "http://localhost:3210/app/01M2116VWQRGDGFT62EBBW33CY/competitions/create", waiting until "load"

.venv/lib/python3.12/site-packages/playwright/_impl/_connection.py:559: Error
_ ERROR at setup of test_le_releve_montre_le_recrutement_qui_vient_d_etre_fait[chromium] _

browser = <Browser type=<BrowserType name=chromium executable_path=/Users/bagouze/Library/Caches/ms-playwright/chromium-1223/chrome-mac-arm64/Google Chrome for Testing.app/Contents/MacOS/Google Chrome for Testing> version=148.0.7778.96>
space_id = '01M2116VWQRGDGFT62EBBW33CY'

    @pytest.fixture(scope="module")
    def tresorerie_ctx(browser, space_id):
>       full = build_full_competition(
            browser, space_id, num_teams=4, num_rounds=1,
            roster_uids=[ROSTER] * 4,
            with_pairings=True,
        )

test_team_treasury_tab.py:115: 
_ _ _ _ _ _ _ _ _ _ _ _ _ _ _ _ _ _ _ _ _ _ _ _ _ _ _ _ _ _ _ _ _ _ _ _ _ _ _ _ 
competition_lifecycle.py:586: in build_full_competition
    competition = create_full_competition(
competition_lifecycle.py:114: in create_full_competition
    page.goto(competition_create_url, wait_until="load")
.venv/lib/python3.12/site-packages/playwright/sync_api/_generated.py:9612: in goto
    self._sync(
.venv/lib/python3.12/site-packages/playwright/_impl/_page.py:557: in goto
    return await self._main_frame.goto(**locals_to_params(locals()))
           ^^^^^^^^^^^^^^^^^^^^^^^^^^^^^^^^^^^^^^^^^^^^^^^^^^^^^^^^^
.venv/lib/python3.12/site-packages/playwright/_impl/_frame.py:156: in goto
    await self._channel.send(
.venv/lib/python3.12/site-packages/playwright/_impl/_connection.py:69: in send
    return await self._connection.wrap_api_call(
_ _ _ _ _ _ _ _ _ _ _ _ _ _ _ _ _ _ _ _ _ _ _ _ _ _ _ _ _ _ _ _ _ _ _ _ _ _ _ _ 

self = <playwright._impl._connection.Connection object at 0x107d56960>
cb = <function Channel.send.<locals>.<lambda> at 0x1088e72e0>
is_internal = False, title = None

    async def wrap_api_call(
        self, cb: Callable[[], Any], is_internal: bool = False, title: str = None
    ) -> Any:
        if self._api_zone.get():
            return await cb()
        task = asyncio.current_task(self._loop)
        st: List[inspect.FrameInfo] = getattr(
            task, "__pw_stack__", None
        ) or inspect.stack(0)
    
        parsed_st = _extract_stack_trace_information_from_stack(st, is_internal, title)
        self._api_zone.set(parsed_st)
        try:
            return await cb()
        except Exception as error:
>           raise rewrite_error(error, f"{parsed_st['apiName']}: {error}") from None
E           playwright._impl._errors.Error: Page.goto: net::ERR_CONNECTION_REFUSED at http://localhost:3210/app/01M2116VWQRGDGFT62EBBW33CY/competitions/create
E           Call log:
E             - navigating to "http://localhost:3210/app/01M2116VWQRGDGFT62EBBW33CY/competitions/create", waiting until "load"

.venv/lib/python3.12/site-packages/playwright/_impl/_connection.py:559: Error
_ ERROR at setup of test_l_onglet_joueurs_reste_accessible_apres_un_aller_retour[chromium] _

browser = <Browser type=<BrowserType name=chromium executable_path=/Users/bagouze/Library/Caches/ms-playwright/chromium-1223/chrome-mac-arm64/Google Chrome for Testing.app/Contents/MacOS/Google Chrome for Testing> version=148.0.7778.96>
space_id = '01M2116VWQRGDGFT62EBBW33CY'

    @pytest.fixture(scope="module")
    def tresorerie_ctx(browser, space_id):
>       full = build_full_competition(
            browser, space_id, num_teams=4, num_rounds=1,
            roster_uids=[ROSTER] * 4,
            with_pairings=True,
        )

test_team_treasury_tab.py:115: 
_ _ _ _ _ _ _ _ _ _ _ _ _ _ _ _ _ _ _ _ _ _ _ _ _ _ _ _ _ _ _ _ _ _ _ _ _ _ _ _ 
competition_lifecycle.py:586: in build_full_competition
    competition = create_full_competition(
competition_lifecycle.py:114: in create_full_competition
    page.goto(competition_create_url, wait_until="load")
.venv/lib/python3.12/site-packages/playwright/sync_api/_generated.py:9612: in goto
    self._sync(
.venv/lib/python3.12/site-packages/playwright/_impl/_page.py:557: in goto
    return await self._main_frame.goto(**locals_to_params(locals()))
           ^^^^^^^^^^^^^^^^^^^^^^^^^^^^^^^^^^^^^^^^^^^^^^^^^^^^^^^^^
.venv/lib/python3.12/site-packages/playwright/_impl/_frame.py:156: in goto
    await self._channel.send(
.venv/lib/python3.12/site-packages/playwright/_impl/_connection.py:69: in send
    return await self._connection.wrap_api_call(
_ _ _ _ _ _ _ _ _ _ _ _ _ _ _ _ _ _ _ _ _ _ _ _ _ _ _ _ _ _ _ _ _ _ _ _ _ _ _ _ 

self = <playwright._impl._connection.Connection object at 0x107d56960>
cb = <function Channel.send.<locals>.<lambda> at 0x1088e72e0>
is_internal = False, title = None

    async def wrap_api_call(
        self, cb: Callable[[], Any], is_internal: bool = False, title: str = None
    ) -> Any:
        if self._api_zone.get():
            return await cb()
        task = asyncio.current_task(self._loop)
        st: List[inspect.FrameInfo] = getattr(
            task, "__pw_stack__", None
        ) or inspect.stack(0)
    
        parsed_st = _extract_stack_trace_information_from_stack(st, is_internal, title)
        self._api_zone.set(parsed_st)
        try:
            return await cb()
        except Exception as error:
>           raise rewrite_error(error, f"{parsed_st['apiName']}: {error}") from None
E           playwright._impl._errors.Error: Page.goto: net::ERR_CONNECTION_REFUSED at http://localhost:3210/app/01M2116VWQRGDGFT62EBBW33CY/competitions/create
E           Call log:
E             - navigating to "http://localhost:3210/app/01M2116VWQRGDGFT62EBBW33CY/competitions/create", waiting until "load"

.venv/lib/python3.12/site-packages/playwright/_impl/_connection.py:559: Error
_ ERROR at setup of test_un_membre_simple_est_refuse_en_lecture[chromium-general] _

browser = <Browser type=<BrowserType name=chromium executable_path=/Users/bagouze/Library/Caches/ms-playwright/chromium-1223/chrome-mac-arm64/Google Chrome for Testing.app/Contents/MacOS/Google Chrome for Testing> version=148.0.7778.96>
space_id = '01M2116VWQRGDGFT62EBBW33CY'

    @pytest.fixture(scope="module")
    def onglet(browser, space_id):
>       ctx = build_full_competition(browser, space_id, num_teams=2, num_rounds=1)
              ^^^^^^^^^^^^^^^^^^^^^^^^^^^^^^^^^^^^^^^^^^^^^^^^^^^^^^^^^^^^^^^^^^^^

test_competition_admin_settings.py:59: 
_ _ _ _ _ _ _ _ _ _ _ _ _ _ _ _ _ _ _ _ _ _ _ _ _ _ _ _ _ _ _ _ _ _ _ _ _ _ _ _ 
competition_lifecycle.py:586: in build_full_competition
    competition = create_full_competition(
competition_lifecycle.py:114: in create_full_competition
    page.goto(competition_create_url, wait_until="load")
.venv/lib/python3.12/site-packages/playwright/sync_api/_generated.py:9612: in goto
    self._sync(
.venv/lib/python3.12/site-packages/playwright/_impl/_page.py:557: in goto
    return await self._main_frame.goto(**locals_to_params(locals()))
           ^^^^^^^^^^^^^^^^^^^^^^^^^^^^^^^^^^^^^^^^^^^^^^^^^^^^^^^^^
.venv/lib/python3.12/site-packages/playwright/_impl/_frame.py:156: in goto
    await self._channel.send(
.venv/lib/python3.12/site-packages/playwright/_impl/_connection.py:69: in send
    return await self._connection.wrap_api_call(
_ _ _ _ _ _ _ _ _ _ _ _ _ _ _ _ _ _ _ _ _ _ _ _ _ _ _ _ _ _ _ _ _ _ _ _ _ _ _ _ 

self = <playwright._impl._connection.Connection object at 0x107d56960>
cb = <function Channel.send.<locals>.<lambda> at 0x1089cfc40>
is_internal = False, title = None

    async def wrap_api_call(
        self, cb: Callable[[], Any], is_internal: bool = False, title: str = None
    ) -> Any:
        if self._api_zone.get():
            return await cb()
        task = asyncio.current_task(self._loop)
        st: List[inspect.FrameInfo] = getattr(
            task, "__pw_stack__", None
        ) or inspect.stack(0)
    
        parsed_st = _extract_stack_trace_information_from_stack(st, is_internal, title)
        self._api_zone.set(parsed_st)
        try:
            return await cb()
        except Exception as error:
>           raise rewrite_error(error, f"{parsed_st['apiName']}: {error}") from None
E           playwright._impl._errors.Error: Page.goto: net::ERR_CONNECTION_REFUSED at http://localhost:3210/app/01M2116VWQRGDGFT62EBBW33CY/competitions/create
E           Call log:
E             - navigating to "http://localhost:3210/app/01M2116VWQRGDGFT62EBBW33CY/competitions/create", waiting until "load"

.venv/lib/python3.12/site-packages/playwright/_impl/_connection.py:559: Error
_ ERROR at setup of test_un_membre_simple_est_refuse_en_ecriture[chromium-ranking] _

browser = <Browser type=<BrowserType name=chromium executable_path=/Users/bagouze/Library/Caches/ms-playwright/chromium-1223/chrome-mac-arm64/Google Chrome for Testing.app/Contents/MacOS/Google Chrome for Testing> version=148.0.7778.96>
space_id = '01M2116VWQRGDGFT62EBBW33CY'

    @pytest.fixture(scope="module")
    def onglet(browser, space_id):
>       ctx = build_full_competition(browser, space_id, num_teams=2, num_rounds=1)
              ^^^^^^^^^^^^^^^^^^^^^^^^^^^^^^^^^^^^^^^^^^^^^^^^^^^^^^^^^^^^^^^^^^^^

test_competition_admin_settings.py:59: 
_ _ _ _ _ _ _ _ _ _ _ _ _ _ _ _ _ _ _ _ _ _ _ _ _ _ _ _ _ _ _ _ _ _ _ _ _ _ _ _ 
competition_lifecycle.py:586: in build_full_competition
    competition = create_full_competition(
competition_lifecycle.py:114: in create_full_competition
    page.goto(competition_create_url, wait_until="load")
.venv/lib/python3.12/site-packages/playwright/sync_api/_generated.py:9612: in goto
    self._sync(
.venv/lib/python3.12/site-packages/playwright/_impl/_page.py:557: in goto
    return await self._main_frame.goto(**locals_to_params(locals()))
           ^^^^^^^^^^^^^^^^^^^^^^^^^^^^^^^^^^^^^^^^^^^^^^^^^^^^^^^^^
.venv/lib/python3.12/site-packages/playwright/_impl/_frame.py:156: in goto
    await self._channel.send(
.venv/lib/python3.12/site-packages/playwright/_impl/_connection.py:69: in send
    return await self._connection.wrap_api_call(
_ _ _ _ _ _ _ _ _ _ _ _ _ _ _ _ _ _ _ _ _ _ _ _ _ _ _ _ _ _ _ _ _ _ _ _ _ _ _ _ 

self = <playwright._impl._connection.Connection object at 0x107d56960>
cb = <function Channel.send.<locals>.<lambda> at 0x1089cfc40>
is_internal = False, title = None

    async def wrap_api_call(
        self, cb: Callable[[], Any], is_internal: bool = False, title: str = None
    ) -> Any:
        if self._api_zone.get():
            return await cb()
        task = asyncio.current_task(self._loop)
        st: List[inspect.FrameInfo] = getattr(
            task, "__pw_stack__", None
        ) or inspect.stack(0)
    
        parsed_st = _extract_stack_trace_information_from_stack(st, is_internal, title)
        self._api_zone.set(parsed_st)
        try:
            return await cb()
        except Exception as error:
>           raise rewrite_error(error, f"{parsed_st['apiName']}: {error}") from None
E           playwright._impl._errors.Error: Page.goto: net::ERR_CONNECTION_REFUSED at http://localhost:3210/app/01M2116VWQRGDGFT62EBBW33CY/competitions/create
E           Call log:
E             - navigating to "http://localhost:3210/app/01M2116VWQRGDGFT62EBBW33CY/competitions/create", waiting until "load"

.venv/lib/python3.12/site-packages/playwright/_impl/_connection.py:559: Error
_ ERROR at setup of test_aucun_panneau_ne_fait_regresser_la_saison[chromium-ranking] _

browser = <Browser type=<BrowserType name=chromium executable_path=/Users/bagouze/Library/Caches/ms-playwright/chromium-1223/chrome-mac-arm64/Google Chrome for Testing.app/Contents/MacOS/Google Chrome for Testing> version=148.0.7778.96>
space_id = '01M2116VWQRGDGFT62EBBW33CY'

    @pytest.fixture(scope="module")
    def onglet(browser, space_id):
>       ctx = build_full_competition(browser, space_id, num_teams=2, num_rounds=1)
              ^^^^^^^^^^^^^^^^^^^^^^^^^^^^^^^^^^^^^^^^^^^^^^^^^^^^^^^^^^^^^^^^^^^^

test_competition_admin_settings.py:59: 
_ _ _ _ _ _ _ _ _ _ _ _ _ _ _ _ _ _ _ _ _ _ _ _ _ _ _ _ _ _ _ _ _ _ _ _ _ _ _ _ 
competition_lifecycle.py:586: in build_full_competition
    competition = create_full_competition(
competition_lifecycle.py:114: in create_full_competition
    page.goto(competition_create_url, wait_until="load")
.venv/lib/python3.12/site-packages/playwright/sync_api/_generated.py:9612: in goto
    self._sync(
.venv/lib/python3.12/site-packages/playwright/_impl/_page.py:557: in goto
    return await self._main_frame.goto(**locals_to_params(locals()))
           ^^^^^^^^^^^^^^^^^^^^^^^^^^^^^^^^^^^^^^^^^^^^^^^^^^^^^^^^^
.venv/lib/python3.12/site-packages/playwright/_impl/_frame.py:156: in goto
    await self._channel.send(
.venv/lib/python3.12/site-packages/playwright/_impl/_connection.py:69: in send
    return await self._connection.wrap_api_call(
_ _ _ _ _ _ _ _ _ _ _ _ _ _ _ _ _ _ _ _ _ _ _ _ _ _ _ _ _ _ _ _ _ _ _ _ _ _ _ _ 

self = <playwright._impl._connection.Connection object at 0x107d56960>
cb = <function Channel.send.<locals>.<lambda> at 0x1089cfc40>
is_internal = False, title = None

    async def wrap_api_call(
        self, cb: Callable[[], Any], is_internal: bool = False, title: str = None
    ) -> Any:
        if self._api_zone.get():
            return await cb()
        task = asyncio.current_task(self._loop)
        st: List[inspect.FrameInfo] = getattr(
            task, "__pw_stack__", None
        ) or inspect.stack(0)
    
        parsed_st = _extract_stack_trace_information_from_stack(st, is_internal, title)
        self._api_zone.set(parsed_st)
        try:
            return await cb()
        except Exception as error:
>           raise rewrite_error(error, f"{parsed_st['apiName']}: {error}") from None
E           playwright._impl._errors.Error: Page.goto: net::ERR_CONNECTION_REFUSED at http://localhost:3210/app/01M2116VWQRGDGFT62EBBW33CY/competitions/create
E           Call log:
E             - navigating to "http://localhost:3210/app/01M2116VWQRGDGFT62EBBW33CY/competitions/create", waiting until "load"

.venv/lib/python3.12/site-packages/playwright/_impl/_connection.py:559: Error
_ ERROR at setup of test_une_valeur_inconnue_est_refusee_sans_rien_ecrire[chromium-requires_validation-peut-etre] _

browser = <Browser type=<BrowserType name=chromium executable_path=/Users/bagouze/Library/Caches/ms-playwright/chromium-1223/chrome-mac-arm64/Google Chrome for Testing.app/Contents/MacOS/Google Chrome for Testing> version=148.0.7778.96>
space_id = '01M2116VWQRGDGFT62EBBW33CY'

    @pytest.fixture(scope="module")
    def saison_garnie(browser, space_id):
        """Une compétition fermée portant **tout ce que le panneau n'édite pas**.
    
        Le parcours de création laisse ces trois champs vides ; sans les garnir, les
        tests de préservation passeraient sur des listes vides — c'est-à-dire sans
        rien prouver.
        """
>       ctx = build_full_competition(browser, space_id, num_teams=2, num_rounds=1)
              ^^^^^^^^^^^^^^^^^^^^^^^^^^^^^^^^^^^^^^^^^^^^^^^^^^^^^^^^^^^^^^^^^^^^

test_competition_settings_visibility.py:85: 
_ _ _ _ _ _ _ _ _ _ _ _ _ _ _ _ _ _ _ _ _ _ _ _ _ _ _ _ _ _ _ _ _ _ _ _ _ _ _ _ 
competition_lifecycle.py:586: in build_full_competition
    competition = create_full_competition(
competition_lifecycle.py:114: in create_full_competition
    page.goto(competition_create_url, wait_until="load")
.venv/lib/python3.12/site-packages/playwright/sync_api/_generated.py:9612: in goto
    self._sync(
.venv/lib/python3.12/site-packages/playwright/_impl/_page.py:557: in goto
    return await self._main_frame.goto(**locals_to_params(locals()))
           ^^^^^^^^^^^^^^^^^^^^^^^^^^^^^^^^^^^^^^^^^^^^^^^^^^^^^^^^^
.venv/lib/python3.12/site-packages/playwright/_impl/_frame.py:156: in goto
    await self._channel.send(
.venv/lib/python3.12/site-packages/playwright/_impl/_connection.py:69: in send
    return await self._connection.wrap_api_call(
_ _ _ _ _ _ _ _ _ _ _ _ _ _ _ _ _ _ _ _ _ _ _ _ _ _ _ _ _ _ _ _ _ _ _ _ _ _ _ _ 

self = <playwright._impl._connection.Connection object at 0x107d56960>
cb = <function Channel.send.<locals>.<lambda> at 0x108ba0cc0>
is_internal = False, title = None

    async def wrap_api_call(
        self, cb: Callable[[], Any], is_internal: bool = False, title: str = None
    ) -> Any:
        if self._api_zone.get():
            return await cb()
        task = asyncio.current_task(self._loop)
        st: List[inspect.FrameInfo] = getattr(
            task, "__pw_stack__", None
        ) or inspect.stack(0)
    
        parsed_st = _extract_stack_trace_information_from_stack(st, is_internal, title)
        self._api_zone.set(parsed_st)
        try:
            return await cb()
        except Exception as error:
>           raise rewrite_error(error, f"{parsed_st['apiName']}: {error}") from None
E           playwright._impl._errors.Error: Page.goto: net::ERR_CONNECTION_REFUSED at http://localhost:3210/app/01M2116VWQRGDGFT62EBBW33CY/competitions/create
E           Call log:
E             - navigating to "http://localhost:3210/app/01M2116VWQRGDGFT62EBBW33CY/competitions/create", waiting until "load"

.venv/lib/python3.12/site-packages/playwright/_impl/_connection.py:559: Error
__ ERROR at setup of test_le_bouton_de_gestion_est_habille[chromium-detaille] __

browser = <Browser type=<BrowserType name=chromium executable_path=/Users/bagouze/Library/Caches/ms-playwright/chromium-1223/chrome-mac-arm64/Google Chrome for Testing.app/Contents/MacOS/Google Chrome for Testing> version=148.0.7778.96>
space_id = '01M2116VWQRGDGFT62EBBW33CY'

    @pytest.fixture(scope="module")
    def saison_jouee(browser, space_id):
        """Deux équipes, une journée, un match joué — **et aucun point manuel**.
    
        Une compétition dédiée, et non celle qui traîne en base de développement :
        un test qui dépend d'un état posé à la main rougit chez quelqu'un d'autre.
    
        Le match donne un vainqueur, donc un ordre connu : c'est de cet ordre-là que
        les tests mesurent l'écart.
        """
>       ctx = build_full_competition(browser, space_id, num_teams=2, num_rounds=1)
              ^^^^^^^^^^^^^^^^^^^^^^^^^^^^^^^^^^^^^^^^^^^^^^^^^^^^^^^^^^^^^^^^^^^^

test_manual_ranking_points.py:66: 
_ _ _ _ _ _ _ _ _ _ _ _ _ _ _ _ _ _ _ _ _ _ _ _ _ _ _ _ _ _ _ _ _ _ _ _ _ _ _ _ 
competition_lifecycle.py:586: in build_full_competition
    competition = create_full_competition(
competition_lifecycle.py:114: in create_full_competition
    page.goto(competition_create_url, wait_until="load")
.venv/lib/python3.12/site-packages/playwright/sync_api/_generated.py:9612: in goto
    self._sync(
.venv/lib/python3.12/site-packages/playwright/_impl/_page.py:557: in goto
    return await self._main_frame.goto(**locals_to_params(locals()))
           ^^^^^^^^^^^^^^^^^^^^^^^^^^^^^^^^^^^^^^^^^^^^^^^^^^^^^^^^^
.venv/lib/python3.12/site-packages/playwright/_impl/_frame.py:156: in goto
    await self._channel.send(
.venv/lib/python3.12/site-packages/playwright/_impl/_connection.py:69: in send
    return await self._connection.wrap_api_call(
_ _ _ _ _ _ _ _ _ _ _ _ _ _ _ _ _ _ _ _ _ _ _ _ _ _ _ _ _ _ _ _ _ _ _ _ _ _ _ _ 

self = <playwright._impl._connection.Connection object at 0x107d56960>
cb = <function Channel.send.<locals>.<lambda> at 0x108ba3ce0>
is_internal = False, title = None

    async def wrap_api_call(
        self, cb: Callable[[], Any], is_internal: bool = False, title: str = None
    ) -> Any:
        if self._api_zone.get():
            return await cb()
        task = asyncio.current_task(self._loop)
        st: List[inspect.FrameInfo] = getattr(
            task, "__pw_stack__", None
        ) or inspect.stack(0)
    
        parsed_st = _extract_stack_trace_information_from_stack(st, is_internal, title)
        self._api_zone.set(parsed_st)
        try:
            return await cb()
        except Exception as error:
>           raise rewrite_error(error, f"{parsed_st['apiName']}: {error}") from None
E           playwright._impl._errors.Error: Page.goto: net::ERR_CONNECTION_REFUSED at http://localhost:3210/app/01M2116VWQRGDGFT62EBBW33CY/competitions/create
E           Call log:
E             - navigating to "http://localhost:3210/app/01M2116VWQRGDGFT62EBBW33CY/competitions/create", waiting until "load"

.venv/lib/python3.12/site-packages/playwright/_impl/_connection.py:559: Error
_ ERROR at setup of test_le_bouton_de_gestion_precede_le_classement[chromium-detaille] _

browser = <Browser type=<BrowserType name=chromium executable_path=/Users/bagouze/Library/Caches/ms-playwright/chromium-1223/chrome-mac-arm64/Google Chrome for Testing.app/Contents/MacOS/Google Chrome for Testing> version=148.0.7778.96>
space_id = '01M2116VWQRGDGFT62EBBW33CY'

    @pytest.fixture(scope="module")
    def saison_jouee(browser, space_id):
        """Deux équipes, une journée, un match joué — **et aucun point manuel**.
    
        Une compétition dédiée, et non celle qui traîne en base de développement :
        un test qui dépend d'un état posé à la main rougit chez quelqu'un d'autre.
    
        Le match donne un vainqueur, donc un ordre connu : c'est de cet ordre-là que
        les tests mesurent l'écart.
        """
>       ctx = build_full_competition(browser, space_id, num_teams=2, num_rounds=1)
              ^^^^^^^^^^^^^^^^^^^^^^^^^^^^^^^^^^^^^^^^^^^^^^^^^^^^^^^^^^^^^^^^^^^^

test_manual_ranking_points.py:66: 
_ _ _ _ _ _ _ _ _ _ _ _ _ _ _ _ _ _ _ _ _ _ _ _ _ _ _ _ _ _ _ _ _ _ _ _ _ _ _ _ 
competition_lifecycle.py:586: in build_full_competition
    competition = create_full_competition(
competition_lifecycle.py:114: in create_full_competition
    page.goto(competition_create_url, wait_until="load")
.venv/lib/python3.12/site-packages/playwright/sync_api/_generated.py:9612: in goto
    self._sync(
.venv/lib/python3.12/site-packages/playwright/_impl/_page.py:557: in goto
    return await self._main_frame.goto(**locals_to_params(locals()))
           ^^^^^^^^^^^^^^^^^^^^^^^^^^^^^^^^^^^^^^^^^^^^^^^^^^^^^^^^^
.venv/lib/python3.12/site-packages/playwright/_impl/_frame.py:156: in goto
    await self._channel.send(
.venv/lib/python3.12/site-packages/playwright/_impl/_connection.py:69: in send
    return await self._connection.wrap_api_call(
_ _ _ _ _ _ _ _ _ _ _ _ _ _ _ _ _ _ _ _ _ _ _ _ _ _ _ _ _ _ _ _ _ _ _ _ _ _ _ _ 

self = <playwright._impl._connection.Connection object at 0x107d56960>
cb = <function Channel.send.<locals>.<lambda> at 0x108ba3ce0>
is_internal = False, title = None

    async def wrap_api_call(
        self, cb: Callable[[], Any], is_internal: bool = False, title: str = None
    ) -> Any:
        if self._api_zone.get():
            return await cb()
        task = asyncio.current_task(self._loop)
        st: List[inspect.FrameInfo] = getattr(
            task, "__pw_stack__", None
        ) or inspect.stack(0)
    
        parsed_st = _extract_stack_trace_information_from_stack(st, is_internal, title)
        self._api_zone.set(parsed_st)
        try:
            return await cb()
        except Exception as error:
>           raise rewrite_error(error, f"{parsed_st['apiName']}: {error}") from None
E           playwright._impl._errors.Error: Page.goto: net::ERR_CONNECTION_REFUSED at http://localhost:3210/app/01M2116VWQRGDGFT62EBBW33CY/competitions/create
E           Call log:
E             - navigating to "http://localhost:3210/app/01M2116VWQRGDGFT62EBBW33CY/competitions/create", waiting until "load"

.venv/lib/python3.12/site-packages/playwright/_impl/_connection.py:559: Error
_ ERROR at setup of test_un_membre_simple_est_refuse_sur_l_onglet_et_ses_fragments[chromium-/rounds] _

browser = <Browser type=<BrowserType name=chromium executable_path=/Users/bagouze/Library/Caches/ms-playwright/chromium-1223/chrome-mac-arm64/Google Chrome for Testing.app/Contents/MacOS/Google Chrome for Testing> version=148.0.7778.96>
space_id = '01M2116VWQRGDGFT62EBBW33CY'

    @pytest.fixture(scope="module")
    def competition(browser, space_id):
        """Une compétition finalisée, avec son calendrier — mais **sans appariements**.
    
        `with_pairings` reste à son défaut : la carte 508 a montré qu'un test qui
        n'en a pas besoin ne doit pas en créer, le tirage étant aléatoire (R17) et
        l'orientation des rapports en découlant.
        """
        # Quatre équipes et trois journées : le minimum pour que la barre latérale ait
        # de quoi lister sans allonger la construction de la fixture.
>       return build_full_competition(browser, space_id, 4, 3)
               ^^^^^^^^^^^^^^^^^^^^^^^^^^^^^^^^^^^^^^^^^^^^^^^

test_presences_tab.py:38: 
_ _ _ _ _ _ _ _ _ _ _ _ _ _ _ _ _ _ _ _ _ _ _ _ _ _ _ _ _ _ _ _ _ _ _ _ _ _ _ _ 
competition_lifecycle.py:586: in build_full_competition
    competition = create_full_competition(
competition_lifecycle.py:114: in create_full_competition
    page.goto(competition_create_url, wait_until="load")
.venv/lib/python3.12/site-packages/playwright/sync_api/_generated.py:9612: in goto
    self._sync(
.venv/lib/python3.12/site-packages/playwright/_impl/_page.py:557: in goto
    return await self._main_frame.goto(**locals_to_params(locals()))
           ^^^^^^^^^^^^^^^^^^^^^^^^^^^^^^^^^^^^^^^^^^^^^^^^^^^^^^^^^
.venv/lib/python3.12/site-packages/playwright/_impl/_frame.py:156: in goto
    await self._channel.send(
.venv/lib/python3.12/site-packages/playwright/_impl/_connection.py:69: in send
    return await self._connection.wrap_api_call(
_ _ _ _ _ _ _ _ _ _ _ _ _ _ _ _ _ _ _ _ _ _ _ _ _ _ _ _ _ _ _ _ _ _ _ _ _ _ _ _ 

self = <playwright._impl._connection.Connection object at 0x107d56960>
cb = <function Channel.send.<locals>.<lambda> at 0x1088d74c0>
is_internal = False, title = None

    async def wrap_api_call(
        self, cb: Callable[[], Any], is_internal: bool = False, title: str = None
    ) -> Any:
        if self._api_zone.get():
            return await cb()
        task = asyncio.current_task(self._loop)
        st: List[inspect.FrameInfo] = getattr(
            task, "__pw_stack__", None
        ) or inspect.stack(0)
    
        parsed_st = _extract_stack_trace_information_from_stack(st, is_internal, title)
        self._api_zone.set(parsed_st)
        try:
            return await cb()
        except Exception as error:
>           raise rewrite_error(error, f"{parsed_st['apiName']}: {error}") from None
E           playwright._impl._errors.Error: Page.goto: net::ERR_CONNECTION_REFUSED at http://localhost:3210/app/01M2116VWQRGDGFT62EBBW33CY/competitions/create
E           Call log:
E             - navigating to "http://localhost:3210/app/01M2116VWQRGDGFT62EBBW33CY/competitions/create", waiting until "load"

.venv/lib/python3.12/site-packages/playwright/_impl/_connection.py:559: Error
_ ERROR at setup of test_un_membre_simple_est_refuse_en_lecture[chromium-ranking] _

browser = <Browser type=<BrowserType name=chromium executable_path=/Users/bagouze/Library/Caches/ms-playwright/chromium-1223/chrome-mac-arm64/Google Chrome for Testing.app/Contents/MacOS/Google Chrome for Testing> version=148.0.7778.96>
space_id = '01M2116VWQRGDGFT62EBBW33CY'

    @pytest.fixture(scope="module")
    def onglet(browser, space_id):
>       ctx = build_full_competition(browser, space_id, num_teams=2, num_rounds=1)
              ^^^^^^^^^^^^^^^^^^^^^^^^^^^^^^^^^^^^^^^^^^^^^^^^^^^^^^^^^^^^^^^^^^^^

test_competition_admin_settings.py:59: 
_ _ _ _ _ _ _ _ _ _ _ _ _ _ _ _ _ _ _ _ _ _ _ _ _ _ _ _ _ _ _ _ _ _ _ _ _ _ _ _ 
competition_lifecycle.py:586: in build_full_competition
    competition = create_full_competition(
competition_lifecycle.py:114: in create_full_competition
    page.goto(competition_create_url, wait_until="load")
.venv/lib/python3.12/site-packages/playwright/sync_api/_generated.py:9612: in goto
    self._sync(
.venv/lib/python3.12/site-packages/playwright/_impl/_page.py:557: in goto
    return await self._main_frame.goto(**locals_to_params(locals()))
           ^^^^^^^^^^^^^^^^^^^^^^^^^^^^^^^^^^^^^^^^^^^^^^^^^^^^^^^^^
.venv/lib/python3.12/site-packages/playwright/_impl/_frame.py:156: in goto
    await self._channel.send(
.venv/lib/python3.12/site-packages/playwright/_impl/_connection.py:69: in send
    return await self._connection.wrap_api_call(
_ _ _ _ _ _ _ _ _ _ _ _ _ _ _ _ _ _ _ _ _ _ _ _ _ _ _ _ _ _ _ _ _ _ _ _ _ _ _ _ 

self = <playwright._impl._connection.Connection object at 0x107d56960>
cb = <function Channel.send.<locals>.<lambda> at 0x1088d51c0>
is_internal = False, title = None

    async def wrap_api_call(
        self, cb: Callable[[], Any], is_internal: bool = False, title: str = None
    ) -> Any:
        if self._api_zone.get():
            return await cb()
        task = asyncio.current_task(self._loop)
        st: List[inspect.FrameInfo] = getattr(
            task, "__pw_stack__", None
        ) or inspect.stack(0)
    
        parsed_st = _extract_stack_trace_information_from_stack(st, is_internal, title)
        self._api_zone.set(parsed_st)
        try:
            return await cb()
        except Exception as error:
>           raise rewrite_error(error, f"{parsed_st['apiName']}: {error}") from None
E           playwright._impl._errors.Error: Page.goto: net::ERR_CONNECTION_REFUSED at http://localhost:3210/app/01M2116VWQRGDGFT62EBBW33CY/competitions/create
E           Call log:
E             - navigating to "http://localhost:3210/app/01M2116VWQRGDGFT62EBBW33CY/competitions/create", waiting until "load"

.venv/lib/python3.12/site-packages/playwright/_impl/_connection.py:559: Error
_ ERROR at setup of test_un_membre_simple_est_refuse_en_ecriture[chromium-pools] _

browser = <Browser type=<BrowserType name=chromium executable_path=/Users/bagouze/Library/Caches/ms-playwright/chromium-1223/chrome-mac-arm64/Google Chrome for Testing.app/Contents/MacOS/Google Chrome for Testing> version=148.0.7778.96>
space_id = '01M2116VWQRGDGFT62EBBW33CY'

    @pytest.fixture(scope="module")
    def onglet(browser, space_id):
>       ctx = build_full_competition(browser, space_id, num_teams=2, num_rounds=1)
              ^^^^^^^^^^^^^^^^^^^^^^^^^^^^^^^^^^^^^^^^^^^^^^^^^^^^^^^^^^^^^^^^^^^^

test_competition_admin_settings.py:59: 
_ _ _ _ _ _ _ _ _ _ _ _ _ _ _ _ _ _ _ _ _ _ _ _ _ _ _ _ _ _ _ _ _ _ _ _ _ _ _ _ 
competition_lifecycle.py:586: in build_full_competition
    competition = create_full_competition(
competition_lifecycle.py:114: in create_full_competition
    page.goto(competition_create_url, wait_until="load")
.venv/lib/python3.12/site-packages/playwright/sync_api/_generated.py:9612: in goto
    self._sync(
.venv/lib/python3.12/site-packages/playwright/_impl/_page.py:557: in goto
    return await self._main_frame.goto(**locals_to_params(locals()))
           ^^^^^^^^^^^^^^^^^^^^^^^^^^^^^^^^^^^^^^^^^^^^^^^^^^^^^^^^^
.venv/lib/python3.12/site-packages/playwright/_impl/_frame.py:156: in goto
    await self._channel.send(
.venv/lib/python3.12/site-packages/playwright/_impl/_connection.py:69: in send
    return await self._connection.wrap_api_call(
_ _ _ _ _ _ _ _ _ _ _ _ _ _ _ _ _ _ _ _ _ _ _ _ _ _ _ _ _ _ _ _ _ _ _ _ _ _ _ _ 

self = <playwright._impl._connection.Connection object at 0x107d56960>
cb = <function Channel.send.<locals>.<lambda> at 0x1088d51c0>
is_internal = False, title = None

    async def wrap_api_call(
        self, cb: Callable[[], Any], is_internal: bool = False, title: str = None
    ) -> Any:
        if self._api_zone.get():
            return await cb()
        task = asyncio.current_task(self._loop)
        st: List[inspect.FrameInfo] = getattr(
            task, "__pw_stack__", None
        ) or inspect.stack(0)
    
        parsed_st = _extract_stack_trace_information_from_stack(st, is_internal, title)
        self._api_zone.set(parsed_st)
        try:
            return await cb()
        except Exception as error:
>           raise rewrite_error(error, f"{parsed_st['apiName']}: {error}") from None
E           playwright._impl._errors.Error: Page.goto: net::ERR_CONNECTION_REFUSED at http://localhost:3210/app/01M2116VWQRGDGFT62EBBW33CY/competitions/create
E           Call log:
E             - navigating to "http://localhost:3210/app/01M2116VWQRGDGFT62EBBW33CY/competitions/create", waiting until "load"

.venv/lib/python3.12/site-packages/playwright/_impl/_connection.py:559: Error
_ ERROR at setup of test_aucun_panneau_ne_fait_regresser_la_saison[chromium-pools] _

browser = <Browser type=<BrowserType name=chromium executable_path=/Users/bagouze/Library/Caches/ms-playwright/chromium-1223/chrome-mac-arm64/Google Chrome for Testing.app/Contents/MacOS/Google Chrome for Testing> version=148.0.7778.96>
space_id = '01M2116VWQRGDGFT62EBBW33CY'

    @pytest.fixture(scope="module")
    def onglet(browser, space_id):
>       ctx = build_full_competition(browser, space_id, num_teams=2, num_rounds=1)
              ^^^^^^^^^^^^^^^^^^^^^^^^^^^^^^^^^^^^^^^^^^^^^^^^^^^^^^^^^^^^^^^^^^^^

test_competition_admin_settings.py:59: 
_ _ _ _ _ _ _ _ _ _ _ _ _ _ _ _ _ _ _ _ _ _ _ _ _ _ _ _ _ _ _ _ _ _ _ _ _ _ _ _ 
competition_lifecycle.py:586: in build_full_competition
    competition = create_full_competition(
competition_lifecycle.py:114: in create_full_competition
    page.goto(competition_create_url, wait_until="load")
.venv/lib/python3.12/site-packages/playwright/sync_api/_generated.py:9612: in goto
    self._sync(
.venv/lib/python3.12/site-packages/playwright/_impl/_page.py:557: in goto
    return await self._main_frame.goto(**locals_to_params(locals()))
           ^^^^^^^^^^^^^^^^^^^^^^^^^^^^^^^^^^^^^^^^^^^^^^^^^^^^^^^^^
.venv/lib/python3.12/site-packages/playwright/_impl/_frame.py:156: in goto
    await self._channel.send(
.venv/lib/python3.12/site-packages/playwright/_impl/_connection.py:69: in send
    return await self._connection.wrap_api_call(
_ _ _ _ _ _ _ _ _ _ _ _ _ _ _ _ _ _ _ _ _ _ _ _ _ _ _ _ _ _ _ _ _ _ _ _ _ _ _ _ 

self = <playwright._impl._connection.Connection object at 0x107d56960>
cb = <function Channel.send.<locals>.<lambda> at 0x1088d51c0>
is_internal = False, title = None

    async def wrap_api_call(
        self, cb: Callable[[], Any], is_internal: bool = False, title: str = None
    ) -> Any:
        if self._api_zone.get():
            return await cb()
        task = asyncio.current_task(self._loop)
        st: List[inspect.FrameInfo] = getattr(
            task, "__pw_stack__", None
        ) or inspect.stack(0)
    
        parsed_st = _extract_stack_trace_information_from_stack(st, is_internal, title)
        self._api_zone.set(parsed_st)
        try:
            return await cb()
        except Exception as error:
>           raise rewrite_error(error, f"{parsed_st['apiName']}: {error}") from None
E           playwright._impl._errors.Error: Page.goto: net::ERR_CONNECTION_REFUSED at http://localhost:3210/app/01M2116VWQRGDGFT62EBBW33CY/competitions/create
E           Call log:
E             - navigating to "http://localhost:3210/app/01M2116VWQRGDGFT62EBBW33CY/competitions/create", waiting until "load"

.venv/lib/python3.12/site-packages/playwright/_impl/_connection.py:559: Error
_ ERROR at setup of test_un_membre_simple_est_refuse_sur_l_onglet_et_ses_fragments[chromium-/panel] _

browser = <Browser type=<BrowserType name=chromium executable_path=/Users/bagouze/Library/Caches/ms-playwright/chromium-1223/chrome-mac-arm64/Google Chrome for Testing.app/Contents/MacOS/Google Chrome for Testing> version=148.0.7778.96>
space_id = '01M2116VWQRGDGFT62EBBW33CY'

    @pytest.fixture(scope="module")
    def competition(browser, space_id):
        """Une compétition finalisée, avec son calendrier — mais **sans appariements**.
    
        `with_pairings` reste à son défaut : la carte 508 a montré qu'un test qui
        n'en a pas besoin ne doit pas en créer, le tirage étant aléatoire (R17) et
        l'orientation des rapports en découlant.
        """
        # Quatre équipes et trois journées : le minimum pour que la barre latérale ait
        # de quoi lister sans allonger la construction de la fixture.
>       return build_full_competition(browser, space_id, 4, 3)
               ^^^^^^^^^^^^^^^^^^^^^^^^^^^^^^^^^^^^^^^^^^^^^^^

test_presences_tab.py:38: 
_ _ _ _ _ _ _ _ _ _ _ _ _ _ _ _ _ _ _ _ _ _ _ _ _ _ _ _ _ _ _ _ _ _ _ _ _ _ _ _ 
competition_lifecycle.py:586: in build_full_competition
    competition = create_full_competition(
competition_lifecycle.py:114: in create_full_competition
    page.goto(competition_create_url, wait_until="load")
.venv/lib/python3.12/site-packages/playwright/sync_api/_generated.py:9612: in goto
    self._sync(
.venv/lib/python3.12/site-packages/playwright/_impl/_page.py:557: in goto
    return await self._main_frame.goto(**locals_to_params(locals()))
           ^^^^^^^^^^^^^^^^^^^^^^^^^^^^^^^^^^^^^^^^^^^^^^^^^^^^^^^^^
.venv/lib/python3.12/site-packages/playwright/_impl/_frame.py:156: in goto
    await self._channel.send(
.venv/lib/python3.12/site-packages/playwright/_impl/_connection.py:69: in send
    return await self._connection.wrap_api_call(
_ _ _ _ _ _ _ _ _ _ _ _ _ _ _ _ _ _ _ _ _ _ _ _ _ _ _ _ _ _ _ _ _ _ _ _ _ _ _ _ 

self = <playwright._impl._connection.Connection object at 0x107d56960>
cb = <function Channel.send.<locals>.<lambda> at 0x108a45a80>
is_internal = False, title = None

    async def wrap_api_call(
        self, cb: Callable[[], Any], is_internal: bool = False, title: str = None
    ) -> Any:
        if self._api_zone.get():
            return await cb()
        task = asyncio.current_task(self._loop)
        st: List[inspect.FrameInfo] = getattr(
            task, "__pw_stack__", None
        ) or inspect.stack(0)
    
        parsed_st = _extract_stack_trace_information_from_stack(st, is_internal, title)
        self._api_zone.set(parsed_st)
        try:
            return await cb()
        except Exception as error:
>           raise rewrite_error(error, f"{parsed_st['apiName']}: {error}") from None
E           playwright._impl._errors.Error: Page.goto: net::ERR_CONNECTION_REFUSED at http://localhost:3210/app/01M2116VWQRGDGFT62EBBW33CY/competitions/create
E           Call log:
E             - navigating to "http://localhost:3210/app/01M2116VWQRGDGFT62EBBW33CY/competitions/create", waiting until "load"

.venv/lib/python3.12/site-packages/playwright/_impl/_connection.py:559: Error
_ ERROR at setup of test_un_membre_simple_est_refuse_en_lecture[chromium-pools] _

browser = <Browser type=<BrowserType name=chromium executable_path=/Users/bagouze/Library/Caches/ms-playwright/chromium-1223/chrome-mac-arm64/Google Chrome for Testing.app/Contents/MacOS/Google Chrome for Testing> version=148.0.7778.96>
space_id = '01M2116VWQRGDGFT62EBBW33CY'

    @pytest.fixture(scope="module")
    def onglet(browser, space_id):
>       ctx = build_full_competition(browser, space_id, num_teams=2, num_rounds=1)
              ^^^^^^^^^^^^^^^^^^^^^^^^^^^^^^^^^^^^^^^^^^^^^^^^^^^^^^^^^^^^^^^^^^^^

test_competition_admin_settings.py:59: 
_ _ _ _ _ _ _ _ _ _ _ _ _ _ _ _ _ _ _ _ _ _ _ _ _ _ _ _ _ _ _ _ _ _ _ _ _ _ _ _ 
competition_lifecycle.py:586: in build_full_competition
    competition = create_full_competition(
competition_lifecycle.py:114: in create_full_competition
    page.goto(competition_create_url, wait_until="load")
.venv/lib/python3.12/site-packages/playwright/sync_api/_generated.py:9612: in goto
    self._sync(
.venv/lib/python3.12/site-packages/playwright/_impl/_page.py:557: in goto
    return await self._main_frame.goto(**locals_to_params(locals()))
           ^^^^^^^^^^^^^^^^^^^^^^^^^^^^^^^^^^^^^^^^^^^^^^^^^^^^^^^^^
.venv/lib/python3.12/site-packages/playwright/_impl/_frame.py:156: in goto
    await self._channel.send(
.venv/lib/python3.12/site-packages/playwright/_impl/_connection.py:69: in send
    return await self._connection.wrap_api_call(
_ _ _ _ _ _ _ _ _ _ _ _ _ _ _ _ _ _ _ _ _ _ _ _ _ _ _ _ _ _ _ _ _ _ _ _ _ _ _ _ 

self = <playwright._impl._connection.Connection object at 0x107d56960>
cb = <function Channel.send.<locals>.<lambda> at 0x108a47f60>
is_internal = False, title = None

    async def wrap_api_call(
        self, cb: Callable[[], Any], is_internal: bool = False, title: str = None
    ) -> Any:
        if self._api_zone.get():
            return await cb()
        task = asyncio.current_task(self._loop)
        st: List[inspect.FrameInfo] = getattr(
            task, "__pw_stack__", None
        ) or inspect.stack(0)
    
        parsed_st = _extract_stack_trace_information_from_stack(st, is_internal, title)
        self._api_zone.set(parsed_st)
        try:
            return await cb()
        except Exception as error:
>           raise rewrite_error(error, f"{parsed_st['apiName']}: {error}") from None
E           playwright._impl._errors.Error: Page.goto: net::ERR_CONNECTION_REFUSED at http://localhost:3210/app/01M2116VWQRGDGFT62EBBW33CY/competitions/create
E           Call log:
E             - navigating to "http://localhost:3210/app/01M2116VWQRGDGFT62EBBW33CY/competitions/create", waiting until "load"

.venv/lib/python3.12/site-packages/playwright/_impl/_connection.py:559: Error
_ ERROR at setup of test_un_membre_simple_est_refuse_en_ecriture[chromium-tiers] _

browser = <Browser type=<BrowserType name=chromium executable_path=/Users/bagouze/Library/Caches/ms-playwright/chromium-1223/chrome-mac-arm64/Google Chrome for Testing.app/Contents/MacOS/Google Chrome for Testing> version=148.0.7778.96>
space_id = '01M2116VWQRGDGFT62EBBW33CY'

    @pytest.fixture(scope="module")
    def onglet(browser, space_id):
>       ctx = build_full_competition(browser, space_id, num_teams=2, num_rounds=1)
              ^^^^^^^^^^^^^^^^^^^^^^^^^^^^^^^^^^^^^^^^^^^^^^^^^^^^^^^^^^^^^^^^^^^^

test_competition_admin_settings.py:59: 
_ _ _ _ _ _ _ _ _ _ _ _ _ _ _ _ _ _ _ _ _ _ _ _ _ _ _ _ _ _ _ _ _ _ _ _ _ _ _ _ 
competition_lifecycle.py:586: in build_full_competition
    competition = create_full_competition(
competition_lifecycle.py:114: in create_full_competition
    page.goto(competition_create_url, wait_until="load")
.venv/lib/python3.12/site-packages/playwright/sync_api/_generated.py:9612: in goto
    self._sync(
.venv/lib/python3.12/site-packages/playwright/_impl/_page.py:557: in goto
    return await self._main_frame.goto(**locals_to_params(locals()))
           ^^^^^^^^^^^^^^^^^^^^^^^^^^^^^^^^^^^^^^^^^^^^^^^^^^^^^^^^^
.venv/lib/python3.12/site-packages/playwright/_impl/_frame.py:156: in goto
    await self._channel.send(
.venv/lib/python3.12/site-packages/playwright/_impl/_connection.py:69: in send
    return await self._connection.wrap_api_call(
_ _ _ _ _ _ _ _ _ _ _ _ _ _ _ _ _ _ _ _ _ _ _ _ _ _ _ _ _ _ _ _ _ _ _ _ _ _ _ _ 

self = <playwright._impl._connection.Connection object at 0x107d56960>
cb = <function Channel.send.<locals>.<lambda> at 0x108a47f60>
is_internal = False, title = None

    async def wrap_api_call(
        self, cb: Callable[[], Any], is_internal: bool = False, title: str = None
    ) -> Any:
        if self._api_zone.get():
            return await cb()
        task = asyncio.current_task(self._loop)
        st: List[inspect.FrameInfo] = getattr(
            task, "__pw_stack__", None
        ) or inspect.stack(0)
    
        parsed_st = _extract_stack_trace_information_from_stack(st, is_internal, title)
        self._api_zone.set(parsed_st)
        try:
            return await cb()
        except Exception as error:
>           raise rewrite_error(error, f"{parsed_st['apiName']}: {error}") from None
E           playwright._impl._errors.Error: Page.goto: net::ERR_CONNECTION_REFUSED at http://localhost:3210/app/01M2116VWQRGDGFT62EBBW33CY/competitions/create
E           Call log:
E             - navigating to "http://localhost:3210/app/01M2116VWQRGDGFT62EBBW33CY/competitions/create", waiting until "load"

.venv/lib/python3.12/site-packages/playwright/_impl/_connection.py:559: Error
_ ERROR at setup of test_aucun_panneau_ne_fait_regresser_la_saison[chromium-tiers] _

browser = <Browser type=<BrowserType name=chromium executable_path=/Users/bagouze/Library/Caches/ms-playwright/chromium-1223/chrome-mac-arm64/Google Chrome for Testing.app/Contents/MacOS/Google Chrome for Testing> version=148.0.7778.96>
space_id = '01M2116VWQRGDGFT62EBBW33CY'

    @pytest.fixture(scope="module")
    def onglet(browser, space_id):
>       ctx = build_full_competition(browser, space_id, num_teams=2, num_rounds=1)
              ^^^^^^^^^^^^^^^^^^^^^^^^^^^^^^^^^^^^^^^^^^^^^^^^^^^^^^^^^^^^^^^^^^^^

test_competition_admin_settings.py:59: 
_ _ _ _ _ _ _ _ _ _ _ _ _ _ _ _ _ _ _ _ _ _ _ _ _ _ _ _ _ _ _ _ _ _ _ _ _ _ _ _ 
competition_lifecycle.py:586: in build_full_competition
    competition = create_full_competition(
competition_lifecycle.py:114: in create_full_competition
    page.goto(competition_create_url, wait_until="load")
.venv/lib/python3.12/site-packages/playwright/sync_api/_generated.py:9612: in goto
    self._sync(
.venv/lib/python3.12/site-packages/playwright/_impl/_page.py:557: in goto
    return await self._main_frame.goto(**locals_to_params(locals()))
           ^^^^^^^^^^^^^^^^^^^^^^^^^^^^^^^^^^^^^^^^^^^^^^^^^^^^^^^^^
.venv/lib/python3.12/site-packages/playwright/_impl/_frame.py:156: in goto
    await self._channel.send(
.venv/lib/python3.12/site-packages/playwright/_impl/_connection.py:69: in send
    return await self._connection.wrap_api_call(
_ _ _ _ _ _ _ _ _ _ _ _ _ _ _ _ _ _ _ _ _ _ _ _ _ _ _ _ _ _ _ _ _ _ _ _ _ _ _ _ 

self = <playwright._impl._connection.Connection object at 0x107d56960>
cb = <function Channel.send.<locals>.<lambda> at 0x108a47f60>
is_internal = False, title = None

    async def wrap_api_call(
        self, cb: Callable[[], Any], is_internal: bool = False, title: str = None
    ) -> Any:
        if self._api_zone.get():
            return await cb()
        task = asyncio.current_task(self._loop)
        st: List[inspect.FrameInfo] = getattr(
            task, "__pw_stack__", None
        ) or inspect.stack(0)
    
        parsed_st = _extract_stack_trace_information_from_stack(st, is_internal, title)
        self._api_zone.set(parsed_st)
        try:
            return await cb()
        except Exception as error:
>           raise rewrite_error(error, f"{parsed_st['apiName']}: {error}") from None
E           playwright._impl._errors.Error: Page.goto: net::ERR_CONNECTION_REFUSED at http://localhost:3210/app/01M2116VWQRGDGFT62EBBW33CY/competitions/create
E           Call log:
E             - navigating to "http://localhost:3210/app/01M2116VWQRGDGFT62EBBW33CY/competitions/create", waiting until "load"

.venv/lib/python3.12/site-packages/playwright/_impl/_connection.py:559: Error
_ ERROR at setup of test_un_membre_simple_est_refuse_en_lecture[chromium-tiers] _

browser = <Browser type=<BrowserType name=chromium executable_path=/Users/bagouze/Library/Caches/ms-playwright/chromium-1223/chrome-mac-arm64/Google Chrome for Testing.app/Contents/MacOS/Google Chrome for Testing> version=148.0.7778.96>
space_id = '01M2116VWQRGDGFT62EBBW33CY'

    @pytest.fixture(scope="module")
    def onglet(browser, space_id):
>       ctx = build_full_competition(browser, space_id, num_teams=2, num_rounds=1)
              ^^^^^^^^^^^^^^^^^^^^^^^^^^^^^^^^^^^^^^^^^^^^^^^^^^^^^^^^^^^^^^^^^^^^

test_competition_admin_settings.py:59: 
_ _ _ _ _ _ _ _ _ _ _ _ _ _ _ _ _ _ _ _ _ _ _ _ _ _ _ _ _ _ _ _ _ _ _ _ _ _ _ _ 
competition_lifecycle.py:586: in build_full_competition
    competition = create_full_competition(
competition_lifecycle.py:114: in create_full_competition
    page.goto(competition_create_url, wait_until="load")
.venv/lib/python3.12/site-packages/playwright/sync_api/_generated.py:9612: in goto
    self._sync(
.venv/lib/python3.12/site-packages/playwright/_impl/_page.py:557: in goto
    return await self._main_frame.goto(**locals_to_params(locals()))
           ^^^^^^^^^^^^^^^^^^^^^^^^^^^^^^^^^^^^^^^^^^^^^^^^^^^^^^^^^
.venv/lib/python3.12/site-packages/playwright/_impl/_frame.py:156: in goto
    await self._channel.send(
.venv/lib/python3.12/site-packages/playwright/_impl/_connection.py:69: in send
    return await self._connection.wrap_api_call(
_ _ _ _ _ _ _ _ _ _ _ _ _ _ _ _ _ _ _ _ _ _ _ _ _ _ _ _ _ _ _ _ _ _ _ _ _ _ _ _ 

self = <playwright._impl._connection.Connection object at 0x107d56960>
cb = <function Channel.send.<locals>.<lambda> at 0x108a47f60>
is_internal = False, title = None

    async def wrap_api_call(
        self, cb: Callable[[], Any], is_internal: bool = False, title: str = None
    ) -> Any:
        if self._api_zone.get():
            return await cb()
        task = asyncio.current_task(self._loop)
        st: List[inspect.FrameInfo] = getattr(
            task, "__pw_stack__", None
        ) or inspect.stack(0)
    
        parsed_st = _extract_stack_trace_information_from_stack(st, is_internal, title)
        self._api_zone.set(parsed_st)
        try:
            return await cb()
        except Exception as error:
>           raise rewrite_error(error, f"{parsed_st['apiName']}: {error}") from None
E           playwright._impl._errors.Error: Page.goto: net::ERR_CONNECTION_REFUSED at http://localhost:3210/app/01M2116VWQRGDGFT62EBBW33CY/competitions/create
E           Call log:
E             - navigating to "http://localhost:3210/app/01M2116VWQRGDGFT62EBBW33CY/competitions/create", waiting until "load"

.venv/lib/python3.12/site-packages/playwright/_impl/_connection.py:559: Error
_ ERROR at setup of test_un_membre_simple_est_refuse_en_ecriture[chromium-visibility] _

browser = <Browser type=<BrowserType name=chromium executable_path=/Users/bagouze/Library/Caches/ms-playwright/chromium-1223/chrome-mac-arm64/Google Chrome for Testing.app/Contents/MacOS/Google Chrome for Testing> version=148.0.7778.96>
space_id = '01M2116VWQRGDGFT62EBBW33CY'

    @pytest.fixture(scope="module")
    def onglet(browser, space_id):
>       ctx = build_full_competition(browser, space_id, num_teams=2, num_rounds=1)
              ^^^^^^^^^^^^^^^^^^^^^^^^^^^^^^^^^^^^^^^^^^^^^^^^^^^^^^^^^^^^^^^^^^^^

test_competition_admin_settings.py:59: 
_ _ _ _ _ _ _ _ _ _ _ _ _ _ _ _ _ _ _ _ _ _ _ _ _ _ _ _ _ _ _ _ _ _ _ _ _ _ _ _ 
competition_lifecycle.py:586: in build_full_competition
    competition = create_full_competition(
competition_lifecycle.py:114: in create_full_competition
    page.goto(competition_create_url, wait_until="load")
.venv/lib/python3.12/site-packages/playwright/sync_api/_generated.py:9612: in goto
    self._sync(
.venv/lib/python3.12/site-packages/playwright/_impl/_page.py:557: in goto
    return await self._main_frame.goto(**locals_to_params(locals()))
           ^^^^^^^^^^^^^^^^^^^^^^^^^^^^^^^^^^^^^^^^^^^^^^^^^^^^^^^^^
.venv/lib/python3.12/site-packages/playwright/_impl/_frame.py:156: in goto
    await self._channel.send(
.venv/lib/python3.12/site-packages/playwright/_impl/_connection.py:69: in send
    return await self._connection.wrap_api_call(
_ _ _ _ _ _ _ _ _ _ _ _ _ _ _ _ _ _ _ _ _ _ _ _ _ _ _ _ _ _ _ _ _ _ _ _ _ _ _ _ 

self = <playwright._impl._connection.Connection object at 0x107d56960>
cb = <function Channel.send.<locals>.<lambda> at 0x108a47f60>
is_internal = False, title = None

    async def wrap_api_call(
        self, cb: Callable[[], Any], is_internal: bool = False, title: str = None
    ) -> Any:
        if self._api_zone.get():
            return await cb()
        task = asyncio.current_task(self._loop)
        st: List[inspect.FrameInfo] = getattr(
            task, "__pw_stack__", None
        ) or inspect.stack(0)
    
        parsed_st = _extract_stack_trace_information_from_stack(st, is_internal, title)
        self._api_zone.set(parsed_st)
        try:
            return await cb()
        except Exception as error:
>           raise rewrite_error(error, f"{parsed_st['apiName']}: {error}") from None
E           playwright._impl._errors.Error: Page.goto: net::ERR_CONNECTION_REFUSED at http://localhost:3210/app/01M2116VWQRGDGFT62EBBW33CY/competitions/create
E           Call log:
E             - navigating to "http://localhost:3210/app/01M2116VWQRGDGFT62EBBW33CY/competitions/create", waiting until "load"

.venv/lib/python3.12/site-packages/playwright/_impl/_connection.py:559: Error
_ ERROR at setup of test_aucun_panneau_ne_fait_regresser_la_saison[chromium-visibility] _

browser = <Browser type=<BrowserType name=chromium executable_path=/Users/bagouze/Library/Caches/ms-playwright/chromium-1223/chrome-mac-arm64/Google Chrome for Testing.app/Contents/MacOS/Google Chrome for Testing> version=148.0.7778.96>
space_id = '01M2116VWQRGDGFT62EBBW33CY'

    @pytest.fixture(scope="module")
    def onglet(browser, space_id):
>       ctx = build_full_competition(browser, space_id, num_teams=2, num_rounds=1)
              ^^^^^^^^^^^^^^^^^^^^^^^^^^^^^^^^^^^^^^^^^^^^^^^^^^^^^^^^^^^^^^^^^^^^

test_competition_admin_settings.py:59: 
_ _ _ _ _ _ _ _ _ _ _ _ _ _ _ _ _ _ _ _ _ _ _ _ _ _ _ _ _ _ _ _ _ _ _ _ _ _ _ _ 
competition_lifecycle.py:586: in build_full_competition
    competition = create_full_competition(
competition_lifecycle.py:114: in create_full_competition
    page.goto(competition_create_url, wait_until="load")
.venv/lib/python3.12/site-packages/playwright/sync_api/_generated.py:9612: in goto
    self._sync(
.venv/lib/python3.12/site-packages/playwright/_impl/_page.py:557: in goto
    return await self._main_frame.goto(**locals_to_params(locals()))
           ^^^^^^^^^^^^^^^^^^^^^^^^^^^^^^^^^^^^^^^^^^^^^^^^^^^^^^^^^
.venv/lib/python3.12/site-packages/playwright/_impl/_frame.py:156: in goto
    await self._channel.send(
.venv/lib/python3.12/site-packages/playwright/_impl/_connection.py:69: in send
    return await self._connection.wrap_api_call(
_ _ _ _ _ _ _ _ _ _ _ _ _ _ _ _ _ _ _ _ _ _ _ _ _ _ _ _ _ _ _ _ _ _ _ _ _ _ _ _ 

self = <playwright._impl._connection.Connection object at 0x107d56960>
cb = <function Channel.send.<locals>.<lambda> at 0x108a47f60>
is_internal = False, title = None

    async def wrap_api_call(
        self, cb: Callable[[], Any], is_internal: bool = False, title: str = None
    ) -> Any:
        if self._api_zone.get():
            return await cb()
        task = asyncio.current_task(self._loop)
        st: List[inspect.FrameInfo] = getattr(
            task, "__pw_stack__", None
        ) or inspect.stack(0)
    
        parsed_st = _extract_stack_trace_information_from_stack(st, is_internal, title)
        self._api_zone.set(parsed_st)
        try:
            return await cb()
        except Exception as error:
>           raise rewrite_error(error, f"{parsed_st['apiName']}: {error}") from None
E           playwright._impl._errors.Error: Page.goto: net::ERR_CONNECTION_REFUSED at http://localhost:3210/app/01M2116VWQRGDGFT62EBBW33CY/competitions/create
E           Call log:
E             - navigating to "http://localhost:3210/app/01M2116VWQRGDGFT62EBBW33CY/competitions/create", waiting until "load"

.venv/lib/python3.12/site-packages/playwright/_impl/_connection.py:559: Error
_ ERROR at setup of test_un_membre_simple_est_refuse_en_lecture[chromium-visibility] _

browser = <Browser type=<BrowserType name=chromium executable_path=/Users/bagouze/Library/Caches/ms-playwright/chromium-1223/chrome-mac-arm64/Google Chrome for Testing.app/Contents/MacOS/Google Chrome for Testing> version=148.0.7778.96>
space_id = '01M2116VWQRGDGFT62EBBW33CY'

    @pytest.fixture(scope="module")
    def onglet(browser, space_id):
>       ctx = build_full_competition(browser, space_id, num_teams=2, num_rounds=1)
              ^^^^^^^^^^^^^^^^^^^^^^^^^^^^^^^^^^^^^^^^^^^^^^^^^^^^^^^^^^^^^^^^^^^^

test_competition_admin_settings.py:59: 
_ _ _ _ _ _ _ _ _ _ _ _ _ _ _ _ _ _ _ _ _ _ _ _ _ _ _ _ _ _ _ _ _ _ _ _ _ _ _ _ 
competition_lifecycle.py:586: in build_full_competition
    competition = create_full_competition(
competition_lifecycle.py:114: in create_full_competition
    page.goto(competition_create_url, wait_until="load")
.venv/lib/python3.12/site-packages/playwright/sync_api/_generated.py:9612: in goto
    self._sync(
.venv/lib/python3.12/site-packages/playwright/_impl/_page.py:557: in goto
    return await self._main_frame.goto(**locals_to_params(locals()))
           ^^^^^^^^^^^^^^^^^^^^^^^^^^^^^^^^^^^^^^^^^^^^^^^^^^^^^^^^^
.venv/lib/python3.12/site-packages/playwright/_impl/_frame.py:156: in goto
    await self._channel.send(
.venv/lib/python3.12/site-packages/playwright/_impl/_connection.py:69: in send
    return await self._connection.wrap_api_call(
_ _ _ _ _ _ _ _ _ _ _ _ _ _ _ _ _ _ _ _ _ _ _ _ _ _ _ _ _ _ _ _ _ _ _ _ _ _ _ _ 

self = <playwright._impl._connection.Connection object at 0x107d56960>
cb = <function Channel.send.<locals>.<lambda> at 0x108a47f60>
is_internal = False, title = None

    async def wrap_api_call(
        self, cb: Callable[[], Any], is_internal: bool = False, title: str = None
    ) -> Any:
        if self._api_zone.get():
            return await cb()
        task = asyncio.current_task(self._loop)
        st: List[inspect.FrameInfo] = getattr(
            task, "__pw_stack__", None
        ) or inspect.stack(0)
    
        parsed_st = _extract_stack_trace_information_from_stack(st, is_internal, title)
        self._api_zone.set(parsed_st)
        try:
            return await cb()
        except Exception as error:
>           raise rewrite_error(error, f"{parsed_st['apiName']}: {error}") from None
E           playwright._impl._errors.Error: Page.goto: net::ERR_CONNECTION_REFUSED at http://localhost:3210/app/01M2116VWQRGDGFT62EBBW33CY/competitions/create
E           Call log:
E             - navigating to "http://localhost:3210/app/01M2116VWQRGDGFT62EBBW33CY/competitions/create", waiting until "load"

.venv/lib/python3.12/site-packages/playwright/_impl/_connection.py:559: Error
=================================== FAILURES ===================================
__ test_une_competence_elite_ajoute_dix_kpo_de_plus_qu_une_standard[chromium] __

page = <Page url='http://localhost:3210/app/01M2116VWQRGDGFT62EBBW33CY/players/01M25PHY1X10X6R3SV028EP0Q0/detail'>
space_id = '01M2116VWQRGDGFT62EBBW33CY'
spp_ctx = {'teams': ['01M25PHY0YE9GBW84N6DV1F4SH', '01M25PHY36P2EDV76QPHSPEP0G', '01M25PHY5GXDZJE91W9EXEHEAC'], 'home_team_id': ...E9GBW84N6DV1F4SH', 'rich_player_id': '01M25PHY19FQBPBHFQX5FGJW1Q', 'poor_player_id': '01M25PHY1EDG3VKCKRQMHT99F1', ...}

    def test_une_competence_elite_ajoute_dix_kpo_de_plus_qu_une_standard(page: Page, space_id, spp_ctx):
        """Carte 387 — le barème passe à 30 kPo pour une Élite en accès primaire,
        contre 20 pour une Standard.
    
        L'assertion porte sur la valeur du joueur **lue à l'écran** après l'achat :
        c'est le seul niveau où l'on constate que le barème du corpus a traversé le
        port, le service de coût, l'événement et la projection.
        """
        player_id = spp_ctx["elite_player_id"]
        page.goto(f"{BASE_URL}/app/{space_id}/players/{player_id}/detail", wait_until="load")
    
        valeur = page.locator(".meta-item", has_text="Valeur actuelle").locator(".meta-value")
        avant = int(valeur.inner_text().replace("kPo", "").strip())
    
>       _activate_spp_spending(page)

test_player_spp_spending.py:378: 
_ _ _ _ _ _ _ _ _ _ _ _ _ _ _ _ _ _ _ _ _ _ _ _ _ _ _ _ _ _ _ _ _ _ _ _ _ _ _ _ 

page = <Page url='http://localhost:3210/app/01M2116VWQRGDGFT62EBBW33CY/players/01M25PHY1X10X6R3SV028EP0Q0/detail'>

    def _activate_spp_spending(page: Page) -> None:
        """Le panneau droit charge le journal par défaut — il faut cliquer sur
        "Activer la dépense de SPP" pour basculer vers le panneau de dépense.
    
        `#pd-right-panel` est monté par un `hx-trigger="load"` : le bouton n'existe
        qu'une fois ce fragment inséré, et il est **inerte** le temps qu'htmx le
        câble — cf. `htmx_helpers`. Un clic tombé dans cette fenêtre se perd sans
        émettre de requête, et l'échec tombe dix secondes plus tard sur un symptôme
        muet."""
        cliquer_quand_cable(page, ".btn-toggle-spp")
>       expect(page.locator(".tabs")).to_be_visible(timeout=10000)
E       AssertionError: Locator expected to be visible
E       Actual value: - img "E2E MyTeams Vide 1789045187925822000"
E       - img "Espace E2E"
E       - text: + 🔍
E       - img "Logo"
E       - text: Espace E2E
E       - link "Déconnexion":
E         - /url: /auth/logout
E       - text: "👤 Les Compétitions Saisir un Match Créer une équipe Mes équipes ⚙️ Espace ← Team HTTP Granitiers 1789045307419333000 5 Piétaille des Carrières #5 Piétaille des Carrières Trois-quart, Nain Valeur actuelle 50 kPo Matchs joués 1 5 MV 3 FO 4+ AG 5+ PA 10+ AR SPP dépensés / gagnés 0 / 8 SPP Gagnés sur 1 matchs 8 SPP en réserve"
E       - button "✏️ Customiser"
E       - text: Résumé de carrière 🏈 4 Touchdowns 🎯 0 Passes 🛡️ 0 Intercept. 🩸 0 Sorties ⭐ 0 MVP 💰 8 SPP total Historique de matchs 1 matchs J1 Victoire Team HTTP Zéphyriens 1789045307491971000 18 – 0 🏈 Touchdown +2 SPP 🏈 Touchdown +2 SPP 🏈 Touchdown +2 SPP 🏈 Touchdown +2 SPP +8 SPP Journal des évolutions 8 SPP en réserve
E       - button "▶ Activer la dépense de SPP"
E       - text: Aucune évolution enregistrée pour l'instant.
E       Error: element(s) not found 
E       Call log:
E         - Expect "to_be_visible" with timeout 10000ms
E         - waiting for locator(".tabs")

test_player_spp_spending.py:143: AssertionError
_____ test_la_colonne_spp_de_la_liste_est_le_solde_pas_le_cumul[chromium] ______

page = <Page url='about:blank'>, space_id = '01M2116VWQRGDGFT62EBBW33CY'
spp_ctx = {'teams': ['01M25PHY0YE9GBW84N6DV1F4SH', '01M25PHY36P2EDV76QPHSPEP0G', '01M25PHY5GXDZJE91W9EXEHEAC'], 'home_team_id': ...E9GBW84N6DV1F4SH', 'rich_player_id': '01M25PHY19FQBPBHFQX5FGJW1Q', 'poor_player_id': '01M25PHY1EDG3VKCKRQMHT99F1', ...}

    def test_la_colonne_spp_de_la_liste_est_le_solde_pas_le_cumul(page: Page, space_id, spp_ctx):
        """**Deux écrans, un seul chiffre.**
    
        `players_proj.spp` cumule les gains : `PlayerSkillPurchased` n'en retire
        rien, seuls les chemins d'annulation le font. La liste affichait donc le
        cumul quand la fiche du joueur affichait la réserve — un joueur ayant tout
        dépensé s'y lisait encore riche.
    
        Le test achète une compétence et vérifie les deux moitiés : la colonne
        **baisse**, et elle **égale** la réserve de la fiche. La seconde est la plus
        forte — une baisse seule passerait encore si les deux écrans divergeaient
        d'une constante.
        """
        player_id = spp_ctx["sheet_player_id"]
        team_id = spp_ctx["home_team_id"]
    
>       avant = _colonne_spp_de_la_feuille(page, space_id, team_id, player_id)
                ^^^^^^^^^^^^^^^^^^^^^^^^^^^^^^^^^^^^^^^^^^^^^^^^^^^^^^^^^^^^^^

test_player_spp_spending.py:427: 
_ _ _ _ _ _ _ _ _ _ _ _ _ _ _ _ _ _ _ _ _ _ _ _ _ _ _ _ _ _ _ _ _ _ _ _ _ _ _ _ 
test_player_spp_spending.py:405: in _colonne_spp_de_la_feuille
    page.goto(f"{BASE_URL}/app/{space_id}/teams/{team_id}", wait_until="load")
.venv/lib/python3.12/site-packages/playwright/sync_api/_generated.py:9612: in goto
    self._sync(
.venv/lib/python3.12/site-packages/playwright/_impl/_page.py:557: in goto
    return await self._main_frame.goto(**locals_to_params(locals()))
           ^^^^^^^^^^^^^^^^^^^^^^^^^^^^^^^^^^^^^^^^^^^^^^^^^^^^^^^^^
.venv/lib/python3.12/site-packages/playwright/_impl/_frame.py:156: in goto
    await self._channel.send(
.venv/lib/python3.12/site-packages/playwright/_impl/_connection.py:69: in send
    return await self._connection.wrap_api_call(
_ _ _ _ _ _ _ _ _ _ _ _ _ _ _ _ _ _ _ _ _ _ _ _ _ _ _ _ _ _ _ _ _ _ _ _ _ _ _ _ 

self = <playwright._impl._connection.Connection object at 0x107d56960>
cb = <function Channel.send.<locals>.<lambda> at 0x1088e6ac0>
is_internal = False, title = None

    async def wrap_api_call(
        self, cb: Callable[[], Any], is_internal: bool = False, title: str = None
    ) -> Any:
        if self._api_zone.get():
            return await cb()
        task = asyncio.current_task(self._loop)
        st: List[inspect.FrameInfo] = getattr(
            task, "__pw_stack__", None
        ) or inspect.stack(0)
    
        parsed_st = _extract_stack_trace_information_from_stack(st, is_internal, title)
        self._api_zone.set(parsed_st)
        try:
            return await cb()
        except Exception as error:
>           raise rewrite_error(error, f"{parsed_st['apiName']}: {error}") from None
E           playwright._impl._errors.Error: Page.goto: net::ERR_CONNECTION_REFUSED at http://localhost:3210/app/01M2116VWQRGDGFT62EBBW33CY/teams/01M25PHY0YE9GBW84N6DV1F4SH
E           Call log:
E             - navigating to "http://localhost:3210/app/01M2116VWQRGDGFT62EBBW33CY/teams/01M25PHY0YE9GBW84N6DV1F4SH", waiting until "load"

.venv/lib/python3.12/site-packages/playwright/_impl/_connection.py:559: Error
_______ test_une_page_sans_upload_ne_sort_pas_de_nos_domaines[chromium] ________

page = <Page url='about:blank'>, space_id = '01M2116VWQRGDGFT62EBBW33CY'

    def test_une_page_sans_upload_ne_sort_pas_de_nos_domaines(page: Page, space_id):
        """L'accueil n'a pas de champ d'upload : rien n'a à en sortir. C'est le test
        qui couvre le vendoring de Tom Select, d'Alpine et des polices."""
>       assert _tierces(page, "home", space_id) == []
               ^^^^^^^^^^^^^^^^^^^^^^^^^^^^^^^^

test_ressources_locales.py:49: 
_ _ _ _ _ _ _ _ _ _ _ _ _ _ _ _ _ _ _ _ _ _ _ _ _ _ _ _ _ _ _ _ _ _ _ _ _ _ _ _ 
test_ressources_locales.py:41: in _tierces
    page.goto(f"{BASE_URL}/app/{space_id}/{chemin}", wait_until="load")
.venv/lib/python3.12/site-packages/playwright/sync_api/_generated.py:9612: in goto
    self._sync(
.venv/lib/python3.12/site-packages/playwright/_impl/_page.py:557: in goto
    return await self._main_frame.goto(**locals_to_params(locals()))
           ^^^^^^^^^^^^^^^^^^^^^^^^^^^^^^^^^^^^^^^^^^^^^^^^^^^^^^^^^
.venv/lib/python3.12/site-packages/playwright/_impl/_frame.py:156: in goto
    await self._channel.send(
.venv/lib/python3.12/site-packages/playwright/_impl/_connection.py:69: in send
    return await self._connection.wrap_api_call(
_ _ _ _ _ _ _ _ _ _ _ _ _ _ _ _ _ _ _ _ _ _ _ _ _ _ _ _ _ _ _ _ _ _ _ _ _ _ _ _ 

self = <playwright._impl._connection.Connection object at 0x107d56960>
cb = <function Channel.send.<locals>.<lambda> at 0x108b08900>
is_internal = False, title = None

    async def wrap_api_call(
        self, cb: Callable[[], Any], is_internal: bool = False, title: str = None
    ) -> Any:
        if self._api_zone.get():
            return await cb()
        task = asyncio.current_task(self._loop)
        st: List[inspect.FrameInfo] = getattr(
            task, "__pw_stack__", None
        ) or inspect.stack(0)
    
        parsed_st = _extract_stack_trace_information_from_stack(st, is_internal, title)
        self._api_zone.set(parsed_st)
        try:
            return await cb()
        except Exception as error:
>           raise rewrite_error(error, f"{parsed_st['apiName']}: {error}") from None
E           playwright._impl._errors.Error: Page.goto: net::ERR_CONNECTION_REFUSED at http://localhost:3210/app/01M2116VWQRGDGFT62EBBW33CY/home
E           Call log:
E             - navigating to "http://localhost:3210/app/01M2116VWQRGDGFT62EBBW33CY/home", waiting until "load"

.venv/lib/python3.12/site-packages/playwright/_impl/_connection.py:559: Error
_ test_le_chargeur_cloudinary_reste_cantonne_a_la_page_qui_l_utilise[chromium] _

page = <Page url='about:blank'>, space_id = '01M2116VWQRGDGFT62EBBW33CY'

    def test_le_chargeur_cloudinary_reste_cantonne_a_la_page_qui_l_utilise(page: Page, space_id):
        """Sur la page qui porte le champ, le widget se charge — et n'amène que ce
        qu'on lui connaît."""
>       vues = _tierces(page, "team/create", space_id)
               ^^^^^^^^^^^^^^^^^^^^^^^^^^^^^^^^^^^^^^^

test_ressources_locales.py:55: 
_ _ _ _ _ _ _ _ _ _ _ _ _ _ _ _ _ _ _ _ _ _ _ _ _ _ _ _ _ _ _ _ _ _ _ _ _ _ _ _ 
test_ressources_locales.py:41: in _tierces
    page.goto(f"{BASE_URL}/app/{space_id}/{chemin}", wait_until="load")
.venv/lib/python3.12/site-packages/playwright/sync_api/_generated.py:9612: in goto
    self._sync(
.venv/lib/python3.12/site-packages/playwright/_impl/_page.py:557: in goto
    return await self._main_frame.goto(**locals_to_params(locals()))
           ^^^^^^^^^^^^^^^^^^^^^^^^^^^^^^^^^^^^^^^^^^^^^^^^^^^^^^^^^
.venv/lib/python3.12/site-packages/playwright/_impl/_frame.py:156: in goto
    await self._channel.send(
.venv/lib/python3.12/site-packages/playwright/_impl/_connection.py:69: in send
    return await self._connection.wrap_api_call(
_ _ _ _ _ _ _ _ _ _ _ _ _ _ _ _ _ _ _ _ _ _ _ _ _ _ _ _ _ _ _ _ _ _ _ _ _ _ _ _ 

self = <playwright._impl._connection.Connection object at 0x107d56960>
cb = <function Channel.send.<locals>.<lambda> at 0x108a45800>
is_internal = False, title = None

    async def wrap_api_call(
        self, cb: Callable[[], Any], is_internal: bool = False, title: str = None
    ) -> Any:
        if self._api_zone.get():
            return await cb()
        task = asyncio.current_task(self._loop)
        st: List[inspect.FrameInfo] = getattr(
            task, "__pw_stack__", None
        ) or inspect.stack(0)
    
        parsed_st = _extract_stack_trace_information_from_stack(st, is_internal, title)
        self._api_zone.set(parsed_st)
        try:
            return await cb()
        except Exception as error:
>           raise rewrite_error(error, f"{parsed_st['apiName']}: {error}") from None
E           playwright._impl._errors.Error: Page.goto: net::ERR_CONNECTION_REFUSED at http://localhost:3210/app/01M2116VWQRGDGFT62EBBW33CY/team/create
E           Call log:
E             - navigating to "http://localhost:3210/app/01M2116VWQRGDGFT62EBBW33CY/team/create", waiting until "load"

.venv/lib/python3.12/site-packages/playwright/_impl/_connection.py:559: Error
____ test_le_champ_d_upload_s_ouvre_malgre_le_chargement_differe[chromium] _____

page = <Page url='about:blank'>, space_id = '01M2116VWQRGDGFT62EBBW33CY'

    def test_le_champ_d_upload_s_ouvre_malgre_le_chargement_differe(page: Page, space_id):
        """Le point fragile du chargement à la demande : `all.js` n'est plus là
        quand le script en ligne du champ s'exécute. Son corps est donc différé
        jusqu'à ce que `cloudinary` existe — si ce report casse, la zone devient
        muette au clic, et **aucun test de réseau ne le verrait**."""
>       page.goto(f"{BASE_URL}/app/{space_id}/team/create", wait_until="load")

test_ressources_locales.py:69: 
_ _ _ _ _ _ _ _ _ _ _ _ _ _ _ _ _ _ _ _ _ _ _ _ _ _ _ _ _ _ _ _ _ _ _ _ _ _ _ _ 
.venv/lib/python3.12/site-packages/playwright/sync_api/_generated.py:9612: in goto
    self._sync(
.venv/lib/python3.12/site-packages/playwright/_impl/_page.py:557: in goto
    return await self._main_frame.goto(**locals_to_params(locals()))
           ^^^^^^^^^^^^^^^^^^^^^^^^^^^^^^^^^^^^^^^^^^^^^^^^^^^^^^^^^
.venv/lib/python3.12/site-packages/playwright/_impl/_frame.py:156: in goto
    await self._channel.send(
.venv/lib/python3.12/site-packages/playwright/_impl/_connection.py:69: in send
    return await self._connection.wrap_api_call(
_ _ _ _ _ _ _ _ _ _ _ _ _ _ _ _ _ _ _ _ _ _ _ _ _ _ _ _ _ _ _ _ _ _ _ _ _ _ _ _ 

self = <playwright._impl._connection.Connection object at 0x107d56960>
cb = <function Channel.send.<locals>.<lambda> at 0x108759300>
is_internal = False, title = None

    async def wrap_api_call(
        self, cb: Callable[[], Any], is_internal: bool = False, title: str = None
    ) -> Any:
        if self._api_zone.get():
            return await cb()
        task = asyncio.current_task(self._loop)
        st: List[inspect.FrameInfo] = getattr(
            task, "__pw_stack__", None
        ) or inspect.stack(0)
    
        parsed_st = _extract_stack_trace_information_from_stack(st, is_internal, title)
        self._api_zone.set(parsed_st)
        try:
            return await cb()
        except Exception as error:
>           raise rewrite_error(error, f"{parsed_st['apiName']}: {error}") from None
E           playwright._impl._errors.Error: Page.goto: net::ERR_CONNECTION_REFUSED at http://localhost:3210/app/01M2116VWQRGDGFT62EBBW33CY/team/create
E           Call log:
E             - navigating to "http://localhost:3210/app/01M2116VWQRGDGFT62EBBW33CY/team/create", waiting until "load"

.venv/lib/python3.12/site-packages/playwright/_impl/_connection.py:559: Error
_________________ test_fixed_rules_display_as_chips[chromium] __________________

page = <Page url='about:blank'>, space_id = '01M2116VWQRGDGFT62EBBW33CY'
competition_create_url = 'http://localhost:3210/app/01M2116VWQRGDGFT62EBBW33CY/competitions/create'

    def test_fixed_rules_display_as_chips(page: Page, space_id, competition_create_url):
>       competition_name = _create_minimal_competition(page, competition_create_url)
                           ^^^^^^^^^^^^^^^^^^^^^^^^^^^^^^^^^^^^^^^^^^^^^^^^^^^^^^^^^

test_special_rule_selector.py:111: 
_ _ _ _ _ _ _ _ _ _ _ _ _ _ _ _ _ _ _ _ _ _ _ _ _ _ _ _ _ _ _ _ _ _ _ _ _ _ _ _ 
test_special_rule_selector.py:45: in _create_minimal_competition
    return create_full_competition(page, competition_create_url, num_rounds=1, tier_xp=0)["name"]
           ^^^^^^^^^^^^^^^^^^^^^^^^^^^^^^^^^^^^^^^^^^^^^^^^^^^^^^^^^^^^^^^^^^^^^^^^^^^^^^
competition_lifecycle.py:114: in create_full_competition
    page.goto(competition_create_url, wait_until="load")
.venv/lib/python3.12/site-packages/playwright/sync_api/_generated.py:9612: in goto
    self._sync(
.venv/lib/python3.12/site-packages/playwright/_impl/_page.py:557: in goto
    return await self._main_frame.goto(**locals_to_params(locals()))
           ^^^^^^^^^^^^^^^^^^^^^^^^^^^^^^^^^^^^^^^^^^^^^^^^^^^^^^^^^
.venv/lib/python3.12/site-packages/playwright/_impl/_frame.py:156: in goto
    await self._channel.send(
.venv/lib/python3.12/site-packages/playwright/_impl/_connection.py:69: in send
    return await self._connection.wrap_api_call(
_ _ _ _ _ _ _ _ _ _ _ _ _ _ _ _ _ _ _ _ _ _ _ _ _ _ _ _ _ _ _ _ _ _ _ _ _ _ _ _ 

self = <playwright._impl._connection.Connection object at 0x107d56960>
cb = <function Channel.send.<locals>.<lambda> at 0x108967ce0>
is_internal = False, title = None

    async def wrap_api_call(
        self, cb: Callable[[], Any], is_internal: bool = False, title: str = None
    ) -> Any:
        if self._api_zone.get():
            return await cb()
        task = asyncio.current_task(self._loop)
        st: List[inspect.FrameInfo] = getattr(
            task, "__pw_stack__", None
        ) or inspect.stack(0)
    
        parsed_st = _extract_stack_trace_information_from_stack(st, is_internal, title)
        self._api_zone.set(parsed_st)
        try:
            return await cb()
        except Exception as error:
>           raise rewrite_error(error, f"{parsed_st['apiName']}: {error}") from None
E           playwright._impl._errors.Error: Page.goto: net::ERR_CONNECTION_REFUSED at http://localhost:3210/app/01M2116VWQRGDGFT62EBBW33CY/competitions/create
E           Call log:
E             - navigating to "http://localhost:3210/app/01M2116VWQRGDGFT62EBBW33CY/competitions/create", waiting until "load"

.venv/lib/python3.12/site-packages/playwright/_impl/_connection.py:559: Error
_______________ test_no_rule_roster_shows_none_message[chromium] _______________

page = <Page url='about:blank'>, space_id = '01M2116VWQRGDGFT62EBBW33CY'
competition_create_url = 'http://localhost:3210/app/01M2116VWQRGDGFT62EBBW33CY/competitions/create'

    def test_no_rule_roster_shows_none_message(page: Page, space_id, competition_create_url):
>       competition_name = _create_minimal_competition(page, competition_create_url)
                           ^^^^^^^^^^^^^^^^^^^^^^^^^^^^^^^^^^^^^^^^^^^^^^^^^^^^^^^^^

test_special_rule_selector.py:130: 
_ _ _ _ _ _ _ _ _ _ _ _ _ _ _ _ _ _ _ _ _ _ _ _ _ _ _ _ _ _ _ _ _ _ _ _ _ _ _ _ 
test_special_rule_selector.py:45: in _create_minimal_competition
    return create_full_competition(page, competition_create_url, num_rounds=1, tier_xp=0)["name"]
           ^^^^^^^^^^^^^^^^^^^^^^^^^^^^^^^^^^^^^^^^^^^^^^^^^^^^^^^^^^^^^^^^^^^^^^^^^^^^^^
competition_lifecycle.py:114: in create_full_competition
    page.goto(competition_create_url, wait_until="load")
.venv/lib/python3.12/site-packages/playwright/sync_api/_generated.py:9612: in goto
    self._sync(
.venv/lib/python3.12/site-packages/playwright/_impl/_page.py:557: in goto
    return await self._main_frame.goto(**locals_to_params(locals()))
           ^^^^^^^^^^^^^^^^^^^^^^^^^^^^^^^^^^^^^^^^^^^^^^^^^^^^^^^^^
.venv/lib/python3.12/site-packages/playwright/_impl/_frame.py:156: in goto
    await self._channel.send(
.venv/lib/python3.12/site-packages/playwright/_impl/_connection.py:69: in send
    return await self._connection.wrap_api_call(
_ _ _ _ _ _ _ _ _ _ _ _ _ _ _ _ _ _ _ _ _ _ _ _ _ _ _ _ _ _ _ _ _ _ _ _ _ _ _ _ 

self = <playwright._impl._connection.Connection object at 0x107d56960>
cb = <function Channel.send.<locals>.<lambda> at 0x108966c00>
is_internal = False, title = None

    async def wrap_api_call(
        self, cb: Callable[[], Any], is_internal: bool = False, title: str = None
    ) -> Any:
        if self._api_zone.get():
            return await cb()
        task = asyncio.current_task(self._loop)
        st: List[inspect.FrameInfo] = getattr(
            task, "__pw_stack__", None
        ) or inspect.stack(0)
    
        parsed_st = _extract_stack_trace_information_from_stack(st, is_internal, title)
        self._api_zone.set(parsed_st)
        try:
            return await cb()
        except Exception as error:
>           raise rewrite_error(error, f"{parsed_st['apiName']}: {error}") from None
E           playwright._impl._errors.Error: Page.goto: net::ERR_CONNECTION_REFUSED at http://localhost:3210/app/01M2116VWQRGDGFT62EBBW33CY/competitions/create
E           Call log:
E             - navigating to "http://localhost:3210/app/01M2116VWQRGDGFT62EBBW33CY/competitions/create", waiting until "load"

.venv/lib/python3.12/site-packages/playwright/_impl/_connection.py:559: Error
____________ test_choice_roster_keeps_interactive_select[chromium] _____________

page = <Page url='about:blank'>, space_id = '01M2116VWQRGDGFT62EBBW33CY'
competition_create_url = 'http://localhost:3210/app/01M2116VWQRGDGFT62EBBW33CY/competitions/create'

    def test_choice_roster_keeps_interactive_select(page: Page, space_id, competition_create_url):
>       competition_name = _create_minimal_competition(page, competition_create_url)
                           ^^^^^^^^^^^^^^^^^^^^^^^^^^^^^^^^^^^^^^^^^^^^^^^^^^^^^^^^^

test_special_rule_selector.py:141: 
_ _ _ _ _ _ _ _ _ _ _ _ _ _ _ _ _ _ _ _ _ _ _ _ _ _ _ _ _ _ _ _ _ _ _ _ _ _ _ _ 
test_special_rule_selector.py:45: in _create_minimal_competition
    return create_full_competition(page, competition_create_url, num_rounds=1, tier_xp=0)["name"]
           ^^^^^^^^^^^^^^^^^^^^^^^^^^^^^^^^^^^^^^^^^^^^^^^^^^^^^^^^^^^^^^^^^^^^^^^^^^^^^^
competition_lifecycle.py:114: in create_full_competition
    page.goto(competition_create_url, wait_until="load")
.venv/lib/python3.12/site-packages/playwright/sync_api/_generated.py:9612: in goto
    self._sync(
.venv/lib/python3.12/site-packages/playwright/_impl/_page.py:557: in goto
    return await self._main_frame.goto(**locals_to_params(locals()))
           ^^^^^^^^^^^^^^^^^^^^^^^^^^^^^^^^^^^^^^^^^^^^^^^^^^^^^^^^^
.venv/lib/python3.12/site-packages/playwright/_impl/_frame.py:156: in goto
    await self._channel.send(
.venv/lib/python3.12/site-packages/playwright/_impl/_connection.py:69: in send
    return await self._connection.wrap_api_call(
_ _ _ _ _ _ _ _ _ _ _ _ _ _ _ _ _ _ _ _ _ _ _ _ _ _ _ _ _ _ _ _ _ _ _ _ _ _ _ _ 

self = <playwright._impl._connection.Connection object at 0x107d56960>
cb = <function Channel.send.<locals>.<lambda> at 0x108a45c60>
is_internal = False, title = None

    async def wrap_api_call(
        self, cb: Callable[[], Any], is_internal: bool = False, title: str = None
    ) -> Any:
        if self._api_zone.get():
            return await cb()
        task = asyncio.current_task(self._loop)
        st: List[inspect.FrameInfo] = getattr(
            task, "__pw_stack__", None
        ) or inspect.stack(0)
    
        parsed_st = _extract_stack_trace_information_from_stack(st, is_internal, title)
        self._api_zone.set(parsed_st)
        try:
            return await cb()
        except Exception as error:
>           raise rewrite_error(error, f"{parsed_st['apiName']}: {error}") from None
E           playwright._impl._errors.Error: Page.goto: net::ERR_CONNECTION_REFUSED at http://localhost:3210/app/01M2116VWQRGDGFT62EBBW33CY/competitions/create
E           Call log:
E             - navigating to "http://localhost:3210/app/01M2116VWQRGDGFT62EBBW33CY/competitions/create", waiting until "load"

.venv/lib/python3.12/site-packages/playwright/_impl/_connection.py:559: Error
____ test_finalize_blocked_when_choice_roster_has_no_special_rule[chromium] ____

page = <Page url='about:blank'>, space_id = '01M2116VWQRGDGFT62EBBW33CY'
competition_create_url = 'http://localhost:3210/app/01M2116VWQRGDGFT62EBBW33CY/competitions/create'

    def test_finalize_blocked_when_choice_roster_has_no_special_rule(
        page: Page, space_id, competition_create_url
    ):
>       competition_name = _create_minimal_competition(page, competition_create_url)
                           ^^^^^^^^^^^^^^^^^^^^^^^^^^^^^^^^^^^^^^^^^^^^^^^^^^^^^^^^^

test_special_rule_selector.py:157: 
_ _ _ _ _ _ _ _ _ _ _ _ _ _ _ _ _ _ _ _ _ _ _ _ _ _ _ _ _ _ _ _ _ _ _ _ _ _ _ _ 
test_special_rule_selector.py:45: in _create_minimal_competition
    return create_full_competition(page, competition_create_url, num_rounds=1, tier_xp=0)["name"]
           ^^^^^^^^^^^^^^^^^^^^^^^^^^^^^^^^^^^^^^^^^^^^^^^^^^^^^^^^^^^^^^^^^^^^^^^^^^^^^^
competition_lifecycle.py:114: in create_full_competition
    page.goto(competition_create_url, wait_until="load")
.venv/lib/python3.12/site-packages/playwright/sync_api/_generated.py:9612: in goto
    self._sync(
.venv/lib/python3.12/site-packages/playwright/_impl/_page.py:557: in goto
    return await self._main_frame.goto(**locals_to_params(locals()))
           ^^^^^^^^^^^^^^^^^^^^^^^^^^^^^^^^^^^^^^^^^^^^^^^^^^^^^^^^^
.venv/lib/python3.12/site-packages/playwright/_impl/_frame.py:156: in goto
    await self._channel.send(
.venv/lib/python3.12/site-packages/playwright/_impl/_connection.py:69: in send
    return await self._connection.wrap_api_call(
_ _ _ _ _ _ _ _ _ _ _ _ _ _ _ _ _ _ _ _ _ _ _ _ _ _ _ _ _ _ _ _ _ _ _ _ _ _ _ _ 

self = <playwright._impl._connection.Connection object at 0x107d56960>
cb = <function Channel.send.<locals>.<lambda> at 0x1087959e0>
is_internal = False, title = None

    async def wrap_api_call(
        self, cb: Callable[[], Any], is_internal: bool = False, title: str = None
    ) -> Any:
        if self._api_zone.get():
            return await cb()
        task = asyncio.current_task(self._loop)
        st: List[inspect.FrameInfo] = getattr(
            task, "__pw_stack__", None
        ) or inspect.stack(0)
    
        parsed_st = _extract_stack_trace_information_from_stack(st, is_internal, title)
        self._api_zone.set(parsed_st)
        try:
            return await cb()
        except Exception as error:
>           raise rewrite_error(error, f"{parsed_st['apiName']}: {error}") from None
E           playwright._impl._errors.Error: Page.goto: net::ERR_CONNECTION_REFUSED at http://localhost:3210/app/01M2116VWQRGDGFT62EBBW33CY/competitions/create
E           Call log:
E             - navigating to "http://localhost:3210/app/01M2116VWQRGDGFT62EBBW33CY/competitions/create", waiting until "load"

.venv/lib/python3.12/site-packages/playwright/_impl/_connection.py:559: Error
=========================== short test summary info ============================
FAILED test_player_spp_spending.py::test_une_competence_elite_ajoute_dix_kpo_de_plus_qu_une_standard[chromium]
FAILED test_player_spp_spending.py::test_la_colonne_spp_de_la_liste_est_le_solde_pas_le_cumul[chromium]
FAILED test_ressources_locales.py::test_une_page_sans_upload_ne_sort_pas_de_nos_domaines[chromium]
FAILED test_ressources_locales.py::test_le_chargeur_cloudinary_reste_cantonne_a_la_page_qui_l_utilise[chromium]
FAILED test_ressources_locales.py::test_le_champ_d_upload_s_ouvre_malgre_le_chargement_differe[chromium]
FAILED test_special_rule_selector.py::test_fixed_rules_display_as_chips[chromium]
FAILED test_special_rule_selector.py::test_no_rule_roster_shows_none_message[chromium]
FAILED test_special_rule_selector.py::test_choice_roster_keeps_interactive_select[chromium]
FAILED test_special_rule_selector.py::test_finalize_blocked_when_choice_roster_has_no_special_rule[chromium]
ERROR test_journeyman_recruitment.py::test_le_journalier_n_apparait_qu_une_fois_a_la_saisie[chromium]
ERROR test_player_availability_after_injury.py::test_un_joueur_blesse_en_match_manque_le_match_suivant[chromium]
ERROR test_player_availability_after_injury.py::test_le_joueur_indisponible_est_barre_dans_la_liste[chromium]
ERROR test_player_availability_after_injury.py::test_les_autres_joueurs_ne_sont_pas_barres[chromium]
ERROR test_player_availability_after_injury.py::test_le_repere_se_reduit_a_son_icone_en_mobile[chromium]
ERROR test_player_spp_spending.py::test_une_competence_elite_ajoute_dix_kpo_de_plus_qu_une_standard[chromium]
ERROR test_presences_tab.py::test_l_onglet_presences_s_ouvre_en_chargement_complet[chromium]
ERROR test_presences_tab.py::test_l_onglet_est_atteignable_depuis_le_calendrier_par_htmx[chromium]
ERROR test_presences_tab.py::test_la_barre_laterale_liste_les_journees_de_la_saison[chromium]
ERROR test_presences_tab.py::test_le_panneau_invite_a_choisir_une_journee[chromium]
ERROR test_presences_tab.py::test_choisir_une_journee_montre_l_etat_aucun_sondage[chromium]
ERROR test_presences_tab.py::test_un_membre_simple_est_refuse_sur_l_onglet_et_ses_fragments[chromium-]
ERROR test_presences_tab.py::test_un_succes_rend_un_corps_vide_et_declenche_presence_changed[chromium]
ERROR test_presences_tab.py::test_un_refus_metier_rend_le_panneau_avec_son_motif[chromium]
ERROR test_ranking_bonus.py::test_aggressive_bonus_reflected_in_standings[chromium]
ERROR test_ranking_tiebreak.py::test_first_criterion_orders_teams_tied_on_points[chromium]
ERROR test_ranking_tiebreak.py::test_teams_equal_on_every_criterion_share_a_rank_and_the_next_one_skips[chromium]
ERROR test_ranking_tiebreak.py::test_every_team_ranked_first_gets_the_trophy[chromium]
ERROR test_rapport_manuel_visible.py::test_un_rapport_en_cours_apparait_aux_resultats[chromium]
ERROR test_recruitment_phase.py::test_01_banniere_ouvre_le_catalogue[chromium]
ERROR test_recruitment_phase.py::test_02_ajouter_un_joueur[chromium] - playwr...
ERROR test_recruitment_phase.py::test_03_retirer_la_ligne[chromium] - playwri...
ERROR test_recruitment_phase.py::test_09_le_panier_survit_a_la_navigation[chromium]
ERROR test_recruitment_phase.py::test_11_panier_repliable_en_mobile[chromium]
ERROR test_recruitment_phase.py::test_05_quota_de_poste_atteint[chromium] - p...
ERROR test_recruitment_phase.py::test_07_relance_au_double_du_prix_de_base[chromium]
ERROR test_recruitment_phase.py::test_04_tresorerie_insuffisante_ne_debite_rien[chromium]
ERROR test_recruitment_phase.py::test_06_roster_sans_apothicaire[chromium] - ...
ERROR test_recruitment_phase.py::test_08_valider_debite_et_cree_les_joueurs[chromium]
ERROR test_recruitment_phase.py::test_10_grand_livre_une_ligne_par_achat[chromium]
ERROR test_roster_edition.py::test_renommage_persiste_apres_rechargement[chromium]
ERROR test_roster_edition.py::test_renumerotation_persiste[chromium] - playwr...
ERROR test_roster_edition.py::test_numero_vide_affiche_un_tiret[chromium] - p...
ERROR test_roster_edition.py::test_reordonnancement_persiste[chromium] - play...
ERROR test_roster_edition.py::test_doublon_bloque_sans_requete_reseau[chromium]
ERROR test_roster_edition.py::test_numero_d_un_renvoye_est_reattribuable[chromium]
ERROR test_roster_edition.py::test_membre_sans_droit_est_refuse[chromium] - p...
ERROR test_roster_edition.py::test_un_coach_tiers_ne_voit_pas_le_bouton_d_edition[chromium]
ERROR test_saison_non_finalisee.py::test_une_saison_non_finalisee_refuse_la_creation[chromium]
ERROR test_saison_non_finalisee.py::test_la_saison_redevient_joignable_une_fois_prete[chromium]
ERROR test_saison_non_finalisee.py::test_une_equipe_commencee_avant_ne_peut_pas_etre_soumise[chromium]
ERROR test_space_admin_ajout_direct.py::test_un_seul_caractere_reste_sous_le_seuil[chromium]
ERROR test_space_admin_ajout_direct.py::test_un_pseudo_inexistant_propose_de_creer_un_compte[chromium]
ERROR test_space_admin_ajout_direct.py::test_un_coach_de_la_plateforme_est_proposé_avec_son_email_masqué[chromium]
ERROR test_space_admin_ajout_direct.py::test_un_membre_de_l_espace_porte_son_badge_et_aucun_bouton[chromium]
ERROR test_space_admin_ajout_direct.py::test_ajouter_un_coach_le_fait_passer_membre_et_apparaitre_au_journal[chromium]
ERROR test_space_admin_ajout_direct.py::test_retirer_depuis_le_journal_le_sort_de_l_espace[chromium]
ERROR test_space_admin_ajout_direct.py::test_creer_un_compte_et_ajouter_de_bout_en_bout[chromium]
ERROR test_space_admin_ajout_direct.py::test_un_membre_simple_ne_peut_pas_ouvrir_l_onglet[chromium]
ERROR test_space_admin_membres.py::test_la_page_presente_ses_trois_onglets[chromium]
ERROR test_space_admin_membres.py::test_la_liste_affiche_pseudo_email_masque_et_role[chromium]
ERROR test_space_admin_membres.py::test_sa_propre_ligne_n_est_ni_modifiable_ni_retirable[chromium]
ERROR test_space_admin_membres.py::test_la_recherche_filtre_sans_requete[chromium]
ERROR test_space_admin_membres.py::test_promouvoir_un_membre_rerend_sa_ligne[chromium]
ERROR test_space_admin_membres.py::test_promouvoir_puis_retrograder_ramene_l_etat_initial[chromium]
ERROR test_space_admin_membres.py::test_retirer_un_membre_fait_disparaitre_sa_ligne[chromium]
ERROR test_space_admin_membres.py::test_le_bouton_de_reinitialisation_bascule_apres_envoi[chromium]
ERROR test_space_admin_membres.py::test_les_compteurs_suivent_une_promotion_sans_rechargement[chromium]
ERROR test_space_admin_membres.py::test_un_membre_simple_ne_peut_pas_ouvrir_la_page[chromium]
ERROR test_spp_scale.py::test_01_les_brutes_bagarreuses_valorisent_la_sortie_plus_que_l_essai[chromium]
ERROR test_spp_scale.py::test_02_le_bareme_ordinaire_reste_inchange[chromium]
ERROR test_spp_scale.py::test_03_les_deux_camps_ne_gagnent_pas_les_memes_spp_par_action[chromium]
ERROR test_team_detail_state_banner.py::test_match_reporting_banner_resume_link_navigates[chromium]
ERROR test_team_detail_state_banner.py::test_player_improvement_banner_validates_to_recruitment[chromium]
ERROR test_team_detail_state_banner.py::test_recruitment_banner_leads_to_the_recruitment_page[chromium]
ERROR test_team_detail_state_banner.py::test_dismissals_banner_leads_to_the_dismissals_page[chromium]
ERROR test_team_matches.py::test_l_onglet_matchs_liste_les_matchs_de_l_equipe[chromium]
ERROR test_team_matches.py::test_le_prochain_match_apparait_en_tete[chromium]
ERROR test_team_matches.py::test_le_coach_de_l_equipe_peut_ouvrir_le_rapport[chromium]
ERROR test_team_matches.py::test_un_visiteur_ne_voit_pas_le_lien_du_rapport[chromium]
ERROR test_team_matches.py::test_une_equipe_sans_match_affiche_l_etat_vide[chromium]
ERROR test_team_matches.py::test_le_bloc_de_match_reste_correct_sur_la_page_competition[chromium]
ERROR test_team_treasury_tab.py::test_l_onglet_tresorerie_s_ouvre_et_affiche_le_releve[chromium]
ERROR test_team_treasury_tab.py::test_l_url_de_tresorerie_se_charge_directement[chromium]
ERROR test_team_treasury_tab.py::test_le_solde_du_releve_egale_celui_de_l_en_tete[chromium]
ERROR test_team_treasury_tab.py::test_une_equipe_neuve_affiche_le_bloc_sans_mouvement[chromium]
ERROR test_team_treasury_tab.py::test_le_releve_montre_le_recrutement_qui_vient_d_etre_fait[chromium]
ERROR test_team_treasury_tab.py::test_l_onglet_joueurs_reste_accessible_apres_un_aller_retour[chromium]
ERROR test_competition_admin_settings.py::test_un_membre_simple_est_refuse_en_lecture[chromium-general]
ERROR test_competition_admin_settings.py::test_un_membre_simple_est_refuse_en_ecriture[chromium-ranking]
ERROR test_competition_admin_settings.py::test_aucun_panneau_ne_fait_regresser_la_saison[chromium-ranking]
ERROR test_competition_settings_visibility.py::test_une_valeur_inconnue_est_refusee_sans_rien_ecrire[chromium-requires_validation-peut-etre]
ERROR test_manual_ranking_points.py::test_le_bouton_de_gestion_est_habille[chromium-detaille]
ERROR test_manual_ranking_points.py::test_le_bouton_de_gestion_precede_le_classement[chromium-detaille]
ERROR test_presences_tab.py::test_un_membre_simple_est_refuse_sur_l_onglet_et_ses_fragments[chromium-/rounds]
ERROR test_competition_admin_settings.py::test_un_membre_simple_est_refuse_en_lecture[chromium-ranking]
ERROR test_competition_admin_settings.py::test_un_membre_simple_est_refuse_en_ecriture[chromium-pools]
ERROR test_competition_admin_settings.py::test_aucun_panneau_ne_fait_regresser_la_saison[chromium-pools]
ERROR test_presences_tab.py::test_un_membre_simple_est_refuse_sur_l_onglet_et_ses_fragments[chromium-/panel]
ERROR test_competition_admin_settings.py::test_un_membre_simple_est_refuse_en_lecture[chromium-pools]
ERROR test_competition_admin_settings.py::test_un_membre_simple_est_refuse_en_ecriture[chromium-tiers]
ERROR test_competition_admin_settings.py::test_aucun_panneau_ne_fait_regresser_la_saison[chromium-tiers]
ERROR test_competition_admin_settings.py::test_un_membre_simple_est_refuse_en_lecture[chromium-tiers]
ERROR test_competition_admin_settings.py::test_un_membre_simple_est_refuse_en_ecriture[chromium-visibility]
ERROR test_competition_admin_settings.py::test_aucun_panneau_ne_fait_regresser_la_saison[chromium-visibility]
ERROR test_competition_admin_settings.py::test_un_membre_simple_est_refuse_en_lecture[chromium-visibility]
======= 9 failed, 282 passed, 7 skipped, 96 errors in 465.78s (0:07:45) ========
